sprite,surface,pelvis_x,hip_y,thigh_root,thigh,knee,calf,ankle,source_hash,evidence
class_cleric_model_down,HIDDEN_BY_ROBE,96.0,78,10.997449999999997,11.666859999999998,8.128549999999999,9.562999999999999,8.128549999999999,ca033be2,1/5 contour landmarks visible; covered anatomy inferred
class_cleric_model_down_left,HIDDEN_BY_ROBE,96.0,78,10.997449999999997,11.666859999999998,8.128549999999999,9.562999999999999,6.215949999999999,23ca8575,0/5 contour landmarks visible; covered anatomy inferred
class_cleric_model_left,HIDDEN_BY_ROBE,97.0,78,10.997449999999997,11.666859999999998,8.128549999999999,9.562999999999999,8.128549999999999,e59cc795,1/5 contour landmarks visible; covered anatomy inferred
class_cleric_model_up_left,HIDDEN_BY_ROBE,97.0,78,10.997449999999997,11.666859999999998,8.128549999999999,9.562999999999999,6.215949999999999,339000c5,0/5 contour landmarks visible; covered anatomy inferred
class_cleric_model_up,HIDDEN_BY_ROBE,96.0,78,10.997449999999997,11.666859999999998,8.128549999999999,9.562999999999999,6.215949999999999,f7fde04d,0/5 contour landmarks visible; covered anatomy inferred
class_cleric_model_up_right,HIDDEN_BY_ROBE,95.0,78,10.997449999999997,11.666859999999998,8.128549999999999,9.562999999999999,6.215949999999999,34f55a0f,0/5 contour landmarks visible; covered anatomy inferred
class_cleric_model_right,HIDDEN_BY_ROBE,97.0,78,10.997449999999997,11.666859999999998,8.128549999999999,9.562999999999999,8.128549999999999,5277428f,1/5 contour landmarks visible; covered anatomy inferred
class_cleric_model_down_right,HIDDEN_BY_ROBE,96.0,78,10.997449999999997,11.666859999999998,8.128549999999999,9.562999999999999,6.215949999999999,285411aa,0/5 contour landmarks visible; covered anatomy inferred
class_knight_model_down,ARMOR,95.0,78,13.859799999999998,14.703439999999999,11.11111111111111,11.11111111111111,6.666666666666666,de4b1572,3/5 contour landmarks visible; source row spans
class_knight_model_down_left,ARMOR,91.0,78,13.859799999999998,14.703439999999999,10.2442,10.2442,10.2442,19607095,2/5 contour landmarks visible; source row spans
class_knight_model_left,ARMOR,93.0,78,13.859799999999998,14.703439999999999,10.2442,12.0,10.2442,1f8c5967,2/5 contour landmarks visible; source row spans
class_knight_model_up_left,ARMOR,93.0,78,13.859799999999998,14.703439999999999,10.2442,12.0,5.0,5b8b0e12,2/5 contour landmarks visible; source row spans
class_knight_model_up,ARMOR,96.0,78,13.859799999999998,14.703439999999999,12.0,12.0,6.666666666666666,bd247d4c,3/5 contour landmarks visible; source row spans
class_knight_model_up_right,ARMOR,99.0,78,13.859799999999998,14.703439999999999,10.2442,12.0,10.2442,548afcc3,2/5 contour landmarks visible; source row spans
class_knight_model_right,ARMOR,107.0,78,13.0,14.0,10.0,12.0,8.0,78f66792,4/5 contour landmarks visible; source row spans
class_knight_model_down_right,ARMOR,100.0,78,13.859799999999998,14.703439999999999,10.2442,12.0,10.2442,e13b8636,2/5 contour landmarks visible; source row spans
class_mage_model_down,HIDDEN_BY_ROBE,96.0,78,10.997449999999997,11.666859999999998,8.128549999999999,9.562999999999999,5.0,9c5d2c5e,1/5 contour landmarks visible; covered anatomy inferred
class_mage_model_down_left,HIDDEN_BY_ROBE,94.0,78,10.997449999999997,11.666859999999998,8.128549999999999,12.0,8.128549999999999,914866d,2/5 contour landmarks visible; covered anatomy inferred
class_mage_model_left,HIDDEN_BY_ROBE,94.0,79,10.913499999999999,11.5778,8.0665,9.49,8.0665,65ba3ac0,1/5 contour landmarks visible; covered anatomy inferred
class_mage_model_up_left,HIDDEN_BY_ROBE,94.0,78,10.997449999999997,11.666859999999998,8.128549999999999,9.562999999999999,8.128549999999999,38468ca5,1/5 contour landmarks visible; covered anatomy inferred
class_mage_model_up,HIDDEN_BY_ROBE,96.0,79,10.913499999999999,11.5778,8.0665,9.49,5.0,d6d99ec8,1/5 contour landmarks visible; covered anatomy inferred
class_mage_model_up_right,HIDDEN_BY_ROBE,96.0,78,10.997449999999997,11.666859999999998,8.128549999999999,9.562999999999999,8.128549999999999,79d83a9a,1/5 contour landmarks visible; covered anatomy inferred
class_mage_model_right,HIDDEN_BY_ROBE,98.0,78,10.0,11.0,8.0,9.0,6.0,9c1eba96,1/5 contour landmarks visible; covered anatomy inferred
class_mage_model_down_right,HIDDEN_BY_ROBE,99.0,78,10.997449999999997,11.666859999999998,8.128549999999999,12.0,8.128549999999999,47bd226d,2/5 contour landmarks visible; covered anatomy inferred
class_ranger_model_down,EXPOSED,94.0,78,8.0,9.0,7.0,7.0,5.0,bae9d306,5/5 contour landmarks visible; source row spans
class_ranger_model_down_left,EXPOSED,93.0,78,12.0,15.0,11.0,11.0,8.0,4061e322,5/5 contour landmarks visible; source row spans
class_ranger_model_left,EXPOSED,100.0,78,13.0,15.0,12.0,12.0,12.0,f57ca75b,5/5 contour landmarks visible; source row spans
class_ranger_model_up_left,HIDDEN_BY_ROBE,90.0,78,9.128549999999999,11.666859999999998,8.128549999999999,9.562999999999999,8.0,93dfcbf4,2/5 contour landmarks visible; covered anatomy inferred
class_ranger_model_up,HIDDEN_BY_ROBE,94.0,78,9.128549999999999,10.128549999999999,8.128549999999999,9.562999999999999,5.555555555555555,6f3dcd15,3/5 contour landmarks visible; covered anatomy inferred
class_ranger_model_up_right,HIDDEN_BY_ROBE,87.0,78,15.0,13.0,11.0,11.0,10.0,2ebfefd4,5/5 contour landmarks visible; covered anatomy inferred
class_ranger_model_right,EXPOSED,93.0,78,15.0,10.128549999999999,8.128549999999999,10.0,8.128549999999999,3d4d9cd0,4/5 contour landmarks visible; source row spans
class_ranger_model_down_right,EXPOSED,87.0,78,15.0,12.0,10.0,10.0,6.0,998c3cd,4/5 contour landmarks visible; source row spans
class_rogue_model_down,EXPOSED,98.0,78,8.0,9.0,7.0,7.0,5.0,255b6444,5/5 contour landmarks visible; source row spans
class_rogue_model_down_left,EXPOSED,97.0,78,13.0,9.0,7.0,9.0,5.0,b701fa6b,5/5 contour landmarks visible; source row spans
class_rogue_model_left,EXPOSED,95.0,78,13.0,14.0,12.0,12.0,7.0,bf277ed5,5/5 contour landmarks visible; source row spans
class_rogue_model_up_left,HIDDEN_BY_ROBE,94.0,78,15.0,11.666859999999998,8.128549999999999,8.128549999999999,8.128549999999999,18a4142c,3/5 contour landmarks visible; covered anatomy inferred
class_rogue_model_up,HIDDEN_BY_ROBE,95.0,78,10.997449999999997,11.666859999999998,8.128549999999999,8.128549999999999,5.555555555555555,e77c04c4,2/5 contour landmarks visible; covered anatomy inferred
class_rogue_model_up_right,HIDDEN_BY_ROBE,95.0,78,11.0,11.666859999999998,7.0,10.0,7.0,5f68b20,4/5 contour landmarks visible; covered anatomy inferred
class_rogue_model_right,EXPOSED,96.0,78,11.0,12.0,10.0,10.0,10.0,5b54cedc,5/5 contour landmarks visible; source row spans
class_rogue_model_down_right,EXPOSED,96.0,78,11.0,12.0,10.0,11.0,9.0,69f1f1b6,4/5 contour landmarks visible; source row spans
npc_aria_model_down,EXPOSED,94.0,78,10.997449999999997,11.666859999999998,8.128549999999999,8.333333333333334,7.777777777777778,30fab635,2/5 contour landmarks visible; source row spans
npc_aria_model_down_left,EXPOSED,94.0,78,10.997449999999997,11.666859999999998,8.128549999999999,12.0,8.128549999999999,962796a6,2/5 contour landmarks visible; source row spans
npc_aria_model_left,EXPOSED,96.0,78,10.997449999999997,11.666859999999998,8.128549999999999,9.562999999999999,8.128549999999999,8363873a,1/5 contour landmarks visible; source row spans
npc_aria_model_up_left,EXPOSED,99.0,78,10.997449999999997,15.0,7.0,9.562999999999999,7.0,2de41690,3/5 contour landmarks visible; source row spans
npc_aria_model_up,EXPOSED,97.0,78,10.997449999999997,11.666859999999998,8.128549999999999,12.0,8.128549999999999,1653f3b,2/5 contour landmarks visible; source row spans
npc_aria_model_up_right,EXPOSED,96.0,78,13.0,14.0,12.0,12.0,6.215949999999999,cd37653f,2/5 contour landmarks visible; source row spans
npc_aria_model_right,EXPOSED,95.0,78,10.997449999999997,11.666859999999998,8.128549999999999,9.562999999999999,8.128549999999999,28ba0203,1/5 contour landmarks visible; source row spans
npc_aria_model_down_right,EXPOSED,96.0,78,10.997449999999997,11.666859999999998,8.128549999999999,10.0,8.128549999999999,4e22dd0b,2/5 contour landmarks visible; source row spans
npc_baker_model_down,HIDDEN_BY_ROBE,96.0,78,10.997449999999997,11.666859999999998,8.128549999999999,9.562999999999999,5.555555555555555,a2a5bbe,1/5 contour landmarks visible; covered anatomy inferred
npc_baker_model_left,HIDDEN_BY_ROBE,91.0,78,10.997449999999997,11.666859999999998,8.128549999999999,9.562999999999999,6.215949999999999,e24a37f4,0/5 contour landmarks visible; covered anatomy inferred
npc_baker_model_up,HIDDEN_BY_ROBE,99.0,78,10.997449999999997,11.666859999999998,8.128549999999999,9.562999999999999,8.128549999999999,85b7062c,1/5 contour landmarks visible; covered anatomy inferred
npc_baker_model_right,HIDDEN_BY_ROBE,100.0,78,10.997449999999997,11.666859999999998,8.128549999999999,9.562999999999999,8.128549999999999,9664de0b,1/5 contour landmarks visible; covered anatomy inferred
npc_bartender_model_down,EXPOSED,104.0,78,10.997449999999997,11.666859999999998,8.128549999999999,8.333333333333334,7.777777777777778,3c680bfa,2/5 contour landmarks visible; source row spans
npc_bartender_model_left,EXPOSED,104.0,78,10.82955,11.48874,8.00445,12.0,8.00445,93e090e1,2/5 contour landmarks visible; source row spans
npc_bartender_model_up,EXPOSED,88.0,79,10.913499999999999,11.5778,8.0665,8.333333333333334,7.777777777777778,a10f34ed,2/5 contour landmarks visible; source row spans
npc_bartender_model_right,EXPOSED,87.0,78,10.997449999999997,11.666859999999998,8.128549999999999,9.562999999999999,6.215949999999999,d83c7c0c,0/5 contour landmarks visible; source row spans
npc_blacksmith_model_down,EXPOSED,97.0,78,10.913499999999999,11.5778,8.0665,8.333333333333334,8.0665,e628ceb3,2/5 contour landmarks visible; source row spans
npc_blacksmith_model_left,EXPOSED,99.0,78,10.997449999999997,11.666859999999998,8.128549999999999,12.0,6.215949999999999,228951a4,1/5 contour landmarks visible; source row spans
npc_blacksmith_model_up,EXPOSED,93.0,78,10.997449999999997,11.666859999999998,8.128549999999999,9.562999999999999,8.128549999999999,25631d2d,1/5 contour landmarks visible; source row spans
npc_blacksmith_model_right,EXPOSED,92.0,78,10.913499999999999,11.5778,8.0665,12.0,8.0665,e94072db,2/5 contour landmarks visible; source row spans
npc_calder_model_down,EXPOSED,94.0,78,12.11111111111111,13.11111111111111,11.11111111111111,12.0,11.11111111111111,8be5bfc2,3/5 contour landmarks visible; source row spans
npc_calder_model_down_left,EXPOSED,94.0,78,10.997449999999997,11.666859999999998,9.0,12.0,6.215949999999999,1e19b93b,2/5 contour landmarks visible; source row spans
npc_calder_model_left,EXPOSED,87.0,78,10.997449999999997,11.666859999999998,8.128549999999999,9.562999999999999,6.215949999999999,979dfc83,0/5 contour landmarks visible; source row spans
npc_calder_model_up_left,EXPOSED,94.0,78,13.0,15.0,12.0,12.0,12.0,ce1ba374,4/5 contour landmarks visible; source row spans
npc_calder_model_up,EXPOSED,90.0,78,10.997449999999997,11.666859999999998,9.444444444444445,9.444444444444445,8.88888888888889,87237e27,3/5 contour landmarks visible; source row spans
npc_calder_model_up_right,EXPOSED,90.0,78,10.997449999999997,11.666859999999998,8.128549999999999,12.0,8.128549999999999,3066a869,2/5 contour landmarks visible; source row spans
npc_calder_model_right,EXPOSED,105.0,78,10.997449999999997,11.666859999999998,8.128549999999999,9.562999999999999,6.215949999999999,97f86a7f,0/5 contour landmarks visible; source row spans
npc_calder_model_down_right,EXPOSED,103.0,78,10.997449999999997,11.666859999999998,8.128549999999999,9.562999999999999,8.128549999999999,318da711,1/5 contour landmarks visible; source row spans
npc_cassia_model_down,ARMOR,96.0,78,13.859799999999998,14.703439999999999,11.11111111111111,11.11111111111111,5.0,e33dd440,3/5 contour landmarks visible; source row spans
npc_cassia_model_down_left,ARMOR,95.0,78,13.859799999999998,14.703439999999999,10.2442,10.2442,10.0,1ea69bd6,2/5 contour landmarks visible; source row spans
npc_cassia_model_left,ARMOR,92.0,78,13.859799999999998,14.703439999999999,10.2442,12.0,9.0,937b999a,2/5 contour landmarks visible; source row spans
npc_cassia_model_up_left,ARMOR,97.0,78,13.859799999999998,14.703439999999999,10.2442,12.0,9.0,aadad46,2/5 contour landmarks visible; source row spans
npc_cassia_model_up,ARMOR,95.0,78,13.859799999999998,14.703439999999999,10.2442,10.2442,5.0,b62b63d3,2/5 contour landmarks visible; source row spans
npc_cassia_model_up_right,ARMOR,99.0,78,13.859799999999998,14.703439999999999,10.2442,12.0,10.0,a954fa3,2/5 contour landmarks visible; source row spans
npc_cassia_model_right,ARMOR,100.0,78,13.859799999999998,14.703439999999999,10.2442,12.0,10.0,1e10672a,2/5 contour landmarks visible; source row spans
npc_cassia_model_down_right,ARMOR,100.0,78,13.859799999999998,14.703439999999999,10.2442,12.0,10.2442,f2336c37,2/5 contour landmarks visible; source row spans
npc_citizen_man_model_down,EXPOSED,96.0,78,13.0,14.0,12.0,12.0,10.0,7dd2d198,3/5 contour landmarks visible; source row spans
npc_citizen_man_model_left,EXPOSED,103.0,78,13.0,14.0,12.0,12.0,6.215949999999999,79f1bae8,2/5 contour landmarks visible; source row spans
npc_citizen_man_model_up,EXPOSED,96.0,78,13.0,14.0,12.0,12.0,10.0,11eb4b73,3/5 contour landmarks visible; source row spans
npc_citizen_man_model_right,EXPOSED,91.0,79,13.0,14.0,12.0,12.0,6.168500000000001,a284b1cc,2/5 contour landmarks visible; source row spans
npc_citizen_woman_model_down,HIDDEN_BY_ROBE,96.0,78,10.913499999999999,11.5778,8.0665,9.49,6.666666666666666,8bd048ad,1/5 contour landmarks visible; covered anatomy inferred
npc_citizen_woman_model_left,HIDDEN_BY_ROBE,99.0,79,10.913499999999999,11.5778,8.0665,9.49,8.0665,c1cb4041,1/5 contour landmarks visible; covered anatomy inferred
npc_citizen_woman_model_up,HIDDEN_BY_ROBE,96.0,78,10.997449999999997,11.666859999999998,8.128549999999999,9.562999999999999,6.666666666666666,b6aab88a,1/5 contour landmarks visible; covered anatomy inferred
npc_citizen_woman_model_right,HIDDEN_BY_ROBE,94.0,78,10.997449999999997,11.666859999999998,8.128549999999999,9.562999999999999,8.128549999999999,a204b7f1,1/5 contour landmarks visible; covered anatomy inferred
npc_elowen_model_down,EXPOSED,96.0,78,10.997449999999997,11.666859999999998,8.128549999999999,9.562999999999999,8.128549999999999,e0474c30,1/5 contour landmarks visible; source row spans
npc_elowen_model_left,EXPOSED,99.0,78,10.997449999999997,11.666859999999998,8.128549999999999,9.562999999999999,6.215949999999999,70904e51,0/5 contour landmarks visible; source row spans
npc_elowen_model_up,EXPOSED,95.0,78,10.997449999999997,11.666859999999998,8.128549999999999,9.562999999999999,8.128549999999999,ee319898,1/5 contour landmarks visible; source row spans
npc_elowen_model_right,EXPOSED,94.0,78,10.997449999999997,11.666859999999998,8.128549999999999,9.562999999999999,6.215949999999999,aeea375a,0/5 contour landmarks visible; source row spans
npc_garruk_model_down,EXPOSED,105.0,78,10.997449999999997,11.666859999999998,8.128549999999999,9.562999999999999,7.777777777777778,587862b8,1/5 contour landmarks visible; source row spans
npc_garruk_model_left,EXPOSED,104.0,78,10.997449999999997,11.666859999999998,8.128549999999999,9.562999999999999,8.128549999999999,6217fa76,1/5 contour landmarks visible; source row spans
npc_garruk_model_up,EXPOSED,88.0,78,10.997449999999997,11.666859999999998,8.128549999999999,9.562999999999999,8.128549999999999,36f3b097,1/5 contour landmarks visible; source row spans
npc_garruk_model_right,EXPOSED,92.0,78,10.997449999999997,11.666859999999998,8.128549999999999,12.0,8.128549999999999,7e8691c6,2/5 contour landmarks visible; source row spans
npc_innkeeper_model_down,EXPOSED,97.0,78,13.0,14.0,12.0,12.0,7.222222222222222,505a20dc,3/5 contour landmarks visible; source row spans
npc_innkeeper_model_left,EXPOSED,94.0,78,10.997449999999997,11.666859999999998,8.128549999999999,9.562999999999999,8.128549999999999,77029dab,1/5 contour landmarks visible; source row spans
npc_innkeeper_model_up,EXPOSED,95.0,78,10.997449999999997,11.666859999999998,8.128549999999999,12.0,8.128549999999999,d501233f,2/5 contour landmarks visible; source row spans
npc_innkeeper_model_right,EXPOSED,97.0,78,10.997449999999997,11.666859999999998,8.128549999999999,9.562999999999999,8.128549999999999,b102c5ff,1/5 contour landmarks visible; source row spans
npc_kael_model_down,EXPOSED,99.0,78,10.997449999999997,11.666859999999998,8.128549999999999,12.0,6.111111111111111,ba534d14,2/5 contour landmarks visible; source row spans
npc_kael_model_left,EXPOSED,102.0,78,10.997449999999997,11.666859999999998,8.128549999999999,12.0,6.215949999999999,4013cd7d,1/5 contour landmarks visible; source row spans
npc_kael_model_up,EXPOSED,93.0,78,10.997449999999997,11.666859999999998,8.128549999999999,12.0,8.128549999999999,d3126683,2/5 contour landmarks visible; source row spans
npc_kael_model_right,EXPOSED,90.0,78,10.997449999999997,11.666859999999998,8.128549999999999,12.0,6.215949999999999,90eb09bd,1/5 contour landmarks visible; source row spans
npc_liora_model_down,EXPOSED,94.0,78,10.997449999999997,11.666859999999998,8.128549999999999,10.555555555555555,6.111111111111111,8daceae1,2/5 contour landmarks visible; source row spans
npc_liora_model_left,EXPOSED,98.0,78,10.997449999999997,11.666859999999998,8.128549999999999,9.562999999999999,8.128549999999999,8415b481,1/5 contour landmarks visible; source row spans
npc_liora_model_up,EXPOSED,96.0,78,10.997449999999997,11.666859999999998,8.128549999999999,9.562999999999999,8.128549999999999,5d9b24cf,1/5 contour landmarks visible; source row spans
npc_liora_model_right,EXPOSED,94.0,78,10.997449999999997,11.666859999999998,8.128549999999999,9.562999999999999,8.128549999999999,45f4a385,1/5 contour landmarks visible; source row spans
npc_lyra_model_down,HIDDEN_BY_ROBE,96.0,78,10.997449999999997,11.666859999999998,8.128549999999999,9.562999999999999,5.0,f072f9c1,1/5 contour landmarks visible; covered anatomy inferred
npc_lyra_model_down_left,HIDDEN_BY_ROBE,95.0,78,10.997449999999997,11.666859999999998,8.128549999999999,9.562999999999999,8.0,11d0771f,1/5 contour landmarks visible; covered anatomy inferred
npc_lyra_model_left,HIDDEN_BY_ROBE,94.0,78,10.997449999999997,11.666859999999998,8.128549999999999,9.562999999999999,8.128549999999999,b5b738b,1/5 contour landmarks visible; covered anatomy inferred
npc_lyra_model_up_left,HIDDEN_BY_ROBE,94.0,78,10.997449999999997,11.666859999999998,8.128549999999999,9.562999999999999,8.128549999999999,64eb1170,1/5 contour landmarks visible; covered anatomy inferred
npc_lyra_model_up,HIDDEN_BY_ROBE,96.0,78,10.997449999999997,11.666859999999998,8.128549999999999,9.562999999999999,8.128549999999999,5be2e8a,1/5 contour landmarks visible; covered anatomy inferred
npc_lyra_model_up_right,HIDDEN_BY_ROBE,96.0,78,10.997449999999997,11.666859999999998,8.128549999999999,9.562999999999999,6.215949999999999,65fb2d97,0/5 contour landmarks visible; covered anatomy inferred
npc_lyra_model_right,HIDDEN_BY_ROBE,97.0,78,10.997449999999997,11.666859999999998,8.128549999999999,9.562999999999999,8.128549999999999,8c9ad137,1/5 contour landmarks visible; covered anatomy inferred
npc_lyra_model_down_right,HIDDEN_BY_ROBE,97.0,78,10.997449999999997,11.666859999999998,8.128549999999999,9.562999999999999,5.0,6f5f6cb1,1/5 contour landmarks visible; covered anatomy inferred
npc_maera_model_down,HIDDEN_BY_ROBE,96.0,78,10.997449999999997,11.666859999999998,8.128549999999999,9.562999999999999,8.128549999999999,42adb83f,1/5 contour landmarks visible; covered anatomy inferred
npc_maera_model_down_left,HIDDEN_BY_ROBE,94.0,78,10.997449999999997,11.666859999999998,8.128549999999999,9.562999999999999,6.215949999999999,b3e3192,0/5 contour landmarks visible; covered anatomy inferred
npc_maera_model_left,HIDDEN_BY_ROBE,91.0,78,10.997449999999997,11.666859999999998,8.128549999999999,9.562999999999999,8.128549999999999,f0111a85,1/5 contour landmarks visible; covered anatomy inferred
npc_maera_model_up_left,HIDDEN_BY_ROBE,94.0,78,10.997449999999997,11.666859999999998,8.128549999999999,9.562999999999999,6.215949999999999,a28ed794,0/5 contour landmarks visible; covered anatomy inferred
npc_maera_model_up,HIDDEN_BY_ROBE,95.0,78,10.997449999999997,11.666859999999998,8.128549999999999,9.562999999999999,8.128549999999999,6633fe74,1/5 contour landmarks visible; covered anatomy inferred
npc_maera_model_up_right,HIDDEN_BY_ROBE,96.0,78,10.997449999999997,11.666859999999998,8.128549999999999,9.562999999999999,6.215949999999999,d1a9aca3,0/5 contour landmarks visible; covered anatomy inferred
npc_maera_model_right,HIDDEN_BY_ROBE,100.0,78,10.997449999999997,11.666859999999998,8.128549999999999,9.562999999999999,8.128549999999999,5bfb4efd,1/5 contour landmarks visible; covered anatomy inferred
npc_maera_model_down_right,HIDDEN_BY_ROBE,97.0,78,10.997449999999997,11.666859999999998,8.128549999999999,9.562999999999999,8.128549999999999,99d61588,1/5 contour landmarks visible; covered anatomy inferred
npc_marla_model_down,EXPOSED,97.0,78,10.997449999999997,11.666859999999998,8.128549999999999,9.562999999999999,8.128549999999999,3d7aadf7,1/5 contour landmarks visible; source row spans
npc_marla_model_left,EXPOSED,95.0,78,10.997449999999997,11.666859999999998,8.128549999999999,9.562999999999999,6.215949999999999,71367dea,0/5 contour landmarks visible; source row spans
npc_marla_model_up,EXPOSED,95.0,78,10.997449999999997,11.666859999999998,8.128549999999999,9.562999999999999,8.128549999999999,e1c0dbea,1/5 contour landmarks visible; source row spans
npc_marla_model_right,EXPOSED,98.0,78,10.997449999999997,11.666859999999998,8.128549999999999,9.562999999999999,6.215949999999999,9677c5ee,0/5 contour landmarks visible; source row spans
npc_merchant_model_down,EXPOSED,96.0,78,10.997449999999997,11.666859999999998,8.128549999999999,8.128549999999999,6.666666666666666,d1f6329e,2/5 contour landmarks visible; source row spans
npc_merchant_model_left,EXPOSED,96.0,78,10.997449999999997,11.666859999999998,8.128549999999999,12.0,8.128549999999999,d1270743,2/5 contour landmarks visible; source row spans
npc_merchant_model_up,EXPOSED,96.0,78,10.913499999999999,11.5778,8.0665,12.0,8.0665,e9a06651,2/5 contour landmarks visible; source row spans
npc_merchant_model_right,EXPOSED,95.0,78,10.997449999999997,11.666859999999998,8.128549999999999,12.0,6.215949999999999,3c21613d,1/5 contour landmarks visible; source row spans
npc_mira_sunwarden_model_down,EXPOSED,105.0,78,10.997449999999997,11.666859999999998,8.128549999999999,9.562999999999999,6.666666666666666,33420e6e,1/5 contour landmarks visible; source row spans
npc_mira_sunwarden_model_left,EXPOSED,92.0,78,10.997449999999997,11.666859999999998,8.128549999999999,9.562999999999999,6.215949999999999,c6bee7e1,0/5 contour landmarks visible; source row spans
npc_mira_sunwarden_model_up,EXPOSED,89.0,78,10.997449999999997,11.666859999999998,8.128549999999999,9.562999999999999,8.128549999999999,fb3054fa,1/5 contour landmarks visible; source row spans
npc_mira_sunwarden_model_right,EXPOSED,100.0,78,10.997449999999997,11.666859999999998,8.128549999999999,9.562999999999999,8.128549999999999,99a12e9f,1/5 contour landmarks visible; source row spans
npc_nyx_model_down,EXPOSED,99.0,78,10.997449999999997,11.666859999999998,8.128549999999999,12.0,5.0,7fe6b3ed,2/5 contour landmarks visible; source row spans
npc_nyx_model_left,EXPOSED,94.0,78,10.997449999999997,11.666859999999998,8.128549999999999,12.0,8.128549999999999,8638b5e6,2/5 contour landmarks visible; source row spans
npc_nyx_model_up,EXPOSED,90.0,78,10.997449999999997,11.666859999999998,8.128549999999999,10.0,5.0,c5685e,2/5 contour landmarks visible; source row spans
npc_nyx_model_right,EXPOSED,101.0,78,10.997449999999997,11.666859999999998,8.128549999999999,12.0,8.128549999999999,b4d36412,2/5 contour landmarks visible; source row spans
npc_orin_model_down,EXPOSED,101.0,78,10.82955,11.48874,8.00445,9.444444444444445,8.00445,f532d58f,2/5 contour landmarks visible; source row spans
npc_orin_model_left,EXPOSED,104.0,78,10.997449999999997,11.666859999999998,8.128549999999999,9.562999999999999,6.215949999999999,1caba0ab,0/5 contour landmarks visible; source row spans
npc_orin_model_up,EXPOSED,90.0,78,10.997449999999997,11.666859999999998,8.128549999999999,11.666666666666666,8.128549999999999,97149b35,2/5 contour landmarks visible; source row spans
npc_orin_model_right,EXPOSED,89.0,78,10.997449999999997,11.666859999999998,8.128549999999999,9.562999999999999,8.128549999999999,ada57736,1/5 contour landmarks visible; source row spans
npc_quartermaster_model_down,ARMOR,97.0,78,13.859799999999998,14.703439999999999,8.88888888888889,8.88888888888889,5.0,105ca1eb,3/5 contour landmarks visible; source row spans
npc_quartermaster_model_left,ARMOR,95.0,78,13.859799999999998,14.703439999999999,10.2442,12.0,10.2442,4d93ac95,1/5 contour landmarks visible; source row spans
npc_quartermaster_model_up,ARMOR,94.0,78,13.859799999999998,14.703439999999999,10.2442,12.0,8.88888888888889,10c49487,2/5 contour landmarks visible; source row spans
npc_quartermaster_model_right,ARMOR,95.0,79,13.753999999999998,14.591199999999999,10.165999999999999,11.959999999999999,10.165999999999999,3b5795e0,1/5 contour landmarks visible; source row spans
npc_rafiq_model_down,EXPOSED,91.0,78,9.128549999999999,14.444444444444445,8.128549999999999,12.0,5.0,65e7a788,4/5 contour landmarks visible; source row spans
npc_rafiq_model_down_left,EXPOSED,91.0,78,10.997449999999997,11.666859999999998,8.128549999999999,9.562999999999999,8.128549999999999,adce54e0,1/5 contour landmarks visible; source row spans
npc_rafiq_model_left,EXPOSED,91.0,78,15.0,14.0,12.0,12.0,12.0,8de0f56f,5/5 contour landmarks visible; source row spans
npc_rafiq_model_up_left,EXPOSED,98.0,78,10.997449999999997,11.666859999999998,8.128549999999999,9.562999999999999,8.128549999999999,4ccdc401,1/5 contour landmarks visible; source row spans
npc_rafiq_model_up,EXPOSED,99.0,78,9.128549999999999,15.0,8.128549999999999,8.128549999999999,5.0,99dab47,4/5 contour landmarks visible; source row spans
npc_rafiq_model_up_right,EXPOSED,95.0,78,10.997449999999997,11.666859999999998,8.128549999999999,9.562999999999999,8.128549999999999,36a440e,1/5 contour landmarks visible; source row spans
npc_rafiq_model_right,EXPOSED,100.0,78,15.0,14.0,12.0,12.0,12.0,3d0b6df2,5/5 contour landmarks visible; source row spans
npc_rafiq_model_down_right,EXPOSED,101.0,78,10.997449999999997,11.666859999999998,8.128549999999999,9.562999999999999,8.128549999999999,f9dd6882,1/5 contour landmarks visible; source row spans
npc_regional_desert_artisan_f_model_down,EXPOSED,92.0,78,10.997449999999997,11.666859999999998,8.128549999999999,9.562999999999999,6.666666666666666,f593a085,1/5 contour landmarks visible; source row spans
npc_regional_desert_artisan_f_model_left,EXPOSED,90.0,78,10.913499999999999,11.5778,8.0665,9.49,8.0665,12199221,1/5 contour landmarks visible; source row spans
npc_regional_desert_artisan_f_model_up,EXPOSED,94.0,78,10.82955,11.48874,8.00445,9.417,6.111111111111111,ca7c483f,1/5 contour landmarks visible; source row spans
npc_regional_desert_artisan_f_model_right,EXPOSED,101.0,78,10.913499999999999,11.5778,8.0665,9.49,8.0665,972c7bdb,1/5 contour landmarks visible; source row spans
npc_regional_desert_artisan_m_model_down,EXPOSED,102.0,78,10.913499999999999,11.5778,8.0665,10.555555555555555,7.222222222222222,a9a9ca0,2/5 contour landmarks visible; source row spans
npc_regional_desert_artisan_m_model_left,EXPOSED,99.0,78,10.913499999999999,11.5778,8.0665,9.49,6.168500000000001,3d08a5e1,0/5 contour landmarks visible; source row spans
npc_regional_desert_artisan_m_model_up,EXPOSED,96.0,78,13.0,14.0,12.0,12.0,7.222222222222222,c6fdee7f,3/5 contour landmarks visible; source row spans
npc_regional_desert_artisan_m_model_right,EXPOSED,93.0,78,10.913499999999999,11.5778,8.0665,9.49,6.168500000000001,5d54c9b3,0/5 contour landmarks visible; source row spans
npc_regional_desert_farmer_f_model_down,EXPOSED,96.0,78,10.913499999999999,11.5778,8.0665,9.49,6.111111111111111,9769cb6c,1/5 contour landmarks visible; source row spans
npc_regional_desert_farmer_f_model_left,EXPOSED,93.0,78,10.997449999999997,11.666859999999998,8.128549999999999,9.562999999999999,8.128549999999999,19f6c4d6,1/5 contour landmarks visible; source row spans
npc_regional_desert_farmer_f_model_up,EXPOSED,96.0,79,10.913499999999999,11.5778,8.0665,9.49,6.666666666666666,12bfcbb6,1/5 contour landmarks visible; source row spans
npc_regional_desert_farmer_f_model_right,EXPOSED,97.0,78,10.997449999999997,11.666859999999998,8.128549999999999,9.562999999999999,8.128549999999999,1cab05f8,1/5 contour landmarks visible; source row spans
npc_regional_desert_farmer_m_model_down,EXPOSED,96.0,78,10.82955,11.48874,8.00445,10.555555555555555,6.111111111111111,558df28f,2/5 contour landmarks visible; source row spans
npc_regional_desert_farmer_m_model_left,EXPOSED,96.0,78,10.913499999999999,11.5778,8.0665,9.49,8.0665,d67752e0,1/5 contour landmarks visible; source row spans
npc_regional_desert_farmer_m_model_up,EXPOSED,96.0,78,12.666666666666666,13.666666666666666,11.666666666666666,11.666666666666666,6.111111111111111,b338c23c,3/5 contour landmarks visible; source row spans
npc_regional_desert_farmer_m_model_right,EXPOSED,95.0,78,10.997449999999997,11.666859999999998,8.128549999999999,9.562999999999999,8.128549999999999,d1390150,1/5 contour landmarks visible; source row spans
npc_regional_desert_guard_f_model_down,ARMOR,96.0,78,13.859799999999998,14.703439999999999,10.2442,12.0,5.555555555555555,385ef1c5,1/5 contour landmarks visible; source row spans
npc_regional_desert_guard_f_model_left,ARMOR,93.0,79,13.753999999999998,14.591199999999999,10.165999999999999,11.959999999999999,10.165999999999999,cac13180,1/5 contour landmarks visible; source row spans
npc_regional_desert_guard_f_model_up,ARMOR,96.0,78,13.753999999999998,14.591199999999999,10.165999999999999,11.959999999999999,6.111111111111111,a7e269a3,1/5 contour landmarks visible; source row spans
npc_regional_desert_guard_f_model_right,ARMOR,98.0,79,13.753999999999998,14.591199999999999,10.165999999999999,11.959999999999999,7.774,59cb0ba0,0/5 contour landmarks visible; source row spans
npc_regional_desert_guard_m_model_down,ARMOR,96.0,78,13.859799999999998,14.703439999999999,10.2442,12.0,7.222222222222222,919b1586,1/5 contour landmarks visible; source row spans
npc_regional_desert_guard_m_model_left,ARMOR,95.0,78,13.753999999999998,14.591199999999999,10.165999999999999,11.959999999999999,10.165999999999999,375dbc77,1/5 contour landmarks visible; source row spans
npc_regional_desert_guard_m_model_up,ARMOR,96.0,79,13.753999999999998,14.591199999999999,10.165999999999999,11.959999999999999,6.111111111111111,47f1dba0,1/5 contour landmarks visible; source row spans
npc_regional_desert_guard_m_model_right,ARMOR,97.0,78,13.753999999999998,14.591199999999999,10.165999999999999,11.959999999999999,10.165999999999999,7d54717b,1/5 contour landmarks visible; source row spans
npc_regional_desert_healer_f_model_down,HIDDEN_BY_ROBE,95.0,78,10.913499999999999,11.5778,8.0665,9.49,6.666666666666666,df644fb7,1/5 contour landmarks visible; covered anatomy inferred
npc_regional_desert_healer_f_model_left,HIDDEN_BY_ROBE,96.0,79,10.913499999999999,11.5778,8.0665,9.49,6.168500000000001,a8c5a991,0/5 contour landmarks visible; covered anatomy inferred
npc_regional_desert_healer_f_model_up,HIDDEN_BY_ROBE,98.0,78,10.997449999999997,11.666859999999998,8.128549999999999,9.562999999999999,7.222222222222222,da241f45,1/5 contour landmarks visible; covered anatomy inferred
npc_regional_desert_healer_f_model_right,HIDDEN_BY_ROBE,97.0,79,10.913499999999999,11.5778,8.0665,9.49,6.168500000000001,67e3b754,0/5 contour landmarks visible; covered anatomy inferred
npc_regional_desert_healer_m_model_down,HIDDEN_BY_ROBE,94.0,78,10.997449999999997,11.666859999999998,8.128549999999999,9.562999999999999,6.666666666666666,fefb79e1,1/5 contour landmarks visible; covered anatomy inferred
npc_regional_desert_healer_m_model_left,HIDDEN_BY_ROBE,93.0,78,10.997449999999997,11.666859999999998,8.128549999999999,9.562999999999999,8.128549999999999,14b637fa,1/5 contour landmarks visible; covered anatomy inferred
npc_regional_desert_healer_m_model_up,HIDDEN_BY_ROBE,96.0,78,10.997449999999997,11.666859999999998,8.128549999999999,9.562999999999999,6.666666666666666,5424fac6,1/5 contour landmarks visible; covered anatomy inferred
npc_regional_desert_healer_m_model_right,HIDDEN_BY_ROBE,98.0,78,10.997449999999997,11.666859999999998,8.128549999999999,9.562999999999999,8.128549999999999,a3cf20e9,1/5 contour landmarks visible; covered anatomy inferred
npc_regional_desert_miner_f_model_down,EXPOSED,101.0,78,10.997449999999997,11.666859999999998,8.128549999999999,9.562999999999999,5.555555555555555,19613f44,1/5 contour landmarks visible; source row spans
npc_regional_desert_miner_f_model_left,EXPOSED,84.0,78,10.997449999999997,11.666859999999998,8.128549999999999,9.562999999999999,6.215949999999999,2d9dfe60,0/5 contour landmarks visible; source row spans
npc_regional_desert_miner_f_model_up,EXPOSED,99.0,78,10.997449999999997,11.666859999999998,8.128549999999999,9.562999999999999,6.666666666666666,43929166,1/5 contour landmarks visible; source row spans
npc_regional_desert_miner_f_model_right,EXPOSED,89.0,78,10.997449999999997,11.666859999999998,8.128549999999999,9.562999999999999,8.128549999999999,b8621ddd,1/5 contour landmarks visible; source row spans
npc_regional_desert_miner_m_model_down,EXPOSED,104.0,78,12.666666666666666,13.666666666666666,11.666666666666666,11.666666666666666,7.222222222222222,75045d75,3/5 contour landmarks visible; source row spans
npc_regional_desert_miner_m_model_left,EXPOSED,86.0,78,10.82955,11.48874,8.00445,9.417,8.00445,f83f8653,1/5 contour landmarks visible; source row spans
npc_regional_desert_miner_m_model_up,EXPOSED,86.0,78,12.666666666666666,13.666666666666666,11.666666666666666,11.666666666666666,7.222222222222222,89380603,3/5 contour landmarks visible; source row spans
npc_regional_desert_miner_m_model_right,EXPOSED,105.0,78,10.913499999999999,11.5778,8.0665,9.49,8.0665,c75fd13,1/5 contour landmarks visible; source row spans
npc_regional_desert_noble_f_model_down,HIDDEN_BY_ROBE,95.0,78,10.997449999999997,11.666859999999998,8.128549999999999,9.562999999999999,6.111111111111111,d0e4eac1,1/5 contour landmarks visible; covered anatomy inferred
npc_regional_desert_noble_f_model_left,HIDDEN_BY_ROBE,95.0,78,10.997449999999997,11.666859999999998,8.128549999999999,9.562999999999999,8.128549999999999,fda8785f,1/5 contour landmarks visible; covered anatomy inferred
npc_regional_desert_noble_f_model_up,HIDDEN_BY_ROBE,97.0,79,10.913499999999999,11.5778,8.0665,9.49,6.168500000000001,62d35328,0/5 contour landmarks visible; covered anatomy inferred
npc_regional_desert_noble_f_model_right,HIDDEN_BY_ROBE,96.0,79,10.913499999999999,11.5778,8.0665,9.49,8.0665,73937263,1/5 contour landmarks visible; covered anatomy inferred
npc_regional_desert_noble_m_model_down,HIDDEN_BY_ROBE,96.0,78,10.997449999999997,11.666859999999998,8.128549999999999,9.562999999999999,6.666666666666666,af88c3f0,1/5 contour landmarks visible; covered anatomy inferred
npc_regional_desert_noble_m_model_left,HIDDEN_BY_ROBE,92.0,79,10.913499999999999,11.5778,8.0665,9.49,6.168500000000001,1f026d9a,0/5 contour landmarks visible; covered anatomy inferred
npc_regional_desert_noble_m_model_up,HIDDEN_BY_ROBE,96.0,78,10.997449999999997,11.666859999999998,8.128549999999999,9.562999999999999,7.777777777777778,561b413e,1/5 contour landmarks visible; covered anatomy inferred
npc_regional_desert_noble_m_model_right,HIDDEN_BY_ROBE,100.0,78,10.82955,11.48874,8.00445,9.417,6.12105,ba2983c1,0/5 contour landmarks visible; covered anatomy inferred
npc_regional_desert_scholar_f_model_down,HIDDEN_BY_ROBE,96.0,79,10.913499999999999,11.5778,8.0665,9.49,6.666666666666666,ca463f89,1/5 contour landmarks visible; covered anatomy inferred
npc_regional_desert_scholar_f_model_left,HIDDEN_BY_ROBE,93.0,78,10.997449999999997,11.666859999999998,8.128549999999999,9.562999999999999,8.128549999999999,d3005431,1/5 contour landmarks visible; covered anatomy inferred
npc_regional_desert_scholar_f_model_up,HIDDEN_BY_ROBE,95.0,78,10.82955,11.48874,8.00445,9.417,6.666666666666666,3d37315d,1/5 contour landmarks visible; covered anatomy inferred
npc_regional_desert_scholar_f_model_right,HIDDEN_BY_ROBE,99.0,78,10.997449999999997,11.666859999999998,8.128549999999999,9.562999999999999,8.128549999999999,3e6a7517,1/5 contour landmarks visible; covered anatomy inferred
npc_regional_desert_scholar_m_model_down,HIDDEN_BY_ROBE,96.0,79,10.913499999999999,11.5778,8.0665,9.49,6.168500000000001,2da5128d,0/5 contour landmarks visible; covered anatomy inferred
npc_regional_desert_scholar_m_model_left,HIDDEN_BY_ROBE,95.0,79,10.913499999999999,11.5778,8.0665,9.49,8.0665,13c49d3b,1/5 contour landmarks visible; covered anatomy inferred
npc_regional_desert_scholar_m_model_up,HIDDEN_BY_ROBE,96.0,78,10.913499999999999,11.5778,8.0665,9.49,6.168500000000001,b9596ad6,0/5 contour landmarks visible; covered anatomy inferred
npc_regional_desert_scholar_m_model_right,HIDDEN_BY_ROBE,99.0,79,10.913499999999999,11.5778,8.0665,9.49,6.168500000000001,3b09c5a1,0/5 contour landmarks visible; covered anatomy inferred
npc_regional_desert_trader_f_model_down,EXPOSED,95.0,78,10.82955,11.48874,8.00445,9.417,6.111111111111111,197b0c81,1/5 contour landmarks visible; source row spans
npc_regional_desert_trader_f_model_left,EXPOSED,94.0,78,10.997449999999997,11.666859999999998,8.128549999999999,9.562999999999999,8.128549999999999,89dcc992,1/5 contour landmarks visible; source row spans
npc_regional_desert_trader_f_model_up,EXPOSED,95.0,78,10.997449999999997,11.666859999999998,8.128549999999999,9.562999999999999,6.111111111111111,19f8e468,1/5 contour landmarks visible; source row spans
npc_regional_desert_trader_f_model_right,EXPOSED,98.0,78,10.997449999999997,11.666859999999998,8.128549999999999,9.562999999999999,6.215949999999999,68bfe4b6,0/5 contour landmarks visible; source row spans
npc_regional_desert_trader_m_model_down,EXPOSED,96.0,78,10.997449999999997,11.666859999999998,8.128549999999999,9.562999999999999,8.128549999999999,b753b040,1/5 contour landmarks visible; source row spans
npc_regional_desert_trader_m_model_left,EXPOSED,95.0,78,10.997449999999997,11.666859999999998,8.128549999999999,9.562999999999999,8.128549999999999,924dff65,1/5 contour landmarks visible; source row spans
npc_regional_desert_trader_m_model_up,EXPOSED,97.0,79,10.913499999999999,11.5778,8.0665,9.49,7.777777777777778,aa66570d,1/5 contour landmarks visible; source row spans
npc_regional_desert_trader_m_model_right,EXPOSED,95.0,78,10.997449999999997,11.666859999999998,8.128549999999999,9.562999999999999,6.215949999999999,aae3296f,0/5 contour landmarks visible; source row spans
npc_regional_highland_artisan_f_model_down,EXPOSED,95.0,79,10.913499999999999,11.5778,8.0665,11.11111111111111,7.222222222222222,dc7ffb94,2/5 contour landmarks visible; source row spans
npc_regional_highland_artisan_f_model_left,EXPOSED,96.0,78,10.913499999999999,11.5778,8.0665,9.49,8.0665,e718ac21,1/5 contour landmarks visible; source row spans
npc_regional_highland_artisan_f_model_up,EXPOSED,96.0,78,10.997449999999997,11.666859999999998,8.128549999999999,11.666666666666666,6.666666666666666,ddffdc86,2/5 contour landmarks visible; source row spans
npc_regional_highland_artisan_f_model_right,EXPOSED,94.0,78,10.913499999999999,11.5778,8.0665,9.49,8.0665,9e9205e7,1/5 contour landmarks visible; source row spans
npc_regional_highland_artisan_m_model_down,EXPOSED,97.0,78,11.0,12.0,10.0,10.0,5.0,f215369d,3/5 contour landmarks visible; source row spans
npc_regional_highland_artisan_m_model_left,EXPOSED,95.0,78,10.997449999999997,11.666859999999998,8.128549999999999,9.562999999999999,7.0,dca4196d,1/5 contour landmarks visible; source row spans
npc_regional_highland_artisan_m_model_up,EXPOSED,95.0,78,12.11111111111111,13.11111111111111,11.11111111111111,11.11111111111111,5.0,d89450b,3/5 contour landmarks visible; source row spans
npc_regional_highland_artisan_m_model_right,EXPOSED,97.0,78,10.997449999999997,11.666859999999998,8.128549999999999,9.562999999999999,8.0,6ac73bd2,1/5 contour landmarks visible; source row spans
npc_regional_highland_farmer_f_model_down,EXPOSED,96.0,78,10.997449999999997,11.666859999999998,8.128549999999999,9.562999999999999,6.215949999999999,a52b6962,0/5 contour landmarks visible; source row spans
npc_regional_highland_farmer_f_model_left,EXPOSED,92.0,78,10.82955,11.48874,8.00445,9.417,6.12105,4dfa16c8,0/5 contour landmarks visible; source row spans
npc_regional_highland_farmer_f_model_up,EXPOSED,96.0,78,10.997449999999997,11.666859999999998,8.128549999999999,9.562999999999999,6.215949999999999,61f9342b,0/5 contour landmarks visible; source row spans
npc_regional_highland_farmer_f_model_right,EXPOSED,100.0,78,10.913499999999999,11.5778,8.0665,9.49,6.168500000000001,23e67027,0/5 contour landmarks visible; source row spans
npc_regional_highland_farmer_m_model_down,EXPOSED,95.0,78,10.997449999999997,11.666859999999998,8.128549999999999,12.0,8.128549999999999,3f4fa0a8,2/5 contour landmarks visible; source row spans
npc_regional_highland_farmer_m_model_left,EXPOSED,94.0,78,10.997449999999997,11.666859999999998,8.128549999999999,9.562999999999999,8.128549999999999,62c2ac71,1/5 contour landmarks visible; source row spans
npc_regional_highland_farmer_m_model_up,EXPOSED,96.0,78,13.0,14.0,12.0,12.0,8.88888888888889,5ae0aa59,3/5 contour landmarks visible; source row spans
npc_regional_highland_farmer_m_model_right,EXPOSED,98.0,78,10.997449999999997,11.666859999999998,8.128549999999999,9.562999999999999,8.128549999999999,acc09e80,1/5 contour landmarks visible; source row spans
npc_regional_highland_guard_f_model_down,ARMOR,99.0,78,13.6482,14.47896,10.0878,12.0,6.666666666666666,6c3c1fdf,2/5 contour landmarks visible; source row spans
npc_regional_highland_guard_f_model_left,ARMOR,93.0,78,13.859799999999998,14.703439999999999,10.2442,12.0,10.2442,52312d60,1/5 contour landmarks visible; source row spans
npc_regional_highland_guard_f_model_up,ARMOR,91.0,78,13.753999999999998,14.591199999999999,10.165999999999999,11.959999999999999,7.222222222222222,84d08a30,1/5 contour landmarks visible; source row spans
npc_regional_highland_guard_f_model_right,ARMOR,100.0,78,13.859799999999998,14.703439999999999,10.2442,12.0,10.2442,1ad83710,1/5 contour landmarks visible; source row spans
npc_regional_highland_guard_m_model_down,ARMOR,96.0,78,13.859799999999998,14.703439999999999,10.2442,12.0,7.777777777777778,c53bd3e9,1/5 contour landmarks visible; source row spans
npc_regional_highland_guard_m_model_left,ARMOR,96.0,78,13.859799999999998,14.703439999999999,10.2442,12.0,7.8338,84c176f7,0/5 contour landmarks visible; source row spans
npc_regional_highland_guard_m_model_up,ARMOR,96.0,78,13.859799999999998,14.703439999999999,10.2442,12.0,7.777777777777778,ed5407bc,1/5 contour landmarks visible; source row spans
npc_regional_highland_guard_m_model_right,ARMOR,97.0,78,13.859799999999998,14.703439999999999,10.2442,12.0,7.8338,cf9c2aa0,0/5 contour landmarks visible; source row spans
npc_regional_highland_healer_f_model_down,HIDDEN_BY_ROBE,96.0,78,10.997449999999997,11.666859999999998,8.128549999999999,9.562999999999999,6.215949999999999,1f636287,0/5 contour landmarks visible; covered anatomy inferred
npc_regional_highland_healer_f_model_left,HIDDEN_BY_ROBE,96.0,78,10.997449999999997,11.666859999999998,8.128549999999999,9.562999999999999,6.215949999999999,bfdd64ff,0/5 contour landmarks visible; covered anatomy inferred
npc_regional_highland_healer_f_model_up,HIDDEN_BY_ROBE,96.0,78,10.997449999999997,11.666859999999998,8.128549999999999,9.562999999999999,7.777777777777778,f035a64f,1/5 contour landmarks visible; covered anatomy inferred
npc_regional_highland_healer_f_model_right,HIDDEN_BY_ROBE,95.0,79,10.913499999999999,11.5778,8.0665,9.49,6.168500000000001,584d7f21,0/5 contour landmarks visible; covered anatomy inferred
npc_regional_highland_healer_m_model_down,HIDDEN_BY_ROBE,96.0,78,10.913499999999999,11.5778,8.0665,9.49,8.0665,23903dc1,1/5 contour landmarks visible; covered anatomy inferred
npc_regional_highland_healer_m_model_left,HIDDEN_BY_ROBE,95.0,78,10.913499999999999,11.5778,8.0665,9.49,6.168500000000001,75cd4fe1,0/5 contour landmarks visible; covered anatomy inferred
npc_regional_highland_healer_m_model_up,HIDDEN_BY_ROBE,96.0,78,10.913499999999999,11.5778,8.0665,9.49,8.0665,a10302ab,1/5 contour landmarks visible; covered anatomy inferred
npc_regional_highland_healer_m_model_right,HIDDEN_BY_ROBE,97.0,78,10.913499999999999,11.5778,8.0665,9.49,6.168500000000001,a17eacf6,0/5 contour landmarks visible; covered anatomy inferred
npc_regional_highland_miner_f_model_down,EXPOSED,100.0,78,10.913499999999999,11.5778,8.0665,10.555555555555555,6.666666666666666,e7cc40d3,2/5 contour landmarks visible; source row spans
npc_regional_highland_miner_f_model_left,EXPOSED,87.0,78,10.913499999999999,11.5778,8.0665,9.49,8.0665,a6204003,1/5 contour landmarks visible; source row spans
npc_regional_highland_miner_f_model_up,EXPOSED,91.0,78,10.913499999999999,11.5778,8.0665,11.11111111111111,6.666666666666666,c120548f,2/5 contour landmarks visible; source row spans
npc_regional_highland_miner_f_model_right,EXPOSED,104.0,78,10.82955,11.48874,8.00445,9.417,6.12105,c8c034b,0/5 contour landmarks visible; source row spans
npc_regional_highland_miner_m_model_down,EXPOSED,103.0,78,13.0,14.0,12.0,12.0,8.88888888888889,c15197b,3/5 contour landmarks visible; source row spans
npc_regional_highland_miner_m_model_left,EXPOSED,86.0,78,10.997449999999997,11.666859999999998,8.128549999999999,9.562999999999999,6.215949999999999,ec69ac5f,0/5 contour landmarks visible; source row spans
npc_regional_highland_miner_m_model_up,EXPOSED,89.0,78,13.0,14.0,12.0,12.0,8.88888888888889,9e467b6c,3/5 contour landmarks visible; source row spans
npc_regional_highland_miner_m_model_right,EXPOSED,105.0,78,10.997449999999997,11.666859999999998,8.128549999999999,9.562999999999999,6.215949999999999,718092ab,0/5 contour landmarks visible; source row spans
npc_regional_highland_noble_f_model_down,HIDDEN_BY_ROBE,96.0,78,10.997449999999997,11.666859999999998,8.128549999999999,9.562999999999999,6.215949999999999,cc47d739,0/5 contour landmarks visible; covered anatomy inferred
npc_regional_highland_noble_f_model_left,HIDDEN_BY_ROBE,90.0,78,10.997449999999997,11.666859999999998,8.128549999999999,9.562999999999999,6.215949999999999,841e1236,0/5 contour landmarks visible; covered anatomy inferred
npc_regional_highland_noble_f_model_up,HIDDEN_BY_ROBE,96.0,78,10.997449999999997,11.666859999999998,8.128549999999999,9.562999999999999,6.215949999999999,eeec05e3,0/5 contour landmarks visible; covered anatomy inferred
npc_regional_highland_noble_f_model_right,HIDDEN_BY_ROBE,102.0,78,10.997449999999997,11.666859999999998,8.128549999999999,9.562999999999999,6.215949999999999,e7fdab39,0/5 contour landmarks visible; covered anatomy inferred
npc_regional_highland_noble_m_model_down,HIDDEN_BY_ROBE,96.0,78,10.997449999999997,11.666859999999998,8.128549999999999,9.562999999999999,6.666666666666666,295210fd,1/5 contour landmarks visible; covered anatomy inferred
npc_regional_highland_noble_m_model_left,HIDDEN_BY_ROBE,94.0,78,10.997449999999997,11.666859999999998,8.128549999999999,9.562999999999999,6.215949999999999,4f0e9de4,0/5 contour landmarks visible; covered anatomy inferred
npc_regional_highland_noble_m_model_up,HIDDEN_BY_ROBE,94.0,79,10.913499999999999,11.5778,8.0665,9.49,7.222222222222222,b8aaece4,1/5 contour landmarks visible; covered anatomy inferred
npc_regional_highland_noble_m_model_right,HIDDEN_BY_ROBE,98.0,78,10.997449999999997,11.666859999999998,8.128549999999999,9.562999999999999,6.215949999999999,fada14fe,0/5 contour landmarks visible; covered anatomy inferred
npc_regional_highland_scholar_f_model_down,HIDDEN_BY_ROBE,93.0,78,10.997449999999997,11.666859999999998,8.128549999999999,9.562999999999999,7.777777777777778,2c5ba338,1/5 contour landmarks visible; covered anatomy inferred
npc_regional_highland_scholar_f_model_left,HIDDEN_BY_ROBE,98.0,78,10.997449999999997,11.666859999999998,8.128549999999999,9.562999999999999,7.0,61e12677,1/5 contour landmarks visible; covered anatomy inferred
npc_regional_highland_scholar_f_model_up,HIDDEN_BY_ROBE,98.0,78,10.997449999999997,11.666859999999998,8.128549999999999,9.562999999999999,8.128549999999999,41b1945f,1/5 contour landmarks visible; covered anatomy inferred
npc_regional_highland_scholar_f_model_right,HIDDEN_BY_ROBE,93.0,78,10.997449999999997,11.666859999999998,8.128549999999999,9.562999999999999,8.0,a38006fd,1/5 contour landmarks visible; covered anatomy inferred
npc_regional_highland_scholar_m_model_down,HIDDEN_BY_ROBE,96.0,78,10.913499999999999,11.5778,8.0665,9.49,7.222222222222222,5d188a51,1/5 contour landmarks visible; covered anatomy inferred
npc_regional_highland_scholar_m_model_left,HIDDEN_BY_ROBE,93.0,78,10.82955,11.48874,8.00445,9.417,6.12105,da23d67b,0/5 contour landmarks visible; covered anatomy inferred
npc_regional_highland_scholar_m_model_up,HIDDEN_BY_ROBE,96.0,78,10.913499999999999,11.5778,8.0665,9.49,6.666666666666666,ac4fdf90,1/5 contour landmarks visible; covered anatomy inferred
npc_regional_highland_scholar_m_model_right,HIDDEN_BY_ROBE,99.0,78,10.997449999999997,11.666859999999998,8.128549999999999,9.562999999999999,6.215949999999999,b2f13b67,0/5 contour landmarks visible; covered anatomy inferred
npc_regional_highland_trader_f_model_down,EXPOSED,96.0,79,10.913499999999999,11.5778,8.0665,9.49,7.222222222222222,162fe30c,1/5 contour landmarks visible; source row spans
npc_regional_highland_trader_f_model_left,EXPOSED,94.0,78,10.997449999999997,11.666859999999998,8.128549999999999,9.562999999999999,8.128549999999999,ff35332c,1/5 contour landmarks visible; source row spans
npc_regional_highland_trader_f_model_up,EXPOSED,95.0,78,10.997449999999997,11.666859999999998,8.128549999999999,9.562999999999999,8.128549999999999,35dcab53,1/5 contour landmarks visible; source row spans
npc_regional_highland_trader_f_model_right,EXPOSED,97.0,78,10.997449999999997,11.666859999999998,8.128549999999999,9.562999999999999,8.128549999999999,92910188,1/5 contour landmarks visible; source row spans
npc_regional_highland_trader_m_model_down,EXPOSED,96.0,79,10.913499999999999,11.5778,8.0665,12.0,7.777777777777778,67271db1,2/5 contour landmarks visible; source row spans
npc_regional_highland_trader_m_model_left,EXPOSED,96.0,78,10.82955,11.48874,8.00445,9.417,8.00445,550dd290,1/5 contour landmarks visible; source row spans
npc_regional_highland_trader_m_model_up,EXPOSED,96.0,79,10.913499999999999,11.5778,8.0665,9.49,7.777777777777778,c0c77499,1/5 contour landmarks visible; source row spans
npc_regional_highland_trader_m_model_right,EXPOSED,96.0,78,10.913499999999999,11.5778,8.0665,9.49,8.0665,e8630c5a,1/5 contour landmarks visible; source row spans
npc_regional_marsh_artisan_f_model_down,EXPOSED,96.0,79,10.913499999999999,11.5778,8.0665,10.0,6.111111111111111,95700dbf,2/5 contour landmarks visible; source row spans
npc_regional_marsh_artisan_f_model_left,EXPOSED,98.0,78,10.82955,11.48874,8.00445,12.0,8.00445,f3501a08,2/5 contour landmarks visible; source row spans
npc_regional_marsh_artisan_f_model_up,EXPOSED,95.0,78,10.997449999999997,11.666859999999998,8.128549999999999,10.555555555555555,6.111111111111111,f42d0dbe,2/5 contour landmarks visible; source row spans
npc_regional_marsh_artisan_f_model_right,EXPOSED,92.0,78,10.82955,11.48874,8.00445,12.0,8.00445,65dd5207,2/5 contour landmarks visible; source row spans
npc_regional_marsh_artisan_m_model_down,EXPOSED,95.0,79,10.913499999999999,11.5778,8.0665,11.666666666666666,7.222222222222222,b200c9d9,2/5 contour landmarks visible; source row spans
npc_regional_marsh_artisan_m_model_left,EXPOSED,100.0,78,10.997449999999997,11.666859999999998,8.128549999999999,9.562999999999999,6.215949999999999,ea7ed338,0/5 contour landmarks visible; source row spans
npc_regional_marsh_artisan_m_model_up,EXPOSED,95.0,79,10.913499999999999,11.5778,8.0665,12.0,7.777777777777778,2b017b14,2/5 contour landmarks visible; source row spans
npc_regional_marsh_artisan_m_model_right,EXPOSED,91.0,78,10.82955,11.48874,8.00445,9.417,8.00445,43aeef04,1/5 contour landmarks visible; source row spans
npc_regional_marsh_farmer_f_model_down,EXPOSED,96.0,78,10.913499999999999,11.5778,8.0665,9.49,6.111111111111111,ee0f6e74,1/5 contour landmarks visible; source row spans
npc_regional_marsh_farmer_f_model_left,EXPOSED,92.0,78,10.997449999999997,11.666859999999998,8.128549999999999,9.562999999999999,8.128549999999999,c96f087d,1/5 contour landmarks visible; source row spans
npc_regional_marsh_farmer_f_model_up,EXPOSED,96.0,78,10.913499999999999,11.5778,8.0665,9.49,6.666666666666666,fed03e70,1/5 contour landmarks visible; source row spans
npc_regional_marsh_farmer_f_model_right,EXPOSED,99.0,78,10.997449999999997,11.666859999999998,8.128549999999999,9.562999999999999,8.128549999999999,609612d5,1/5 contour landmarks visible; source row spans
npc_regional_marsh_farmer_m_model_down,EXPOSED,96.0,78,12.666666666666666,13.666666666666666,11.666666666666666,11.666666666666666,6.666666666666666,e5f322ee,3/5 contour landmarks visible; source row spans
npc_regional_marsh_farmer_m_model_left,EXPOSED,100.0,78,10.997449999999997,11.666859999999998,8.128549999999999,9.562999999999999,8.128549999999999,6c873ea2,1/5 contour landmarks visible; source row spans
npc_regional_marsh_farmer_m_model_up,EXPOSED,96.0,78,13.0,14.0,12.0,12.0,7.222222222222222,923e5710,3/5 contour landmarks visible; source row spans
npc_regional_marsh_farmer_m_model_right,EXPOSED,91.0,79,10.913499999999999,11.5778,8.0665,9.49,8.0665,1c442f8b,1/5 contour landmarks visible; source row spans
npc_regional_marsh_guard_f_model_down,ARMOR,97.0,78,13.859799999999998,14.703439999999999,10.2442,10.2442,6.111111111111111,5be700ff,2/5 contour landmarks visible; source row spans
npc_regional_marsh_guard_f_model_left,ARMOR,95.0,79,13.753999999999998,14.591199999999999,10.165999999999999,11.959999999999999,10.165999999999999,bdc724be,1/5 contour landmarks visible; source row spans
npc_regional_marsh_guard_f_model_up,ARMOR,95.0,78,13.859799999999998,14.703439999999999,10.2442,10.2442,6.111111111111111,80191fa2,2/5 contour landmarks visible; source row spans
npc_regional_marsh_guard_f_model_right,ARMOR,99.0,79,13.753999999999998,14.591199999999999,10.165999999999999,11.959999999999999,10.165999999999999,ffdb9174,1/5 contour landmarks visible; source row spans
npc_regional_marsh_guard_m_model_down,ARMOR,97.0,78,13.859799999999998,14.703439999999999,10.2442,11.666666666666666,6.111111111111111,3121f9c6,2/5 contour landmarks visible; source row spans
npc_regional_marsh_guard_m_model_left,ARMOR,94.0,78,13.753999999999998,14.591199999999999,10.165999999999999,11.959999999999999,7.774,b8126d6b,0/5 contour landmarks visible; source row spans
npc_regional_marsh_guard_m_model_up,ARMOR,94.0,78,13.859799999999998,14.703439999999999,10.2442,12.0,6.666666666666666,864db69b,1/5 contour landmarks visible; source row spans
npc_regional_marsh_guard_m_model_right,ARMOR,98.0,78,13.753999999999998,14.591199999999999,10.165999999999999,11.959999999999999,7.774,c4e51589,0/5 contour landmarks visible; source row spans
npc_regional_marsh_healer_f_model_down,HIDDEN_BY_ROBE,96.0,79,10.913499999999999,11.5778,8.0665,9.49,7.777777777777778,28e5772f,1/5 contour landmarks visible; covered anatomy inferred
npc_regional_marsh_healer_f_model_left,HIDDEN_BY_ROBE,97.0,78,10.913499999999999,11.5778,8.0665,9.49,8.0665,81e116da,1/5 contour landmarks visible; covered anatomy inferred
npc_regional_marsh_healer_f_model_up,HIDDEN_BY_ROBE,95.0,78,10.997449999999997,11.666859999999998,8.128549999999999,8.128549999999999,7.777777777777778,3a9e92d3,2/5 contour landmarks visible; covered anatomy inferred
npc_regional_marsh_healer_f_model_right,HIDDEN_BY_ROBE,95.0,78,10.997449999999997,11.666859999999998,8.128549999999999,9.562999999999999,8.128549999999999,4de511e7,1/5 contour landmarks visible; covered anatomy inferred
npc_regional_marsh_healer_m_model_down,HIDDEN_BY_ROBE,94.0,78,10.997449999999997,11.666859999999998,8.128549999999999,9.562999999999999,6.111111111111111,eba40434,1/5 contour landmarks visible; covered anatomy inferred
npc_regional_marsh_healer_m_model_left,HIDDEN_BY_ROBE,96.0,79,10.913499999999999,11.5778,8.0665,9.49,8.0665,c398d211,1/5 contour landmarks visible; covered anatomy inferred
npc_regional_marsh_healer_m_model_up,HIDDEN_BY_ROBE,96.0,78,10.997449999999997,11.666859999999998,8.128549999999999,12.0,6.666666666666666,4399853e,2/5 contour landmarks visible; covered anatomy inferred
npc_regional_marsh_healer_m_model_right,HIDDEN_BY_ROBE,97.0,78,10.997449999999997,11.666859999999998,8.128549999999999,9.562999999999999,8.128549999999999,c0abf839,1/5 contour landmarks visible; covered anatomy inferred
npc_regional_marsh_miner_f_model_down,EXPOSED,96.0,78,12.666666666666666,13.666666666666666,11.666666666666666,11.666666666666666,6.111111111111111,244c4dea,3/5 contour landmarks visible; source row spans
npc_regional_marsh_miner_f_model_left,EXPOSED,91.0,78,10.997449999999997,11.666859999999998,8.128549999999999,9.562999999999999,8.128549999999999,cf7067a5,1/5 contour landmarks visible; source row spans
npc_regional_marsh_miner_f_model_up,EXPOSED,93.0,79,11.555555555555555,12.555555555555555,10.555555555555555,11.11111111111111,6.666666666666666,a4719d2a,3/5 contour landmarks visible; source row spans
npc_regional_marsh_miner_f_model_right,EXPOSED,99.0,78,10.997449999999997,11.666859999999998,8.128549999999999,9.562999999999999,8.128549999999999,ad47acc4,1/5 contour landmarks visible; source row spans
npc_regional_marsh_miner_m_model_down,EXPOSED,89.0,78,13.0,14.0,12.0,12.0,7.222222222222222,c6248925,3/5 contour landmarks visible; source row spans
npc_regional_marsh_miner_m_model_left,EXPOSED,98.0,79,10.913499999999999,11.5778,8.0665,9.49,8.0665,a1d534d6,1/5 contour landmarks visible; source row spans
npc_regional_marsh_miner_m_model_up,EXPOSED,102.0,78,13.0,14.0,12.0,12.0,7.222222222222222,905ff8a2,3/5 contour landmarks visible; source row spans
npc_regional_marsh_miner_m_model_right,EXPOSED,94.0,79,10.913499999999999,11.5778,8.0665,9.49,8.0665,f32feddd,1/5 contour landmarks visible; source row spans
npc_regional_marsh_noble_f_model_down,HIDDEN_BY_ROBE,94.0,78,10.913499999999999,11.5778,8.0665,9.49,6.168500000000001,ae41445c,0/5 contour landmarks visible; covered anatomy inferred
npc_regional_marsh_noble_f_model_left,HIDDEN_BY_ROBE,89.0,78,10.913499999999999,11.5778,8.0665,9.49,6.168500000000001,a126fba,0/5 contour landmarks visible; covered anatomy inferred
npc_regional_marsh_noble_f_model_up,HIDDEN_BY_ROBE,97.0,78,10.913499999999999,11.5778,8.0665,9.49,6.168500000000001,116c3523,0/5 contour landmarks visible; covered anatomy inferred
npc_regional_marsh_noble_f_model_right,HIDDEN_BY_ROBE,102.0,78,10.997449999999997,11.666859999999998,8.128549999999999,9.562999999999999,6.215949999999999,8c26eb18,0/5 contour landmarks visible; covered anatomy inferred
npc_regional_marsh_noble_m_model_down,HIDDEN_BY_ROBE,96.0,78,10.997449999999997,11.666859999999998,8.128549999999999,9.562999999999999,5.555555555555555,34296897,1/5 contour landmarks visible; covered anatomy inferred
npc_regional_marsh_noble_m_model_left,HIDDEN_BY_ROBE,93.0,78,10.997449999999997,11.666859999999998,8.128549999999999,9.562999999999999,6.215949999999999,d421a4c0,0/5 contour landmarks visible; covered anatomy inferred
npc_regional_marsh_noble_m_model_up,HIDDEN_BY_ROBE,96.0,78,10.997449999999997,11.666859999999998,8.128549999999999,9.562999999999999,6.215949999999999,c532b3e0,0/5 contour landmarks visible; covered anatomy inferred
npc_regional_marsh_noble_m_model_right,HIDDEN_BY_ROBE,98.0,78,10.997449999999997,11.666859999999998,8.128549999999999,9.562999999999999,6.215949999999999,9b1e1442,0/5 contour landmarks visible; covered anatomy inferred
npc_regional_marsh_scholar_f_model_down,HIDDEN_BY_ROBE,96.0,78,10.997449999999997,11.666859999999998,8.128549999999999,9.562999999999999,8.128549999999999,a08baf11,1/5 contour landmarks visible; covered anatomy inferred
npc_regional_marsh_scholar_f_model_left,HIDDEN_BY_ROBE,91.0,79,10.913499999999999,11.5778,8.0665,9.49,6.168500000000001,8b5bc66b,0/5 contour landmarks visible; covered anatomy inferred
npc_regional_marsh_scholar_f_model_up,HIDDEN_BY_ROBE,97.0,78,10.913499999999999,11.5778,8.0665,9.49,6.168500000000001,81df2091,0/5 contour landmarks visible; covered anatomy inferred
npc_regional_marsh_scholar_f_model_right,HIDDEN_BY_ROBE,101.0,78,10.997449999999997,11.666859999999998,8.128549999999999,9.562999999999999,6.215949999999999,bd818850,0/5 contour landmarks visible; covered anatomy inferred
npc_regional_marsh_scholar_m_model_down,HIDDEN_BY_ROBE,96.0,78,10.997449999999997,11.666859999999998,8.128549999999999,9.562999999999999,7.222222222222222,e6e39eef,1/5 contour landmarks visible; covered anatomy inferred
npc_regional_marsh_scholar_m_model_left,HIDDEN_BY_ROBE,99.0,79,10.913499999999999,11.5778,8.0665,9.49,8.0665,5067f983,1/5 contour landmarks visible; covered anatomy inferred
npc_regional_marsh_scholar_m_model_up,HIDDEN_BY_ROBE,96.0,78,10.997449999999997,11.666859999999998,8.128549999999999,9.562999999999999,6.666666666666666,b28f2d2b,1/5 contour landmarks visible; covered anatomy inferred
npc_regional_marsh_scholar_m_model_right,HIDDEN_BY_ROBE,92.0,78,10.997449999999997,11.666859999999998,8.128549999999999,9.562999999999999,8.128549999999999,bf460a2c,1/5 contour landmarks visible; covered anatomy inferred
npc_regional_marsh_trader_f_model_down,EXPOSED,95.0,78,10.913499999999999,11.5778,8.0665,9.49,6.111111111111111,c73c579e,1/5 contour landmarks visible; source row spans
npc_regional_marsh_trader_f_model_left,EXPOSED,93.0,78,10.82955,11.48874,8.00445,9.417,8.00445,de55365e,1/5 contour landmarks visible; source row spans
npc_regional_marsh_trader_f_model_up,EXPOSED,97.0,78,10.913499999999999,11.5778,8.0665,9.49,7.222222222222222,fe19941f,1/5 contour landmarks visible; source row spans
npc_regional_marsh_trader_f_model_right,EXPOSED,95.0,78,10.82955,11.48874,8.00445,9.417,8.00445,ba7118a1,1/5 contour landmarks visible; source row spans
npc_regional_marsh_trader_m_model_down,EXPOSED,93.0,78,10.997449999999997,11.666859999999998,8.128549999999999,8.88888888888889,6.111111111111111,94e23315,2/5 contour landmarks visible; source row spans
npc_regional_marsh_trader_m_model_left,EXPOSED,95.0,78,10.997449999999997,11.666859999999998,8.128549999999999,12.0,8.128549999999999,a5c4922,2/5 contour landmarks visible; source row spans
npc_regional_marsh_trader_m_model_up,EXPOSED,98.0,78,10.997449999999997,11.666859999999998,8.128549999999999,9.444444444444445,6.666666666666666,cdeaf92f,2/5 contour landmarks visible; source row spans
npc_regional_marsh_trader_m_model_right,EXPOSED,94.0,78,10.997449999999997,11.666859999999998,8.128549999999999,12.0,8.128549999999999,79ccfab3,2/5 contour landmarks visible; source row spans
npc_regional_north_artisan_f_model_down,EXPOSED,95.0,78,10.997449999999997,11.666859999999998,8.128549999999999,9.562999999999999,7.777777777777778,5abe0234,1/5 contour landmarks visible; source row spans
npc_regional_north_artisan_f_model_left,EXPOSED,95.0,79,10.913499999999999,11.5778,8.0665,9.49,6.168500000000001,ef23cf63,0/5 contour landmarks visible; source row spans
npc_regional_north_artisan_f_model_up,EXPOSED,96.0,78,10.997449999999997,11.666859999999998,8.128549999999999,9.562999999999999,8.128549999999999,78d42a25,1/5 contour landmarks visible; source row spans
npc_regional_north_artisan_f_model_right,EXPOSED,97.0,78,10.997449999999997,11.666859999999998,8.128549999999999,9.562999999999999,6.215949999999999,4c5872d7,0/5 contour landmarks visible; source row spans
npc_regional_north_artisan_m_model_down,EXPOSED,97.0,79,10.913499999999999,11.5778,8.0665,9.49,8.0665,27602a18,1/5 contour landmarks visible; source row spans
npc_regional_north_artisan_m_model_left,EXPOSED,93.0,78,10.82955,11.48874,8.00445,9.417,6.12105,f4156564,0/5 contour landmarks visible; source row spans
npc_regional_north_artisan_m_model_up,EXPOSED,96.0,78,10.82955,11.48874,8.00445,12.0,8.00445,186c359d,2/5 contour landmarks visible; source row spans
npc_regional_north_artisan_m_model_right,EXPOSED,100.0,78,10.82955,11.48874,8.00445,9.417,6.12105,67569d36,0/5 contour landmarks visible; source row spans
npc_regional_north_farmer_f_model_down,EXPOSED,96.0,78,10.997449999999997,11.666859999999998,8.128549999999999,9.562999999999999,7.222222222222222,19b7ea10,1/5 contour landmarks visible; source row spans
npc_regional_north_farmer_f_model_left,EXPOSED,96.0,78,10.913499999999999,11.5778,8.0665,9.49,6.168500000000001,18d305c8,0/5 contour landmarks visible; source row spans
npc_regional_north_farmer_f_model_up,EXPOSED,96.0,78,10.997449999999997,11.666859999999998,8.128549999999999,9.562999999999999,7.777777777777778,969f7426,1/5 contour landmarks visible; source row spans
npc_regional_north_farmer_f_model_right,EXPOSED,96.0,78,10.997449999999997,11.666859999999998,8.128549999999999,9.562999999999999,6.215949999999999,f8236d46,0/5 contour landmarks visible; source row spans
npc_regional_north_farmer_m_model_down,EXPOSED,96.0,78,10.913499999999999,11.5778,8.0665,12.0,8.0665,2d022807,2/5 contour landmarks visible; source row spans
npc_regional_north_farmer_m_model_left,EXPOSED,96.0,79,10.913499999999999,11.5778,8.0665,9.49,6.168500000000001,2eb6eebb,0/5 contour landmarks visible; source row spans
npc_regional_north_farmer_m_model_up,EXPOSED,96.0,79,10.913499999999999,11.5778,8.0665,12.0,8.0665,cbc1ca17,2/5 contour landmarks visible; source row spans
npc_regional_north_farmer_m_model_right,EXPOSED,96.0,78,10.997449999999997,11.666859999999998,8.128549999999999,9.562999999999999,6.215949999999999,6bc23752,0/5 contour landmarks visible; source row spans
npc_regional_north_guard_f_model_down,ARMOR,96.0,78,13.753999999999998,14.591199999999999,10.165999999999999,11.959999999999999,7.777777777777778,59c79773,1/5 contour landmarks visible; source row spans
npc_regional_north_guard_f_model_left,ARMOR,89.0,78,13.859799999999998,14.703439999999999,10.2442,12.0,7.8338,13b59f8e,0/5 contour landmarks visible; source row spans
npc_regional_north_guard_f_model_up,ARMOR,95.0,78,13.859799999999998,14.703439999999999,10.2442,12.0,8.333333333333334,42bdbb8,1/5 contour landmarks visible; source row spans
npc_regional_north_guard_f_model_right,ARMOR,102.0,78,13.859799999999998,14.703439999999999,10.2442,12.0,7.8338,f988ada8,0/5 contour landmarks visible; source row spans
npc_regional_north_guard_m_model_down,ARMOR,94.0,78,13.859799999999998,14.703439999999999,10.2442,12.0,8.333333333333334,a1ec9cd6,1/5 contour landmarks visible; source row spans
npc_regional_north_guard_m_model_left,ARMOR,99.0,78,13.753999999999998,14.591199999999999,10.165999999999999,11.959999999999999,7.774,9d411b86,0/5 contour landmarks visible; source row spans
npc_regional_north_guard_m_model_up,ARMOR,97.0,78,13.753999999999998,14.591199999999999,10.165999999999999,11.959999999999999,9.444444444444445,80ec4f36,1/5 contour landmarks visible; source row spans
npc_regional_north_guard_m_model_right,ARMOR,94.0,78,13.6482,14.47896,10.0878,11.868,7.714200000000001,c4c2e2d,0/5 contour landmarks visible; source row spans
npc_regional_north_healer_f_model_down,HIDDEN_BY_ROBE,95.0,78,10.913499999999999,11.5778,8.0665,9.49,8.0665,7d40619a,1/5 contour landmarks visible; covered anatomy inferred
npc_regional_north_healer_f_model_left,HIDDEN_BY_ROBE,95.0,78,10.997449999999997,11.666859999999998,8.128549999999999,9.562999999999999,6.215949999999999,c3c0cf9b,0/5 contour landmarks visible; covered anatomy inferred
npc_regional_north_healer_f_model_up,HIDDEN_BY_ROBE,96.0,78,10.913499999999999,11.5778,8.0665,9.49,7.777777777777778,e57d5d66,1/5 contour landmarks visible; covered anatomy inferred
npc_regional_north_healer_f_model_right,HIDDEN_BY_ROBE,97.0,78,10.997449999999997,11.666859999999998,8.128549999999999,9.562999999999999,6.215949999999999,435dad86,0/5 contour landmarks visible; covered anatomy inferred
npc_regional_north_healer_m_model_down,HIDDEN_BY_ROBE,95.0,78,10.997449999999997,11.666859999999998,8.128549999999999,9.562999999999999,8.128549999999999,bb5bcd85,1/5 contour landmarks visible; covered anatomy inferred
npc_regional_north_healer_m_model_left,HIDDEN_BY_ROBE,96.0,78,10.997449999999997,11.666859999999998,8.128549999999999,9.562999999999999,6.215949999999999,e8ce5f98,0/5 contour landmarks visible; covered anatomy inferred
npc_regional_north_healer_m_model_up,HIDDEN_BY_ROBE,95.0,78,10.913499999999999,11.5778,8.0665,9.49,8.0665,604777c,1/5 contour landmarks visible; covered anatomy inferred
npc_regional_north_healer_m_model_right,HIDDEN_BY_ROBE,96.0,78,10.997449999999997,11.666859999999998,8.128549999999999,9.562999999999999,6.215949999999999,dbdd0640,0/5 contour landmarks visible; covered anatomy inferred
npc_regional_north_miner_f_model_down,EXPOSED,98.0,78,10.997449999999997,11.666859999999998,8.128549999999999,10.555555555555555,8.128549999999999,171423f3,2/5 contour landmarks visible; source row spans
npc_regional_north_miner_f_model_left,EXPOSED,93.0,78,10.997449999999997,11.666859999999998,8.128549999999999,9.562999999999999,6.215949999999999,b0ef4372,0/5 contour landmarks visible; source row spans
npc_regional_north_miner_f_model_up,EXPOSED,93.0,79,10.913499999999999,11.5778,8.0665,10.0,8.0665,e29bf434,2/5 contour landmarks visible; source row spans
npc_regional_north_miner_f_model_right,EXPOSED,98.0,78,10.997449999999997,11.666859999999998,8.128549999999999,9.562999999999999,6.215949999999999,6aeb1857,0/5 contour landmarks visible; source row spans
npc_regional_north_miner_m_model_down,EXPOSED,96.0,78,10.913499999999999,11.5778,8.0665,12.0,8.0665,175d25ed,2/5 contour landmarks visible; source row spans
npc_regional_north_miner_m_model_left,EXPOSED,91.0,78,10.82955,11.48874,8.00445,9.417,6.12105,39e83d55,0/5 contour landmarks visible; source row spans
npc_regional_north_miner_m_model_up,EXPOSED,96.0,78,10.913499999999999,11.5778,8.0665,12.0,8.0665,52f14690,2/5 contour landmarks visible; source row spans
npc_regional_north_miner_m_model_right,EXPOSED,101.0,78,10.82955,11.48874,8.00445,9.417,6.12105,29ac5ccf,0/5 contour landmarks visible; source row spans
npc_regional_north_noble_f_model_down,HIDDEN_BY_ROBE,96.0,78,10.997449999999997,11.666859999999998,8.128549999999999,9.562999999999999,8.128549999999999,3e27f7f2,1/5 contour landmarks visible; covered anatomy inferred
npc_regional_north_noble_f_model_left,HIDDEN_BY_ROBE,94.0,78,10.997449999999997,11.666859999999998,8.128549999999999,9.562999999999999,6.215949999999999,844f4fbb,0/5 contour landmarks visible; covered anatomy inferred
npc_regional_north_noble_f_model_up,HIDDEN_BY_ROBE,96.0,79,10.913499999999999,11.5778,8.0665,9.49,7.222222222222222,d967e18,1/5 contour landmarks visible; covered anatomy inferred
npc_regional_north_noble_f_model_right,HIDDEN_BY_ROBE,97.0,79,10.913499999999999,11.5778,8.0665,9.49,6.168500000000001,5b1550c2,0/5 contour landmarks visible; covered anatomy inferred
npc_regional_north_noble_m_model_down,HIDDEN_BY_ROBE,95.0,78,10.997449999999997,11.666859999999998,8.128549999999999,9.562999999999999,8.128549999999999,e92d63ea,1/5 contour landmarks visible; covered anatomy inferred
npc_regional_north_noble_m_model_left,HIDDEN_BY_ROBE,97.0,78,10.997449999999997,11.666859999999998,8.128549999999999,9.562999999999999,6.215949999999999,9dbcab0c,0/5 contour landmarks visible; covered anatomy inferred
npc_regional_north_noble_m_model_up,HIDDEN_BY_ROBE,96.0,78,10.997449999999997,11.666859999999998,8.128549999999999,9.562999999999999,6.215949999999999,fc42368e,0/5 contour landmarks visible; covered anatomy inferred
npc_regional_north_noble_m_model_right,HIDDEN_BY_ROBE,94.0,78,10.997449999999997,11.666859999999998,8.128549999999999,9.562999999999999,6.215949999999999,1be339e6,0/5 contour landmarks visible; covered anatomy inferred
npc_regional_north_scholar_f_model_down,HIDDEN_BY_ROBE,96.0,77,10.82955,11.48874,8.00445,9.417,7.222222222222222,2af5f592,1/5 contour landmarks visible; covered anatomy inferred
npc_regional_north_scholar_f_model_left,HIDDEN_BY_ROBE,96.0,79,10.913499999999999,11.5778,8.0665,9.49,6.168500000000001,f297af56,0/5 contour landmarks visible; covered anatomy inferred
npc_regional_north_scholar_f_model_up,HIDDEN_BY_ROBE,96.0,79,10.913499999999999,11.5778,8.0665,9.49,8.0665,34f3ddfb,1/5 contour landmarks visible; covered anatomy inferred
npc_regional_north_scholar_f_model_right,HIDDEN_BY_ROBE,95.0,78,10.997449999999997,11.666859999999998,8.128549999999999,9.562999999999999,6.215949999999999,8d469d5,0/5 contour landmarks visible; covered anatomy inferred
npc_regional_north_scholar_m_model_down,HIDDEN_BY_ROBE,95.0,79,10.913499999999999,11.5778,8.0665,9.49,8.0665,a272f509,1/5 contour landmarks visible; covered anatomy inferred
npc_regional_north_scholar_m_model_left,HIDDEN_BY_ROBE,93.0,78,10.997449999999997,11.666859999999998,8.128549999999999,9.562999999999999,6.215949999999999,6a6a6bdc,0/5 contour landmarks visible; covered anatomy inferred
npc_regional_north_scholar_m_model_up,HIDDEN_BY_ROBE,96.0,79,10.913499999999999,11.5778,8.0665,9.49,8.0665,45670959,1/5 contour landmarks visible; covered anatomy inferred
npc_regional_north_scholar_m_model_right,HIDDEN_BY_ROBE,99.0,78,10.997449999999997,11.666859999999998,8.128549999999999,9.562999999999999,6.215949999999999,5b952bea,0/5 contour landmarks visible; covered anatomy inferred
npc_regional_north_trader_f_model_down,EXPOSED,94.0,78,10.913499999999999,11.5778,8.0665,9.49,8.0665,abae3bf,1/5 contour landmarks visible; source row spans
npc_regional_north_trader_f_model_left,EXPOSED,96.0,78,10.997449999999997,11.666859999999998,8.128549999999999,9.562999999999999,6.215949999999999,96fb245,0/5 contour landmarks visible; source row spans
npc_regional_north_trader_f_model_up,EXPOSED,95.0,78,10.997449999999997,11.666859999999998,8.128549999999999,9.562999999999999,7.222222222222222,37d21a4f,1/5 contour landmarks visible; source row spans
npc_regional_north_trader_f_model_right,EXPOSED,95.0,78,10.997449999999997,11.666859999999998,8.128549999999999,9.562999999999999,6.215949999999999,4865ea23,0/5 contour landmarks visible; source row spans
npc_regional_north_trader_m_model_down,EXPOSED,96.0,78,10.997449999999997,11.666859999999998,8.128549999999999,9.562999999999999,8.128549999999999,9405e004,1/5 contour landmarks visible; source row spans
npc_regional_north_trader_m_model_left,EXPOSED,94.0,78,10.997449999999997,11.666859999999998,8.128549999999999,9.562999999999999,6.215949999999999,d9f63f5a,0/5 contour landmarks visible; source row spans
npc_regional_north_trader_m_model_up,EXPOSED,96.0,78,10.997449999999997,11.666859999999998,8.128549999999999,9.562999999999999,8.128549999999999,dc2c23db,1/5 contour landmarks visible; source row spans
npc_regional_north_trader_m_model_right,EXPOSED,97.0,78,10.997449999999997,11.666859999999998,8.128549999999999,9.562999999999999,6.215949999999999,aa35afd9,0/5 contour landmarks visible; source row spans
npc_regional_temperate_artisan_f_model_down,EXPOSED,91.0,78,10.913499999999999,11.5778,8.0665,9.49,6.666666666666666,bd15e442,1/5 contour landmarks visible; source row spans
npc_regional_temperate_artisan_f_model_left,EXPOSED,96.0,78,10.997449999999997,11.666859999999998,8.128549999999999,9.562999999999999,8.128549999999999,66c88f4f,1/5 contour landmarks visible; source row spans
npc_regional_temperate_artisan_f_model_up,EXPOSED,100.0,78,10.82955,11.48874,8.00445,9.417,7.222222222222222,faa01394,1/5 contour landmarks visible; source row spans
npc_regional_temperate_artisan_f_model_right,EXPOSED,95.0,78,10.913499999999999,11.5778,8.0665,9.49,8.0665,b58f2a86,1/5 contour landmarks visible; source row spans
npc_regional_temperate_artisan_m_model_down,EXPOSED,99.0,78,10.997449999999997,11.666859999999998,8.128549999999999,12.0,8.128549999999999,b0b165f8,2/5 contour landmarks visible; source row spans
npc_regional_temperate_artisan_m_model_left,EXPOSED,100.0,78,10.997449999999997,11.666859999999998,8.128549999999999,9.562999999999999,6.215949999999999,b2707713,0/5 contour landmarks visible; source row spans
npc_regional_temperate_artisan_m_model_up,EXPOSED,94.0,78,10.997449999999997,11.666859999999998,8.128549999999999,12.0,8.128549999999999,ce8b640a,2/5 contour landmarks visible; source row spans
npc_regional_temperate_artisan_m_model_right,EXPOSED,92.0,78,10.997449999999997,11.666859999999998,8.128549999999999,9.562999999999999,6.215949999999999,8e204218,0/5 contour landmarks visible; source row spans
npc_regional_temperate_farmer_f_model_down,EXPOSED,96.0,78,10.913499999999999,11.5778,8.0665,9.49,6.168500000000001,8408baa8,0/5 contour landmarks visible; source row spans
npc_regional_temperate_farmer_f_model_left,EXPOSED,93.0,78,10.82955,11.48874,8.00445,9.417,6.12105,890dc84a,0/5 contour landmarks visible; source row spans
npc_regional_temperate_farmer_f_model_up,EXPOSED,96.0,78,10.82955,11.48874,8.00445,9.417,6.12105,2feb62d,0/5 contour landmarks visible; source row spans
npc_regional_temperate_farmer_f_model_right,EXPOSED,99.0,79,10.913499999999999,11.5778,8.0665,9.49,6.168500000000001,385ea13f,0/5 contour landmarks visible; source row spans
npc_regional_temperate_farmer_m_model_down,EXPOSED,96.0,79,11.555555555555555,12.555555555555555,10.555555555555555,11.11111111111111,8.88888888888889,9dc7c40d,3/5 contour landmarks visible; source row spans
npc_regional_temperate_farmer_m_model_left,EXPOSED,100.0,79,10.913499999999999,11.5778,8.0665,9.49,6.168500000000001,3df400b7,0/5 contour landmarks visible; source row spans
npc_regional_temperate_farmer_m_model_up,EXPOSED,96.0,79,12.11111111111111,13.11111111111111,11.11111111111111,11.666666666666666,8.88888888888889,c6d264e9,3/5 contour landmarks visible; source row spans
npc_regional_temperate_farmer_m_model_right,EXPOSED,92.0,79,10.913499999999999,11.5778,8.0665,9.49,6.168500000000001,cb556e4f,0/5 contour landmarks visible; source row spans
npc_regional_temperate_guard_f_model_down,ARMOR,96.0,78,13.6482,14.47896,10.0878,11.666666666666666,6.666666666666666,bcef9e18,2/5 contour landmarks visible; source row spans
npc_regional_temperate_guard_f_model_left,ARMOR,91.0,78,13.859799999999998,14.703439999999999,10.2442,12.0,10.2442,4faa089c,1/5 contour landmarks visible; source row spans
npc_regional_temperate_guard_f_model_up,ARMOR,94.0,78,13.6482,14.47896,10.0878,11.868,6.666666666666666,37724165,1/5 contour landmarks visible; source row spans
npc_regional_temperate_guard_f_model_right,ARMOR,102.0,78,13.859799999999998,14.703439999999999,10.2442,12.0,10.2442,8ac81303,1/5 contour landmarks visible; source row spans
npc_regional_temperate_guard_m_model_down,ARMOR,96.0,79,13.753999999999998,14.591199999999999,10.165999999999999,10.555555555555555,8.88888888888889,87c7b190,2/5 contour landmarks visible; source row spans
npc_regional_temperate_guard_m_model_left,ARMOR,92.0,79,13.753999999999998,14.591199999999999,10.165999999999999,11.959999999999999,7.774,5c876e33,0/5 contour landmarks visible; source row spans
npc_regional_temperate_guard_m_model_up,ARMOR,96.0,79,13.753999999999998,14.591199999999999,12.0,12.0,8.88888888888889,44cd244d,3/5 contour landmarks visible; source row spans
npc_regional_temperate_guard_m_model_right,ARMOR,99.0,78,13.859799999999998,14.703439999999999,10.2442,12.0,7.8338,a3001a22,0/5 contour landmarks visible; source row spans
npc_regional_temperate_healer_f_model_down,HIDDEN_BY_ROBE,95.0,78,10.997449999999997,11.666859999999998,8.128549999999999,9.562999999999999,6.215949999999999,7e5607e5,0/5 contour landmarks visible; covered anatomy inferred
npc_regional_temperate_healer_f_model_left,HIDDEN_BY_ROBE,100.0,78,10.997449999999997,11.666859999999998,8.128549999999999,9.562999999999999,6.215949999999999,c8bfd575,0/5 contour landmarks visible; covered anatomy inferred
npc_regional_temperate_healer_f_model_up,HIDDEN_BY_ROBE,97.0,78,10.997449999999997,11.666859999999998,8.128549999999999,9.562999999999999,6.215949999999999,362233de,0/5 contour landmarks visible; covered anatomy inferred
npc_regional_temperate_healer_f_model_right,HIDDEN_BY_ROBE,94.0,82,10.325849999999999,10.954379999999999,7.632149999999999,8.979,5.8363499999999995,4c472125,0/5 contour landmarks visible; covered anatomy inferred
npc_regional_temperate_healer_m_model_down,HIDDEN_BY_ROBE,96.0,78,10.997449999999997,11.666859999999998,8.128549999999999,9.562999999999999,7.222222222222222,58629ea1,1/5 contour landmarks visible; covered anatomy inferred
npc_regional_temperate_healer_m_model_left,HIDDEN_BY_ROBE,98.0,78,10.997449999999997,11.666859999999998,8.128549999999999,9.562999999999999,8.128549999999999,39729f28,1/5 contour landmarks visible; covered anatomy inferred
npc_regional_temperate_healer_m_model_up,HIDDEN_BY_ROBE,93.0,78,10.913499999999999,11.5778,8.0665,9.49,6.666666666666666,92e9d5c5,1/5 contour landmarks visible; covered anatomy inferred
npc_regional_temperate_healer_m_model_right,HIDDEN_BY_ROBE,96.0,78,10.997449999999997,11.666859999999998,8.128549999999999,9.562999999999999,6.215949999999999,ba876d2f,0/5 contour landmarks visible; covered anatomy inferred
npc_regional_temperate_miner_f_model_down,EXPOSED,105.0,78,12.11111111111111,13.11111111111111,11.11111111111111,11.11111111111111,6.666666666666666,1ca5c234,3/5 contour landmarks visible; source row spans
npc_regional_temperate_miner_f_model_left,EXPOSED,87.0,78,10.997449999999997,11.666859999999998,8.128549999999999,9.562999999999999,8.128549999999999,9aeedc37,1/5 contour landmarks visible; source row spans
npc_regional_temperate_miner_f_model_up,EXPOSED,87.0,78,11.555555555555555,12.555555555555555,10.555555555555555,10.555555555555555,6.666666666666666,eacc076e,3/5 contour landmarks visible; source row spans
npc_regional_temperate_miner_f_model_right,EXPOSED,107.0,78,10.913499999999999,11.5778,8.0665,9.49,6.168500000000001,152d748f,0/5 contour landmarks visible; source row spans
npc_regional_temperate_miner_m_model_down,EXPOSED,103.0,78,13.0,14.0,12.0,12.0,11.11111111111111,a6f7402b,3/5 contour landmarks visible; source row spans
npc_regional_temperate_miner_m_model_left,EXPOSED,96.0,78,10.997449999999997,11.666859999999998,8.128549999999999,9.562999999999999,6.215949999999999,36fe2014,0/5 contour landmarks visible; source row spans
npc_regional_temperate_miner_m_model_up,EXPOSED,90.0,78,13.0,14.0,12.0,12.0,11.11111111111111,8ea5a518,3/5 contour landmarks visible; source row spans
npc_regional_temperate_miner_m_model_right,EXPOSED,95.0,78,10.997449999999997,11.666859999999998,8.128549999999999,9.562999999999999,6.215949999999999,1601e3f8,0/5 contour landmarks visible; source row spans
npc_regional_temperate_noble_f_model_down,HIDDEN_BY_ROBE,96.0,79,10.913499999999999,11.5778,8.0665,9.49,6.168500000000001,c5b45ad0,0/5 contour landmarks visible; covered anatomy inferred
npc_regional_temperate_noble_f_model_left,HIDDEN_BY_ROBE,94.0,78,10.997449999999997,11.666859999999998,8.128549999999999,9.562999999999999,6.215949999999999,2c79528d,0/5 contour landmarks visible; covered anatomy inferred
npc_regional_temperate_noble_f_model_up,HIDDEN_BY_ROBE,96.0,78,10.997449999999997,11.666859999999998,8.128549999999999,9.562999999999999,6.215949999999999,2b21d5c4,0/5 contour landmarks visible; covered anatomy inferred
npc_regional_temperate_noble_f_model_right,HIDDEN_BY_ROBE,98.0,78,10.997449999999997,11.666859999999998,8.128549999999999,9.562999999999999,6.215949999999999,2b07458b,0/5 contour landmarks visible; covered anatomy inferred
npc_regional_temperate_noble_m_model_down,HIDDEN_BY_ROBE,96.0,78,10.997449999999997,11.666859999999998,8.128549999999999,9.562999999999999,8.128549999999999,feb05045,1/5 contour landmarks visible; covered anatomy inferred
npc_regional_temperate_noble_m_model_left,HIDDEN_BY_ROBE,90.0,79,10.913499999999999,11.5778,8.0665,9.49,8.0665,57ac784c,1/5 contour landmarks visible; covered anatomy inferred
npc_regional_temperate_noble_m_model_up,HIDDEN_BY_ROBE,96.0,79,10.913499999999999,11.5778,8.0665,9.49,7.777777777777778,38344337,1/5 contour landmarks visible; covered anatomy inferred
npc_regional_temperate_noble_m_model_right,HIDDEN_BY_ROBE,102.0,78,10.997449999999997,11.666859999999998,8.128549999999999,12.0,8.128549999999999,6c7f6e12,2/5 contour landmarks visible; covered anatomy inferred
npc_regional_temperate_scholar_f_model_down,HIDDEN_BY_ROBE,96.0,79,10.913499999999999,11.5778,8.0665,9.49,6.168500000000001,b9589c11,0/5 contour landmarks visible; covered anatomy inferred
npc_regional_temperate_scholar_f_model_left,HIDDEN_BY_ROBE,90.0,78,10.913499999999999,11.5778,8.0665,9.49,6.168500000000001,27572f84,0/5 contour landmarks visible; covered anatomy inferred
npc_regional_temperate_scholar_f_model_up,HIDDEN_BY_ROBE,96.0,79,10.913499999999999,11.5778,8.0665,9.49,6.168500000000001,fd971523,0/5 contour landmarks visible; covered anatomy inferred
npc_regional_temperate_scholar_f_model_right,HIDDEN_BY_ROBE,100.0,78,10.913499999999999,11.5778,8.0665,9.49,6.168500000000001,b916dc5f,0/5 contour landmarks visible; covered anatomy inferred
npc_regional_temperate_scholar_m_model_down,HIDDEN_BY_ROBE,96.0,79,10.913499999999999,11.5778,8.0665,9.49,6.168500000000001,fb4d4cc0,0/5 contour landmarks visible; covered anatomy inferred
npc_regional_temperate_scholar_m_model_left,HIDDEN_BY_ROBE,96.0,78,10.997449999999997,11.666859999999998,8.128549999999999,9.562999999999999,6.215949999999999,d73cf6c3,0/5 contour landmarks visible; covered anatomy inferred
npc_regional_temperate_scholar_m_model_up,HIDDEN_BY_ROBE,96.0,78,10.997449999999997,11.666859999999998,8.128549999999999,9.562999999999999,6.215949999999999,135b674,0/5 contour landmarks visible; covered anatomy inferred
npc_regional_temperate_scholar_m_model_right,HIDDEN_BY_ROBE,97.0,78,10.997449999999997,11.666859999999998,8.128549999999999,9.562999999999999,6.215949999999999,6b150133,0/5 contour landmarks visible; covered anatomy inferred
npc_regional_temperate_trader_f_model_down,EXPOSED,96.0,81,10.493749999999999,11.1325,7.75625,9.125,7.75625,c23a12a7,1/5 contour landmarks visible; source row spans
npc_regional_temperate_trader_f_model_left,EXPOSED,91.0,81,10.409799999999999,11.043439999999999,7.6941999999999995,9.052,5.8838,ba70c827,0/5 contour landmarks visible; source row spans
npc_regional_temperate_trader_f_model_up,EXPOSED,96.0,78,10.997449999999997,11.666859999999998,8.128549999999999,9.562999999999999,8.128549999999999,58f3af66,1/5 contour landmarks visible; source row spans
npc_regional_temperate_trader_f_model_right,EXPOSED,100.0,79,10.913499999999999,11.5778,8.0665,9.49,6.168500000000001,c64fdc63,0/5 contour landmarks visible; source row spans
npc_regional_temperate_trader_m_model_down,EXPOSED,94.0,78,10.997449999999997,11.666859999999998,8.128549999999999,9.562999999999999,6.666666666666666,4c5ae137,1/5 contour landmarks visible; source row spans
npc_regional_temperate_trader_m_model_left,EXPOSED,96.0,79,10.913499999999999,11.5778,8.0665,9.49,6.168500000000001,3edec442,0/5 contour landmarks visible; source row spans
npc_regional_temperate_trader_m_model_up,EXPOSED,98.0,79,10.913499999999999,11.5778,8.0665,9.49,6.666666666666666,2a73fac,1/5 contour landmarks visible; source row spans
npc_regional_temperate_trader_m_model_right,EXPOSED,96.0,78,10.997449999999997,11.666859999999998,8.128549999999999,9.562999999999999,6.215949999999999,236afa69,0/5 contour landmarks visible; source row spans
npc_ren_model_down,EXPOSED,95.0,78,10.997449999999997,11.666859999999998,8.128549999999999,9.562999999999999,8.128549999999999,dfbcf439,1/5 contour landmarks visible; source row spans
npc_ren_model_left,EXPOSED,95.0,78,10.997449999999997,11.666859999999998,8.128549999999999,9.562999999999999,8.128549999999999,8a82a1b7,1/5 contour landmarks visible; source row spans
npc_ren_model_up,EXPOSED,96.0,78,10.997449999999997,11.666859999999998,8.128549999999999,9.562999999999999,8.128549999999999,43c24315,1/5 contour landmarks visible; source row spans
npc_ren_model_right,EXPOSED,98.0,78,10.997449999999997,11.666859999999998,8.128549999999999,9.562999999999999,6.215949999999999,fa0589e9,0/5 contour landmarks visible; source row spans
npc_rowan_model_down,EXPOSED,96.0,78,10.997449999999997,11.666859999999998,8.128549999999999,9.562999999999999,8.128549999999999,93200de6,1/5 contour landmarks visible; source row spans
npc_rowan_model_left,EXPOSED,100.0,78,10.997449999999997,11.666859999999998,8.128549999999999,9.562999999999999,8.128549999999999,817af1f2,1/5 contour landmarks visible; source row spans
npc_rowan_model_up,EXPOSED,94.0,78,10.997449999999997,11.666859999999998,8.128549999999999,9.562999999999999,8.128549999999999,c485950b,1/5 contour landmarks visible; source row spans
npc_rowan_model_right,EXPOSED,95.0,78,10.997449999999997,11.666859999999998,8.128549999999999,9.562999999999999,6.215949999999999,bcb9938,0/5 contour landmarks visible; source row spans
npc_sable_model_down,EXPOSED,101.0,78,10.997449999999997,11.666859999999998,8.128549999999999,8.128549999999999,5.555555555555555,b4f07af3,2/5 contour landmarks visible; source row spans
npc_sable_model_left,EXPOSED,94.0,78,10.997449999999997,11.666859999999998,8.128549999999999,8.128549999999999,8.128549999999999,12145c24,2/5 contour landmarks visible; source row spans
npc_sable_model_up,EXPOSED,92.0,78,10.997449999999997,11.666859999999998,8.128549999999999,12.0,8.128549999999999,7ec01bd3,2/5 contour landmarks visible; source row spans
npc_sable_model_right,EXPOSED,98.0,78,10.997449999999997,11.666859999999998,8.128549999999999,8.128549999999999,8.128549999999999,1e644d64,2/5 contour landmarks visible; source row spans
npc_samir_model_down,ARMOR,95.0,78,13.859799999999998,14.703439999999999,10.2442,12.0,5.0,3c25616a,2/5 contour landmarks visible; source row spans
npc_samir_model_down_left,ARMOR,92.0,78,13.859799999999998,14.703439999999999,10.2442,12.0,10.2442,6af20f6d,1/5 contour landmarks visible; source row spans
npc_samir_model_left,ARMOR,93.0,78,13.859799999999998,14.703439999999999,10.2442,12.0,10.2442,c4f53cd0,1/5 contour landmarks visible; source row spans
npc_samir_model_up_left,ARMOR,92.0,78,13.859799999999998,14.703439999999999,10.2442,12.0,7.8338,9a3a6eb2,0/5 contour landmarks visible; source row spans
npc_samir_model_up,ARMOR,96.0,78,13.859799999999998,14.703439999999999,10.2442,12.0,6.111111111111111,67b17729,1/5 contour landmarks visible; source row spans
npc_samir_model_up_right,ARMOR,100.0,78,13.859799999999998,14.703439999999999,10.2442,12.0,7.8338,218790a4,0/5 contour landmarks visible; source row spans
npc_samir_model_right,ARMOR,98.0,78,13.859799999999998,14.703439999999999,10.2442,12.0,10.2442,b31c16c4,1/5 contour landmarks visible; source row spans
npc_samir_model_down_right,ARMOR,100.0,78,13.859799999999998,14.703439999999999,10.2442,12.0,10.2442,9cefedc3,1/5 contour landmarks visible; source row spans
npc_seraphine_model_down,EXPOSED,97.0,78,12.11111111111111,13.11111111111111,11.11111111111111,11.11111111111111,5.555555555555555,a604403e,3/5 contour landmarks visible; source row spans
npc_seraphine_model_down_left,EXPOSED,88.0,78,10.997449999999997,11.666859999999998,8.128549999999999,8.128549999999999,8.128549999999999,a9d76625,2/5 contour landmarks visible; source row spans
npc_seraphine_model_left,EXPOSED,90.0,78,10.997449999999997,11.666859999999998,8.128549999999999,9.0,8.128549999999999,34f61d41,2/5 contour landmarks visible; source row spans
npc_seraphine_model_up_left,EXPOSED,89.0,78,10.997449999999997,11.666859999999998,8.128549999999999,9.562999999999999,8.128549999999999,d5c82559,1/5 contour landmarks visible; source row spans
npc_seraphine_model_up,EXPOSED,94.0,78,10.997449999999997,11.666859999999998,8.128549999999999,11.11111111111111,6.111111111111111,c0049651,2/5 contour landmarks visible; source row spans
npc_seraphine_model_up_right,EXPOSED,101.0,78,10.997449999999997,11.666859999999998,8.128549999999999,9.562999999999999,8.128549999999999,c9eab3b7,1/5 contour landmarks visible; source row spans
npc_seraphine_model_right,EXPOSED,105.60000000000001,78,11.0,12.0,8.0,10.0,6.0,8c9485d7,5/5 contour landmarks visible; source row spans
npc_seraphine_model_down_right,EXPOSED,105.0,78,10.997449999999997,11.666859999999998,8.128549999999999,8.128549999999999,8.128549999999999,b7a63088,2/5 contour landmarks visible; source row spans
npc_story_ash_scribe_damar_model_down,EXPOSED,96.0,79,10.913499999999999,11.5778,8.0665,8.0665,5.0,152d3088,2/5 contour landmarks visible; source row spans
npc_story_ash_scribe_damar_model_left,EXPOSED,96.0,79,10.913499999999999,11.5778,8.0665,8.0665,7.0,d69cf70a,2/5 contour landmarks visible; source row spans
npc_story_ash_scribe_damar_model_up,EXPOSED,96.0,79,10.913499999999999,11.5778,8.0665,8.0665,5.0,9895b6dd,2/5 contour landmarks visible; source row spans
npc_story_ash_scribe_damar_model_right,EXPOSED,96.0,79,10.913499999999999,11.5778,8.0665,8.0665,7.0,af83696f,2/5 contour landmarks visible; source row spans
npc_story_bellwright_nessa_model_down,EXPOSED,95.0,78,10.82955,11.48874,8.00445,8.00445,7.222222222222222,c3ad56fd,2/5 contour landmarks visible; source row spans
npc_story_bellwright_nessa_model_left,EXPOSED,95.0,78,10.82955,11.48874,8.00445,12.0,8.00445,81cfbb1c,2/5 contour landmarks visible; source row spans
npc_story_bellwright_nessa_model_up,EXPOSED,95.0,78,10.82955,11.48874,8.00445,8.00445,7.222222222222222,be42e7cd,2/5 contour landmarks visible; source row spans
npc_story_bellwright_nessa_model_right,EXPOSED,95.0,78,10.82955,11.48874,8.00445,12.0,8.00445,e59d3632,2/5 contour landmarks visible; source row spans
npc_story_captain_elric_snowrest_model_down,EXPOSED,101.0,78,10.913499999999999,11.5778,8.0665,8.0665,5.0,f27b1dc7,2/5 contour landmarks visible; source row spans
npc_story_captain_elric_snowrest_model_left,EXPOSED,101.0,78,10.913499999999999,11.5778,8.0665,9.0,8.0,db9b95af,2/5 contour landmarks visible; source row spans
npc_story_captain_elric_snowrest_model_up,EXPOSED,101.0,78,10.913499999999999,11.5778,8.0665,8.0665,5.0,25937b40,2/5 contour landmarks visible; source row spans
npc_story_captain_elric_snowrest_model_right,EXPOSED,101.0,78,10.913499999999999,11.5778,8.0665,9.0,8.0,ad2f59da,2/5 contour landmarks visible; source row spans
npc_story_elder_rowan_model_down,EXPOSED,94.0,78,10.913499999999999,11.5778,8.0665,9.49,8.0665,3fd43acd,1/5 contour landmarks visible; source row spans
npc_story_elder_rowan_model_left,EXPOSED,94.0,78,10.913499999999999,11.5778,8.0665,9.49,8.0665,3723476d,1/5 contour landmarks visible; source row spans
npc_story_elder_rowan_model_up,EXPOSED,94.0,78,10.913499999999999,11.5778,8.0665,9.49,8.0665,88679f76,1/5 contour landmarks visible; source row spans
npc_story_elder_rowan_model_right,EXPOSED,94.0,78,10.913499999999999,11.5778,8.0665,9.49,8.0665,1c1959a9,1/5 contour landmarks visible; source row spans
npc_story_gravekeeper_hollis_model_down,EXPOSED,102.0,78,10.913499999999999,11.5778,7.0,7.0,7.0,cd4827f0,3/5 contour landmarks visible; source row spans
npc_story_gravekeeper_hollis_model_left,EXPOSED,102.0,78,13.0,14.0,12.0,12.0,12.0,eda85986,3/5 contour landmarks visible; source row spans
npc_story_gravekeeper_hollis_model_up,EXPOSED,102.0,78,10.913499999999999,11.5778,7.0,7.0,7.0,dcb693c0,3/5 contour landmarks visible; source row spans
npc_story_gravekeeper_hollis_model_right,EXPOSED,102.0,78,13.0,14.0,12.0,12.0,12.0,29e170fc,3/5 contour landmarks visible; source row spans
npc_story_maelis_model_down,EXPOSED,96.0,78,10.913499999999999,11.5778,7.777777777777778,7.777777777777778,5.0,8197dd13,3/5 contour landmarks visible; source row spans
npc_story_maelis_model_left,EXPOSED,96.0,78,13.0,14.0,12.0,12.0,8.0,4e3949e3,3/5 contour landmarks visible; source row spans
npc_story_maelis_model_up,EXPOSED,96.0,78,10.913499999999999,11.5778,7.777777777777778,7.777777777777778,5.0,3ee1881e,3/5 contour landmarks visible; source row spans
npc_story_maelis_model_right,EXPOSED,96.0,78,13.0,14.0,12.0,12.0,8.0,b9b3aba7,3/5 contour landmarks visible; source row spans
npc_story_mirella_model_down,EXPOSED,94.0,78,10.913499999999999,11.5778,8.0665,12.0,5.0,e2c601ee,2/5 contour landmarks visible; source row spans
npc_story_mirella_model_left,EXPOSED,94.0,78,10.913499999999999,11.5778,8.0665,9.49,7.0,162db5d5,1/5 contour landmarks visible; source row spans
npc_story_mirella_model_up,EXPOSED,94.0,78,10.913499999999999,11.5778,8.0665,12.0,5.0,197f82b9,2/5 contour landmarks visible; source row spans
npc_story_mirella_model_right,EXPOSED,94.0,78,10.913499999999999,11.5778,8.0665,9.49,7.0,16ee7f52,1/5 contour landmarks visible; source row spans
npc_story_odrick_model_down,EXPOSED,92.0,78,10.913499999999999,11.5778,8.0665,8.0665,5.555555555555555,9058f267,2/5 contour landmarks visible; source row spans
npc_story_odrick_model_left,EXPOSED,92.0,78,10.913499999999999,11.5778,8.0665,8.0665,8.0665,62d6a8cc,2/5 contour landmarks visible; source row spans
npc_story_odrick_model_up,EXPOSED,92.0,78,10.913499999999999,11.5778,8.0665,8.0665,5.555555555555555,2393f811,2/5 contour landmarks visible; source row spans
npc_story_odrick_model_right,EXPOSED,92.0,78,10.913499999999999,11.5778,8.0665,8.0665,8.0665,7baac259,2/5 contour landmarks visible; source row spans
npc_story_selene_model_down,EXPOSED,95.0,78,10.913499999999999,11.5778,8.0665,9.49,6.168500000000001,f21cf3d4,0/5 contour landmarks visible; source row spans
npc_story_selene_model_left,EXPOSED,95.0,78,10.913499999999999,11.5778,8.0665,9.49,6.168500000000001,72ffa373,0/5 contour landmarks visible; source row spans
npc_story_selene_model_up,EXPOSED,95.0,78,10.913499999999999,11.5778,8.0665,9.49,6.168500000000001,43673bad,0/5 contour landmarks visible; source row spans
npc_story_selene_model_right,EXPOSED,95.0,78,10.913499999999999,11.5778,8.0665,9.49,6.168500000000001,92791bf8,0/5 contour landmarks visible; source row spans
npc_story_solari_model_down,EXPOSED,99.0,78,10.82955,11.48874,8.00445,9.417,6.12105,bf091e45,0/5 contour landmarks visible; source row spans
npc_story_solari_model_left,EXPOSED,99.0,78,10.82955,11.48874,8.00445,9.417,6.12105,d6341445,0/5 contour landmarks visible; source row spans
npc_story_solari_model_up,EXPOSED,99.0,78,10.82955,11.48874,8.00445,9.417,6.12105,8569380f,0/5 contour landmarks visible; source row spans
npc_story_solari_model_right,EXPOSED,99.0,78,10.82955,11.48874,8.00445,9.417,6.12105,6c65ff12,0/5 contour landmarks visible; source row spans
npc_story_vaelthara_model_down,EXPOSED,98.0,78,10.82955,11.48874,8.00445,9.417,6.12105,536edcf3,0/5 contour landmarks visible; source row spans
npc_story_vaelthara_model_left,EXPOSED,98.0,78,10.82955,11.48874,8.00445,9.417,6.12105,dd20de27,0/5 contour landmarks visible; source row spans
npc_story_vaelthara_model_up,EXPOSED,98.0,78,10.82955,11.48874,8.00445,9.417,6.12105,3e34228b,0/5 contour landmarks visible; source row spans
npc_story_vaelthara_model_right,EXPOSED,98.0,78,10.82955,11.48874,8.00445,9.417,6.12105,3ae70a47,0/5 contour landmarks visible; source row spans
npc_story_ysra_model_down,EXPOSED,95.0,78,10.913499999999999,11.5778,8.0665,9.49,5.0,20ff32c,1/5 contour landmarks visible; source row spans
npc_story_ysra_model_left,EXPOSED,95.0,78,10.913499999999999,11.5778,8.0665,9.49,8.0,59b2648d,1/5 contour landmarks visible; source row spans
npc_story_ysra_model_up,EXPOSED,95.0,78,10.913499999999999,11.5778,8.0665,9.49,5.0,7dd61238,1/5 contour landmarks visible; source row spans
npc_story_ysra_model_right,EXPOSED,95.0,78,10.913499999999999,11.5778,8.0665,9.49,8.0,22ccba9a,1/5 contour landmarks visible; source row spans
npc_torin_model_down,EXPOSED,106.0,78,10.997449999999997,11.666859999999998,8.88888888888889,8.88888888888889,6.111111111111111,457181f1,3/5 contour landmarks visible; source row spans
npc_torin_model_left,EXPOSED,105.0,78,10.997449999999997,11.666859999999998,8.128549999999999,12.0,8.128549999999999,803ef8cf,2/5 contour landmarks visible; source row spans
npc_torin_model_up,EXPOSED,85.0,78,10.997449999999997,11.666859999999998,8.128549999999999,8.128549999999999,7.222222222222222,2e759fe3,2/5 contour landmarks visible; source row spans
npc_torin_model_right,EXPOSED,86.0,78,10.997449999999997,11.666859999999998,8.128549999999999,12.0,8.128549999999999,1b52a79a,2/5 contour landmarks visible; source row spans
npc_vesper_model_down,EXPOSED,95.0,78,10.997449999999997,11.666859999999998,8.128549999999999,9.562999999999999,8.128549999999999,9bd71c1,1/5 contour landmarks visible; source row spans
npc_vesper_model_down_left,EXPOSED,94.0,79,10.913499999999999,11.5778,8.0665,9.49,6.168500000000001,3f8ad874,0/5 contour landmarks visible; source row spans
npc_vesper_model_left,EXPOSED,92.0,78,10.997449999999997,11.666859999999998,8.128549999999999,9.562999999999999,8.128549999999999,3197b3e7,1/5 contour landmarks visible; source row spans
npc_vesper_model_up_left,EXPOSED,93.0,78,10.997449999999997,11.666859999999998,8.128549999999999,10.0,6.215949999999999,c36da7aa,1/5 contour landmarks visible; source row spans
npc_vesper_model_up,EXPOSED,96.0,78,10.997449999999997,11.666859999999998,8.128549999999999,9.562999999999999,6.215949999999999,c91122f7,0/5 contour landmarks visible; source row spans
npc_vesper_model_up_right,EXPOSED,99.0,78,10.997449999999997,11.666859999999998,8.128549999999999,10.0,6.215949999999999,e5ef6c78,1/5 contour landmarks visible; source row spans
npc_vesper_model_right,EXPOSED,99.0,78,10.997449999999997,11.666859999999998,8.128549999999999,9.562999999999999,8.128549999999999,da95ff0e,1/5 contour landmarks visible; source row spans
npc_vesper_model_down_right,EXPOSED,100.0,78,13.0,14.0,12.0,12.0,6.215949999999999,6fdb59c9,4/5 contour landmarks visible; source row spans
npc_vexa_model_down,EXPOSED,99.0,78,10.997449999999997,11.666859999999998,8.128549999999999,9.562999999999999,7.777777777777778,c1d2176e,1/5 contour landmarks visible; source row spans
npc_vexa_model_left,EXPOSED,97.0,78,10.997449999999997,11.666859999999998,8.128549999999999,9.562999999999999,8.128549999999999,cafae13a,1/5 contour landmarks visible; source row spans
npc_vexa_model_up,EXPOSED,93.0,78,13.0,14.0,12.0,12.0,7.777777777777778,9cf941bc,3/5 contour landmarks visible; source row spans
npc_vexa_model_right,EXPOSED,94.0,78,10.997449999999997,11.666859999999998,8.128549999999999,9.562999999999999,7.0,b515ff27,1/5 contour landmarks visible; source row spans
