group,sha256,bytes_per_file,copies_in_group,extra_bytes_in_group,path,path_classification,disposition
DUP-0001,8ce137a18af2d98a7f35c213520d9dcd3c31af0f8dc74b1a6234ecc9a70407fd,1369410,4,4108230,Java/assets/city/buildings/city/city_building_house_wide.png,runtime-folder-candidate,review-required; not-authorized-for-deletion
DUP-0001,8ce137a18af2d98a7f35c213520d9dcd3c31af0f8dc74b1a6234ecc9a70407fd,1369410,4,4108230,Java/assets/source/sprite-integrity-2026-09-22/city_building_house_wide.png,source-or-development-candidate,review-required; not-authorized-for-deletion
DUP-0001,8ce137a18af2d98a7f35c213520d9dcd3c31af0f8dc74b1a6234ecc9a70407fd,1369410,4,4108230,asset-review/2026-09-22-sprite-integrity/generated-unused/city_house_front.png,review-or-quarantine,review-required; not-authorized-for-deletion
DUP-0001,8ce137a18af2d98a7f35c213520d9dcd3c31af0f8dc74b1a6234ecc9a70407fd,1369410,4,4108230,asset-review/2026-09-22-sprite-integrity/unused/Java/assets/city/buildings/city/city_house_front.png,review-or-quarantine,review-required; not-authorized-for-deletion
DUP-0002,6fbcf34c23d7918e693bc11f7347d43a453b184c5bf047f644bbeb5a879c6c74,1783943,3,3567886,Java/assets/city/walls/city_wall_sun_gate_horizontal.png,runtime-folder-candidate,review-required; not-authorized-for-deletion
DUP-0002,6fbcf34c23d7918e693bc11f7347d43a453b184c5bf047f644bbeb5a879c6c74,1783943,3,3567886,Java/assets/city/walls/city_wall_sun_gate_horizontal_clean.png,runtime-folder-candidate,review-required; not-authorized-for-deletion
DUP-0002,6fbcf34c23d7918e693bc11f7347d43a453b184c5bf047f644bbeb5a879c6c74,1783943,3,3567886,Java/assets/source/latest-building-integrity-2026-09-22/city_wall_sun_gate_horizontal.png,source-or-development-candidate,review-required; not-authorized-for-deletion
DUP-0003,95b759359a4460b842dee74569a2519e6b398a18f510c8f8ee50281264b59a5e,2681608,2,2681608,Java/assets/source/npc-refresh-2026-09-22/orin.png,source-or-development-candidate,review-required; not-authorized-for-deletion
DUP-0003,95b759359a4460b842dee74569a2519e6b398a18f510c8f8ee50281264b59a5e,2681608,2,2681608,asset-review/2026-09-22-npcs/masters/orin.png,review-or-quarantine,review-required; not-authorized-for-deletion
DUP-0004,33a628871136b5bc6bec159a0f4a92435ec81c13baf6a3c66ab4be0caab5c232,2505517,2,2505517,Java/assets/source/npc-refresh-2026-09-22/citizen_woman.png,source-or-development-candidate,review-required; not-authorized-for-deletion
DUP-0004,33a628871136b5bc6bec159a0f4a92435ec81c13baf6a3c66ab4be0caab5c232,2505517,2,2505517,asset-review/2026-09-22-npcs/masters/citizen_woman.png,review-or-quarantine,review-required; not-authorized-for-deletion
DUP-0005,1eda32c3d7f5bab6873b48c2ca20c7c5d9f65de77afd5ebe82c8d60aca9448d2,2490214,2,2490214,Java/assets/source/npc-refresh-2026-09-22/blacksmith.png,source-or-development-candidate,review-required; not-authorized-for-deletion
DUP-0005,1eda32c3d7f5bab6873b48c2ca20c7c5d9f65de77afd5ebe82c8d60aca9448d2,2490214,2,2490214,asset-review/2026-09-22-npcs/masters/blacksmith.png,review-or-quarantine,review-required; not-authorized-for-deletion
DUP-0006,5aab4e69b668fce3e9763c34ae730ec378f377dd581da34342af46a2472282b8,2467448,2,2467448,Java/assets/source/npc-refresh-2026-09-22/merchant.png,source-or-development-candidate,review-required; not-authorized-for-deletion
DUP-0006,5aab4e69b668fce3e9763c34ae730ec378f377dd581da34342af46a2472282b8,2467448,2,2467448,asset-review/2026-09-22-npcs/masters/merchant.png,review-or-quarantine,review-required; not-authorized-for-deletion
DUP-0007,aadafbe060fdc0814f06b4105940bc0d55723f38550a644ea208e8027acd0da2,2378546,2,2378546,Java/assets/source/npc-refresh-2026-09-22/bartender.png,source-or-development-candidate,review-required; not-authorized-for-deletion
DUP-0007,aadafbe060fdc0814f06b4105940bc0d55723f38550a644ea208e8027acd0da2,2378546,2,2378546,asset-review/2026-09-22-npcs/masters/bartender.png,review-or-quarantine,review-required; not-authorized-for-deletion
DUP-0008,b8b4852d79d80c959cf56ca398d5544b30aee4d6b2ac1c8c29199d8ce24ab2dc,2286416,2,2286416,Java/assets/source/npc-refresh-2026-09-22/citizen_man.png,source-or-development-candidate,review-required; not-authorized-for-deletion
DUP-0008,b8b4852d79d80c959cf56ca398d5544b30aee4d6b2ac1c8c29199d8ce24ab2dc,2286416,2,2286416,asset-review/2026-09-22-npcs/masters/citizen_man.png,review-or-quarantine,review-required; not-authorized-for-deletion
DUP-0009,1a9fc3fc93f808df7b1cc9aac47c1a7ad9da782ad3cd2385385cf151c18d8211,2056413,2,2056413,Java/assets/city/regional/regional_freehold_rescue_lodge.png,runtime-folder-candidate,review-required; not-authorized-for-deletion
DUP-0009,1a9fc3fc93f808df7b1cc9aac47c1a7ad9da782ad3cd2385385cf151c18d8211,2056413,2,2056413,Java/assets/source/latest-building-integrity-2026-09-22/regional_freehold_rescue_lodge.png,source-or-development-candidate,review-required; not-authorized-for-deletion
DUP-0010,6fd1b8dffcc77411fe9ebdc42206c69f2cefd383c450aeeb58350a9fe3a969b5,1985172,2,1985172,Java/assets/city/buildings/city/city_building_town_manor.png,runtime-folder-candidate,review-required; not-authorized-for-deletion
DUP-0010,6fd1b8dffcc77411fe9ebdc42206c69f2cefd383c450aeeb58350a9fe3a969b5,1985172,2,1985172,Java/assets/source/sprite-integrity-2026-09-22/city_building_town_manor.png,source-or-development-candidate,review-required; not-authorized-for-deletion
DUP-0011,8093a45158daf7ce4dae6027ca040a3e3d78d40bb61973ce14306b20c316b0bc,1944947,2,1944947,Java/assets/city/terrain/city_cobble.png,runtime-folder-candidate,review-required; not-authorized-for-deletion
DUP-0011,8093a45158daf7ce4dae6027ca040a3e3d78d40bb61973ce14306b20c316b0bc,1944947,2,1944947,Java/assets/source/sprite-integrity-2026-09-22/city_cobble.png,source-or-development-candidate,review-required; not-authorized-for-deletion
DUP-0012,9cbab622703d2dc074195dc9891fe8e728ae56c59fa7aa0f01294b049879517b,1917440,2,1917440,Java/assets/city/buildings/city/city_building_stone_hall.png,runtime-folder-candidate,review-required; not-authorized-for-deletion
DUP-0012,9cbab622703d2dc074195dc9891fe8e728ae56c59fa7aa0f01294b049879517b,1917440,2,1917440,Java/assets/source/sprite-integrity-2026-09-22/city_building_stone_hall.png,source-or-development-candidate,review-required; not-authorized-for-deletion
DUP-0013,ffb2e3141362d8903c19ef1bfddd9c1d0ee8edd2a533d429826ba89ba866284d,1892603,2,1892603,Java/assets/monsters/goblin_king.png,runtime-folder-candidate,review-required; not-authorized-for-deletion
DUP-0013,ffb2e3141362d8903c19ef1bfddd9c1d0ee8edd2a533d429826ba89ba866284d,1892603,2,1892603,Java/assets/source/monster-integrity-2026-09-22/goblin_king.png,source-or-development-candidate,review-required; not-authorized-for-deletion
DUP-0014,82cae34cfc6a18bdcd7de0934a7cdeba857a47ee4c7ebe48482e6d96f101ac90,1737161,2,1737161,Java/assets/monsters/mountain_drake.png,runtime-folder-candidate,review-required; not-authorized-for-deletion
DUP-0014,82cae34cfc6a18bdcd7de0934a7cdeba857a47ee4c7ebe48482e6d96f101ac90,1737161,2,1737161,Java/assets/source/monster-integrity-2026-09-22/mountain_drake.png,source-or-development-candidate,review-required; not-authorized-for-deletion
DUP-0015,f6ad19e5a9b776b8f73197975369d55ce64bd72aa6789338b97c691b315060cd,1652644,2,1652644,Java/assets/monsters/swamp_troll.png,runtime-folder-candidate,review-required; not-authorized-for-deletion
DUP-0015,f6ad19e5a9b776b8f73197975369d55ce64bd72aa6789338b97c691b315060cd,1652644,2,1652644,Java/assets/source/monster-integrity-2026-09-22/swamp_troll.png,source-or-development-candidate,review-required; not-authorized-for-deletion
DUP-0016,2f5b18178b177dab10e75583861917ebd7fbf76de06ad2e7e03f25dd2bd14bbc,1581125,2,1581125,Java/assets/monsters/goblin_warlord.png,runtime-folder-candidate,review-required; not-authorized-for-deletion
DUP-0016,2f5b18178b177dab10e75583861917ebd7fbf76de06ad2e7e03f25dd2bd14bbc,1581125,2,1581125,Java/assets/source/monster-integrity-2026-09-22/goblin_warlord.png,source-or-development-candidate,review-required; not-authorized-for-deletion
DUP-0017,f87755c9eb9b82fe179539c5e63024ff3623f7161158e9902d18bab0f9000655,1578004,2,1578004,Java/assets/companions/aria/sources/npc_aria_battle_source.png,source-or-development-candidate,review-required; not-authorized-for-deletion
DUP-0017,f87755c9eb9b82fe179539c5e63024ff3623f7161158e9902d18bab0f9000655,1578004,2,1578004,Java/assets/companions/sources/npc_aria_battle_source.png,source-or-development-candidate,review-required; not-authorized-for-deletion
DUP-0018,149abfa6a065c8060911eca06106c74bafa55438012c4b7b2b01c59296dd3a86,1573637,2,1573637,Java/assets/monsters/marsh_drake.png,runtime-folder-candidate,review-required; not-authorized-for-deletion
DUP-0018,149abfa6a065c8060911eca06106c74bafa55438012c4b7b2b01c59296dd3a86,1573637,2,1573637,Java/assets/source/monster-integrity-2026-09-22/marsh_drake.png,source-or-development-candidate,review-required; not-authorized-for-deletion
DUP-0019,ae47441bf627d798a90dab2419513fbb40ad8746ac275210e149b1c60464421b,1569082,2,1569082,Java/assets/monsters/goblin_shaman.png,runtime-folder-candidate,review-required; not-authorized-for-deletion
DUP-0019,ae47441bf627d798a90dab2419513fbb40ad8746ac275210e149b1c60464421b,1569082,2,1569082,Java/assets/source/monster-integrity-2026-09-22/goblin_shaman.png,source-or-development-candidate,review-required; not-authorized-for-deletion
DUP-0020,2ebe870bb1e48d2f3153f6a72527beba3848fa284c01ec4e008787315953faaf,1566769,2,1566769,Java/assets/monsters/elder_dragon.png,runtime-folder-candidate,review-required; not-authorized-for-deletion
DUP-0020,2ebe870bb1e48d2f3153f6a72527beba3848fa284c01ec4e008787315953faaf,1566769,2,1566769,Java/assets/source/monster-integrity-2026-09-22/elder_dragon.png,source-or-development-candidate,review-required; not-authorized-for-deletion
DUP-0021,fc67e86cc88b0625b40095798e045071b247ce8e81aecd2d0b0ed73913d96d01,1558215,2,1558215,Java/assets/city/props/village/village_prop_well.png,runtime-folder-candidate,review-required; not-authorized-for-deletion
DUP-0021,fc67e86cc88b0625b40095798e045071b247ce8e81aecd2d0b0ed73913d96d01,1558215,2,1558215,Java/assets/source/sprite-integrity-2026-09-22/village_prop_well.png,source-or-development-candidate,review-required; not-authorized-for-deletion
DUP-0022,97b0ad1240dc41506d995a31cae86742400c606ac2a2062b709ed58152e2737a,773709,3,1547418,Java/assets/city/walls/city_wall_sun_gate_vertical.png,runtime-folder-candidate,review-required; not-authorized-for-deletion
DUP-0022,97b0ad1240dc41506d995a31cae86742400c606ac2a2062b709ed58152e2737a,773709,3,1547418,Java/assets/city/walls/city_wall_sun_gate_vertical_clean.png,runtime-folder-candidate,review-required; not-authorized-for-deletion
DUP-0022,97b0ad1240dc41506d995a31cae86742400c606ac2a2062b709ed58152e2737a,773709,3,1547418,Java/assets/source/latest-building-integrity-2026-09-22/city_wall_sun_gate_vertical.png,source-or-development-candidate,review-required; not-authorized-for-deletion
DUP-0023,dd068408b74e4107e94fb91d194af32d2aa492aec4ff6cf464f86436caec97ee,1505323,2,1505323,Java/assets/monsters/goblin_archer.png,runtime-folder-candidate,review-required; not-authorized-for-deletion
DUP-0023,dd068408b74e4107e94fb91d194af32d2aa492aec4ff6cf464f86436caec97ee,1505323,2,1505323,Java/assets/source/monster-integrity-2026-09-22/goblin_archer.png,source-or-development-candidate,review-required; not-authorized-for-deletion
DUP-0024,e71d3e5d66be7381db059310b8bf0e1ab44970c3e5b6209cfef77f7de7dd6c9c,747408,3,1494816,Java/assets/monsters/animations/skeleton_attack_anim.png,runtime-folder-candidate,review-required; not-authorized-for-deletion
DUP-0024,e71d3e5d66be7381db059310b8bf0e1ab44970c3e5b6209cfef77f7de7dd6c9c,747408,3,1494816,Java/assets/source/monster-integrity-2026-09-22/skeleton_attack_anim.png,source-or-development-candidate,review-required; not-authorized-for-deletion
DUP-0024,e71d3e5d66be7381db059310b8bf0e1ab44970c3e5b6209cfef77f7de7dd6c9c,747408,3,1494816,asset-review/2026-09-22-monsters/viewport-fixture/test_attack_anim.png,review-or-quarantine,review-required; not-authorized-for-deletion
DUP-0025,7dc0c15f89ae99e32dad0665e6e34eca18243c925d1ed9b3e3f084e819a9eaf1,1487361,2,1487361,Java/assets/monsters/orc_shaman.png,runtime-folder-candidate,review-required; not-authorized-for-deletion
DUP-0025,7dc0c15f89ae99e32dad0665e6e34eca18243c925d1ed9b3e3f084e819a9eaf1,1487361,2,1487361,Java/assets/source/monster-integrity-2026-09-22/orc_shaman.png,source-or-development-candidate,review-required; not-authorized-for-deletion
DUP-0026,374fb79cf645a4e8ee8f1c4b3f1a80a61cb3742d33c2ca55412550c970b4ae0c,1471208,2,1471208,asset-review/2026-09-22-sprite-integrity/generated-unused/city_roof_detail.png,review-or-quarantine,review-required; not-authorized-for-deletion
DUP-0026,374fb79cf645a4e8ee8f1c4b3f1a80a61cb3742d33c2ca55412550c970b4ae0c,1471208,2,1471208,asset-review/2026-09-22-sprite-integrity/unused/Java/assets/city/buildings/city/city_roof_detail.png,review-or-quarantine,review-required; not-authorized-for-deletion
DUP-0027,5b3967d0b310ff48d177e88bab17a00afd1f164e13d4ff5644ce9048f5a17f44,1466010,2,1466010,Java/assets/source/monster-integrity-2026-09-22/shadow_beast.png,source-or-development-candidate,review-required; not-authorized-for-deletion
DUP-0027,5b3967d0b310ff48d177e88bab17a00afd1f164e13d4ff5644ce9048f5a17f44,1466010,2,1466010,Java/assets/story/shadow_beast.png,runtime-folder-candidate,review-required; not-authorized-for-deletion
DUP-0028,9b3e53c195ba79e513f50c4b3f53109319e853f944d678bb0dd5aa79a61466b1,1451069,2,1451069,Java/assets/monsters/red_dragon.png,runtime-folder-candidate,review-required; not-authorized-for-deletion
DUP-0028,9b3e53c195ba79e513f50c4b3f53109319e853f944d678bb0dd5aa79a61466b1,1451069,2,1451069,Java/assets/source/monster-integrity-2026-09-22/red_dragon.png,source-or-development-candidate,review-required; not-authorized-for-deletion
DUP-0029,8ed3b87aae9ec851a80d45bb4ce16ea3af1502e41b7f96ed8d3c94361339e3f6,1413568,2,1413568,asset-review/2026-09-22-sprite-integrity/generated-unused/city_wall_gate.png,review-or-quarantine,review-required; not-authorized-for-deletion
DUP-0029,8ed3b87aae9ec851a80d45bb4ce16ea3af1502e41b7f96ed8d3c94361339e3f6,1413568,2,1413568,asset-review/2026-09-22-sprite-integrity/unused/Java/assets/city/structures/city_wall_gate.png,review-or-quarantine,review-required; not-authorized-for-deletion
DUP-0030,9e2520fc91ee3b30e69dba4f9ac036217774843bdf63dde916568915b4812b04,1384302,2,1384302,Java/assets/monsters/goblin_trapper.png,runtime-folder-candidate,review-required; not-authorized-for-deletion
DUP-0030,9e2520fc91ee3b30e69dba4f9ac036217774843bdf63dde916568915b4812b04,1384302,2,1384302,Java/assets/source/monster-integrity-2026-09-22/goblin_trapper.png,source-or-development-candidate,review-required; not-authorized-for-deletion
DUP-0031,83c73bf1769cb60876d7413ec770b2a7c780197f276b95a810587682de1507b2,1383384,2,1383384,Java/assets/source/imagegen-town-portal-variants-alpha.png,source-or-development-candidate,review-required; not-authorized-for-deletion
DUP-0031,83c73bf1769cb60876d7413ec770b2a7c780197f276b95a810587682de1507b2,1383384,2,1383384,Java/assets/source/imagegen-town-portal-variants.png,source-or-development-candidate,review-required; not-authorized-for-deletion
DUP-0032,1d84ece84035c919ab0195c13f1b6c50b7e35f0ff381642bf97957ca01cdb62d,1380963,2,1380963,Java/assets/monsters/goblin_skirmisher.png,runtime-folder-candidate,review-required; not-authorized-for-deletion
DUP-0032,1d84ece84035c919ab0195c13f1b6c50b7e35f0ff381642bf97957ca01cdb62d,1380963,2,1380963,Java/assets/source/monster-integrity-2026-09-22/goblin_skirmisher.png,source-or-development-candidate,review-required; not-authorized-for-deletion
DUP-0033,b8c75270bfb321a604e7ab5bcfa0c6d34b222bb80639a238b680f732a0f84bb5,1368304,2,1368304,Java/assets/source/npc-refresh-2026-09-22/blacksmith_hammer.png,source-or-development-candidate,review-required; not-authorized-for-deletion
DUP-0033,b8c75270bfb321a604e7ab5bcfa0c6d34b222bb80639a238b680f732a0f84bb5,1368304,2,1368304,asset-review/2026-09-22-npcs/masters/blacksmith_hammer.png,review-or-quarantine,review-required; not-authorized-for-deletion
DUP-0034,be9e3bdbebf5ff66362b04fb703b758d1c60dfd7bcf2184d56b7bcdda7e834c1,1351215,2,1351215,Java/assets/monsters/orc_berserker.png,runtime-folder-candidate,review-required; not-authorized-for-deletion
DUP-0034,be9e3bdbebf5ff66362b04fb703b758d1c60dfd7bcf2184d56b7bcdda7e834c1,1351215,2,1351215,Java/assets/source/monster-integrity-2026-09-22/orc_berserker.png,source-or-development-candidate,review-required; not-authorized-for-deletion
DUP-0035,4cf9fca10098200f22acaa00db53138a12d8d084d4617538f02b677fa9122045,1347342,2,1347342,Java/assets/monsters/orc.png,runtime-folder-candidate,review-required; not-authorized-for-deletion
DUP-0035,4cf9fca10098200f22acaa00db53138a12d8d084d4617538f02b677fa9122045,1347342,2,1347342,Java/assets/source/monster-integrity-2026-09-22/orc.png,source-or-development-candidate,review-required; not-authorized-for-deletion
DUP-0036,69c67e01fe9c5d24cc4962f1ed900939d3521fa9bdaa58e74c38886fb36325b9,1338614,2,1338614,Java/assets/monsters/stone_giant.png,runtime-folder-candidate,review-required; not-authorized-for-deletion
DUP-0036,69c67e01fe9c5d24cc4962f1ed900939d3521fa9bdaa58e74c38886fb36325b9,1338614,2,1338614,Java/assets/source/monster-integrity-2026-09-22/stone_giant.png,source-or-development-candidate,review-required; not-authorized-for-deletion
DUP-0037,98521787374ddf519525b8d450dd511263a24e06edad1103b3bc47a36b43ebe2,1335000,2,1335000,Java/assets/city/walls/city_wall_sun_tower.png,runtime-folder-candidate,review-required; not-authorized-for-deletion
DUP-0037,98521787374ddf519525b8d450dd511263a24e06edad1103b3bc47a36b43ebe2,1335000,2,1335000,Java/assets/source/latest-building-integrity-2026-09-22/city_wall_sun_tower.png,source-or-development-candidate,review-required; not-authorized-for-deletion
DUP-0038,a6f7a382c75eae5a045f3b622d09cf4923bf7170e26fc5723099fec38260b1cf,1327324,2,1327324,Java/assets/monsters/orc_raider.png,runtime-folder-candidate,review-required; not-authorized-for-deletion
DUP-0038,a6f7a382c75eae5a045f3b622d09cf4923bf7170e26fc5723099fec38260b1cf,1327324,2,1327324,Java/assets/source/monster-integrity-2026-09-22/orc_raider.png,source-or-development-candidate,review-required; not-authorized-for-deletion
DUP-0039,5e8ddbf48c31ed9c742093adfdabef8d1ee56bdac9599ba0d506e863843d24ea,1275951,2,1275951,Java/assets/source/npc-refresh-2026-09-22/merchant_inspect.png,source-or-development-candidate,review-required; not-authorized-for-deletion
DUP-0039,5e8ddbf48c31ed9c742093adfdabef8d1ee56bdac9599ba0d506e863843d24ea,1275951,2,1275951,asset-review/2026-09-22-npcs/masters/merchant_inspect.png,review-or-quarantine,review-required; not-authorized-for-deletion
DUP-0040,3a85f02f7cf9014a106903fd9a6a9d7dce31cbd9893fa350ae3bbbae1c518a88,1215863,2,1215863,Java/assets/monsters/bandit_archer.png,runtime-folder-candidate,review-required; not-authorized-for-deletion
DUP-0040,3a85f02f7cf9014a106903fd9a6a9d7dce31cbd9893fa350ae3bbbae1c518a88,1215863,2,1215863,Java/assets/source/monster-integrity-2026-09-22/bandit_archer.png,source-or-development-candidate,review-required; not-authorized-for-deletion
DUP-0041,87f1a644b380354501af180d470c19b8dfeec7e4c9ac07b6013286d7b4794190,1211383,2,1211383,Java/assets/monsters/hobgoblin_guard.png,runtime-folder-candidate,review-required; not-authorized-for-deletion
DUP-0041,87f1a644b380354501af180d470c19b8dfeec7e4c9ac07b6013286d7b4794190,1211383,2,1211383,Java/assets/source/monster-integrity-2026-09-22/hobgoblin_guard.png,source-or-development-candidate,review-required; not-authorized-for-deletion
DUP-0042,0633b2e7373ac6f373cb758f2b27fa389c6665bc6e7efa4a2cfc99cf58848b9e,1190222,2,1190222,Java/assets/monsters/goblin_scout.png,runtime-folder-candidate,review-required; not-authorized-for-deletion
DUP-0042,0633b2e7373ac6f373cb758f2b27fa389c6665bc6e7efa4a2cfc99cf58848b9e,1190222,2,1190222,Java/assets/source/monster-integrity-2026-09-22/goblin_scout.png,source-or-development-candidate,review-required; not-authorized-for-deletion
DUP-0043,baabfe5b86895eaf3b7956ed0528e9b1545a47a2890922e65787b7543f4294c5,1185385,2,1185385,Java/assets/monsters/bandit_cutthroat.png,runtime-folder-candidate,review-required; not-authorized-for-deletion
DUP-0043,baabfe5b86895eaf3b7956ed0528e9b1545a47a2890922e65787b7543f4294c5,1185385,2,1185385,Java/assets/source/monster-integrity-2026-09-22/bandit_cutthroat.png,source-or-development-candidate,review-required; not-authorized-for-deletion
DUP-0044,85ff5b371ef0cdc04b42dd58df841ec0d79dffac88717d83c7a3d9d798d84d9e,1167610,2,1167610,Java/assets/monsters/orc_shieldbearer.png,runtime-folder-candidate,review-required; not-authorized-for-deletion
DUP-0044,85ff5b371ef0cdc04b42dd58df841ec0d79dffac88717d83c7a3d9d798d84d9e,1167610,2,1167610,Java/assets/source/monster-integrity-2026-09-22/orc_shieldbearer.png,source-or-development-candidate,review-required; not-authorized-for-deletion
DUP-0045,aa2c83793b8f22a889a774511faed50cb88734ba8af48fddb5b4ecf83b887453,1153933,2,1153933,Java/assets/monsters/ash_scorpion.png,runtime-folder-candidate,review-required; not-authorized-for-deletion
DUP-0045,aa2c83793b8f22a889a774511faed50cb88734ba8af48fddb5b4ecf83b887453,1153933,2,1153933,Java/assets/source/monster-integrity-2026-09-22/ash_scorpion.png,source-or-development-candidate,review-required; not-authorized-for-deletion
DUP-0046,9693d90110c5a22513bcf0eddcbe18672d260d7451418cb6a6b7966f2820928e,1128701,2,1128701,Java/assets/monsters/bandit_captain.png,runtime-folder-candidate,review-required; not-authorized-for-deletion
DUP-0046,9693d90110c5a22513bcf0eddcbe18672d260d7451418cb6a6b7966f2820928e,1128701,2,1128701,Java/assets/source/monster-integrity-2026-09-22/bandit_captain.png,source-or-development-candidate,review-required; not-authorized-for-deletion
DUP-0047,db99d5d220b26a372cf42cf70eeb53a1c66ee8ff5beefed94f99f52c4057ea59,1101623,2,1101623,Java/assets/monsters/bat.png,runtime-folder-candidate,review-required; not-authorized-for-deletion
DUP-0047,db99d5d220b26a372cf42cf70eeb53a1c66ee8ff5beefed94f99f52c4057ea59,1101623,2,1101623,Java/assets/source/monster-integrity-2026-09-22/bat.png,source-or-development-candidate,review-required; not-authorized-for-deletion
DUP-0048,5d30d59afd5ad82f0dd942f08abaf24a7d19c6a60760a1740155347ec137a268,999415,2,999415,asset-review/2026-09-22-sprite-integrity/generated-unused/city_prop_source_crate_tall.png,review-or-quarantine,review-required; not-authorized-for-deletion
DUP-0048,5d30d59afd5ad82f0dd942f08abaf24a7d19c6a60760a1740155347ec137a268,999415,2,999415,asset-review/2026-09-22-sprite-integrity/unused/Java/assets/city/props/city/city_prop_source_crate_tall.png,review-or-quarantine,review-required; not-authorized-for-deletion
DUP-0049,addf537e90b6a711df96a215dab1c55a0c241e242cd0187bf51e48a46f614325,991168,2,991168,Java/assets/monsters/goblin.png,runtime-folder-candidate,review-required; not-authorized-for-deletion
DUP-0049,addf537e90b6a711df96a215dab1c55a0c241e242cd0187bf51e48a46f614325,991168,2,991168,Java/assets/source/monster-integrity-2026-09-22/goblin.png,source-or-development-candidate,review-required; not-authorized-for-deletion
DUP-0050,2660feb1450c6059d67498ae5aa2d8b5f7c337cc649158bf0f0a8828fa9ea214,980152,2,980152,Java/assets/monsters/crypt_bat.png,runtime-folder-candidate,review-required; not-authorized-for-deletion
DUP-0050,2660feb1450c6059d67498ae5aa2d8b5f7c337cc649158bf0f0a8828fa9ea214,980152,2,980152,Java/assets/source/monster-integrity-2026-09-22/crypt_bat.png,source-or-development-candidate,review-required; not-authorized-for-deletion
DUP-0051,af0296f7f8f0c9ddda32ce0bcc2f2e6e81e1996e9f1d7b65854d7dca92864456,861668,2,861668,Java/assets/city/walls/city_wall_fen_gate_vertical.png,runtime-folder-candidate,review-required; not-authorized-for-deletion
DUP-0051,af0296f7f8f0c9ddda32ce0bcc2f2e6e81e1996e9f1d7b65854d7dca92864456,861668,2,861668,Java/assets/source/latest-building-integrity-2026-09-22/city_wall_fen_gate_vertical.png,source-or-development-candidate,review-required; not-authorized-for-deletion
DUP-0052,bc5768c6603249f1107b92f44d3ceadb84a6acc2aaff8cf0db613f2e9d0927da,856275,2,856275,Java/assets/city/walls/city_wall_sun_end_tower.png,runtime-folder-candidate,review-required; not-authorized-for-deletion
DUP-0052,bc5768c6603249f1107b92f44d3ceadb84a6acc2aaff8cf0db613f2e9d0927da,856275,2,856275,Java/assets/source/latest-building-integrity-2026-09-22/city_wall_sun_end_tower.png,source-or-development-candidate,review-required; not-authorized-for-deletion
DUP-0053,c47b52ebe3c0fa08c48265cffe5c1ce3b65ed03cd105a9a7782e40d739ecb010,850526,2,850526,Java/assets/city/props/city/city_prop_barrel_stack.png,runtime-folder-candidate,review-required; not-authorized-for-deletion
DUP-0053,c47b52ebe3c0fa08c48265cffe5c1ce3b65ed03cd105a9a7782e40d739ecb010,850526,2,850526,Java/assets/source/sprite-integrity-2026-09-22/city_prop_barrel_stack.png,source-or-development-candidate,review-required; not-authorized-for-deletion
DUP-0054,50032bfe9fc424d85afcac20efd500e08be4ec90c20dc6a07a88748b3faa8a0b,836868,2,836868,Java/assets/city/walls/city_wall_freeholds_gate_vertical.png,runtime-folder-candidate,review-required; not-authorized-for-deletion
DUP-0054,50032bfe9fc424d85afcac20efd500e08be4ec90c20dc6a07a88748b3faa8a0b,836868,2,836868,Java/assets/source/latest-building-integrity-2026-09-22/city_wall_freeholds_gate_vertical.png,source-or-development-candidate,review-required; not-authorized-for-deletion
DUP-0055,4e02cdb60ed7df5073e03000a57db0720742650eef8697148b7ce322f905bbe7,802941,2,802941,Java/assets/city/walls/city_wall_north_gate_vertical.png,runtime-folder-candidate,review-required; not-authorized-for-deletion
DUP-0055,4e02cdb60ed7df5073e03000a57db0720742650eef8697148b7ce322f905bbe7,802941,2,802941,Java/assets/source/latest-building-integrity-2026-09-22/city_wall_north_gate_vertical.png,source-or-development-candidate,review-required; not-authorized-for-deletion
DUP-0056,3bd7e6279e7907afd4082c100e529d061bacb3e082b6b11391f055a2323d0875,395742,3,791484,Java/assets/player/classes/knight/animations/class_knight_model_up_left_walk_anim.png,runtime-folder-candidate,review-required; not-authorized-for-deletion
DUP-0056,3bd7e6279e7907afd4082c100e529d061bacb3e082b6b11391f055a2323d0875,395742,3,791484,Java/assets/player/classes/knight/animations/class_knight_model_up_right_walk_anim.png,runtime-folder-candidate,review-required; not-authorized-for-deletion
DUP-0056,3bd7e6279e7907afd4082c100e529d061bacb3e082b6b11391f055a2323d0875,395742,3,791484,Java/assets/player/classes/knight/animations/class_knight_model_up_walk_anim.png,runtime-folder-candidate,review-required; not-authorized-for-deletion
DUP-0057,2c866421775cc4b72f687ee11a5d7d2ba67cb274df84eaab4c5b57776007915e,395291,3,790582,Java/assets/player/classes/cleric/animations/class_cleric_model_up_left_walk_anim.png,runtime-folder-candidate,review-required; not-authorized-for-deletion
DUP-0057,2c866421775cc4b72f687ee11a5d7d2ba67cb274df84eaab4c5b57776007915e,395291,3,790582,Java/assets/player/classes/cleric/animations/class_cleric_model_up_right_walk_anim.png,runtime-folder-candidate,review-required; not-authorized-for-deletion
DUP-0057,2c866421775cc4b72f687ee11a5d7d2ba67cb274df84eaab4c5b57776007915e,395291,3,790582,Java/assets/player/classes/cleric/animations/class_cleric_model_up_walk_anim.png,runtime-folder-candidate,review-required; not-authorized-for-deletion
DUP-0058,acbb802ec33fc1318b5c295caa71b860a5def88fa476743ec39e930e9c621e65,773203,2,773203,Java/assets/city/walls/city_wall_hearth_gate_vertical.png,runtime-folder-candidate,review-required; not-authorized-for-deletion
DUP-0058,acbb802ec33fc1318b5c295caa71b860a5def88fa476743ec39e930e9c621e65,773203,2,773203,Java/assets/source/latest-building-integrity-2026-09-22/city_wall_hearth_gate_vertical.png,source-or-development-candidate,review-required; not-authorized-for-deletion
DUP-0059,a602c997f75ca8628c961364efcc8457970ecc5730fc6fc7f36b2c703200f7cf,379262,3,758524,Java/assets/player/base/animations/player_model_up_left_walk_anim.png,runtime-folder-candidate,review-required; not-authorized-for-deletion
DUP-0059,a602c997f75ca8628c961364efcc8457970ecc5730fc6fc7f36b2c703200f7cf,379262,3,758524,Java/assets/player/base/animations/player_model_up_right_walk_anim.png,runtime-folder-candidate,review-required; not-authorized-for-deletion
DUP-0059,a602c997f75ca8628c961364efcc8457970ecc5730fc6fc7f36b2c703200f7cf,379262,3,758524,Java/assets/player/base/animations/player_model_up_walk_anim.png,runtime-folder-candidate,review-required; not-authorized-for-deletion
DUP-0060,292a341db17ca76dae93c661a5876a3c3e0fcfdd272281ae2565b4dbd1866785,712710,2,712710,Java/assets/city/walls/city_wall_freeholds_end_tower.png,runtime-folder-candidate,review-required; not-authorized-for-deletion
DUP-0060,292a341db17ca76dae93c661a5876a3c3e0fcfdd272281ae2565b4dbd1866785,712710,2,712710,Java/assets/source/latest-building-integrity-2026-09-22/city_wall_freeholds_end_tower.png,source-or-development-candidate,review-required; not-authorized-for-deletion
DUP-0061,b5fc444421e1bdcbd651e052a68232f08f0393bd376ae99b54e809ef651bf9b7,691006,2,691006,Java/assets/city/walls/city_wall_hearth_end_tower.png,runtime-folder-candidate,review-required; not-authorized-for-deletion
DUP-0061,b5fc444421e1bdcbd651e052a68232f08f0393bd376ae99b54e809ef651bf9b7,691006,2,691006,Java/assets/source/latest-building-integrity-2026-09-22/city_wall_hearth_end_tower.png,source-or-development-candidate,review-required; not-authorized-for-deletion
DUP-0062,335f315d116b9827fda232b87692e3efbb122d1a888194d596c167f1d0ec7af6,672447,2,672447,Java/assets/city/walls/city_wall_north_end_tower.png,runtime-folder-candidate,review-required; not-authorized-for-deletion
DUP-0062,335f315d116b9827fda232b87692e3efbb122d1a888194d596c167f1d0ec7af6,672447,2,672447,Java/assets/source/latest-building-integrity-2026-09-22/city_wall_north_end_tower.png,source-or-development-candidate,review-required; not-authorized-for-deletion
DUP-0063,e75245e625180605479013bab4f10006273ab96bae21e51547edaf91546826dc,332036,3,664072,Java/assets/player/classes/ranger/animations/class_ranger_model_up_left_walk_anim.png,runtime-folder-candidate,review-required; not-authorized-for-deletion
DUP-0063,e75245e625180605479013bab4f10006273ab96bae21e51547edaf91546826dc,332036,3,664072,Java/assets/player/classes/ranger/animations/class_ranger_model_up_right_walk_anim.png,runtime-folder-candidate,review-required; not-authorized-for-deletion
DUP-0063,e75245e625180605479013bab4f10006273ab96bae21e51547edaf91546826dc,332036,3,664072,Java/assets/player/classes/ranger/animations/class_ranger_model_up_walk_anim.png,runtime-folder-candidate,review-required; not-authorized-for-deletion
DUP-0064,42bc0910df19d6612ce09dda8deb9e440bd03860405c6672d81f729606182020,647389,2,647389,Java/assets/city/props/city/city_prop_crate.png,runtime-folder-candidate,review-required; not-authorized-for-deletion
DUP-0064,42bc0910df19d6612ce09dda8deb9e440bd03860405c6672d81f729606182020,647389,2,647389,Java/assets/source/sprite-integrity-2026-09-22/city_prop_crate.png,source-or-development-candidate,review-required; not-authorized-for-deletion
DUP-0065,b1e1f2427a0ff075a9b3fc40b1e6ba26a55a87a40553dba8ffc89159abb9a80b,317408,3,634816,Java/assets/player/classes/rogue/animations/class_rogue_model_up_left_walk_anim.png,runtime-folder-candidate,review-required; not-authorized-for-deletion
DUP-0065,b1e1f2427a0ff075a9b3fc40b1e6ba26a55a87a40553dba8ffc89159abb9a80b,317408,3,634816,Java/assets/player/classes/rogue/animations/class_rogue_model_up_right_walk_anim.png,runtime-folder-candidate,review-required; not-authorized-for-deletion
DUP-0065,b1e1f2427a0ff075a9b3fc40b1e6ba26a55a87a40553dba8ffc89159abb9a80b,317408,3,634816,Java/assets/player/classes/rogue/animations/class_rogue_model_up_walk_anim.png,runtime-folder-candidate,review-required; not-authorized-for-deletion
DUP-0066,a482b143485fea4ee1fe8fc5b35fef441ffdda22b224f3872e2e41034e747aff,621924,2,621924,Java/assets/city/walls/city_wall_fen_end_tower.png,runtime-folder-candidate,review-required; not-authorized-for-deletion
DUP-0066,a482b143485fea4ee1fe8fc5b35fef441ffdda22b224f3872e2e41034e747aff,621924,2,621924,Java/assets/source/latest-building-integrity-2026-09-22/city_wall_fen_end_tower.png,source-or-development-candidate,review-required; not-authorized-for-deletion
DUP-0067,c1459b19dc527f1501094037b950ad09e03334b67d385381eaf3bc4a77579903,454147,2,454147,Java/assets/player/classes/mage/animations/class_mage_model_up_left_walk_anim.png,runtime-folder-candidate,review-required; not-authorized-for-deletion
DUP-0067,c1459b19dc527f1501094037b950ad09e03334b67d385381eaf3bc4a77579903,454147,2,454147,Java/assets/player/classes/mage/animations/class_mage_model_up_right_walk_anim.png,runtime-folder-candidate,review-required; not-authorized-for-deletion
DUP-0068,3da8444038a17371d5809772b52e8ace946754195c0bac55e8da811d72f29cfe,383313,2,383313,Java/assets/player/classes/mage/class_mage_model.png,runtime-folder-candidate,review-required; not-authorized-for-deletion
DUP-0068,3da8444038a17371d5809772b52e8ace946754195c0bac55e8da811d72f29cfe,383313,2,383313,Java/assets/player/classes/mage/class_mage_model_down.png,runtime-folder-candidate,review-required; not-authorized-for-deletion
DUP-0069,f57e41e64ea945a228352810481c1a3c677b1cc9389f7fcd46250d4250c35b92,368968,2,368968,Java/assets/player/classes/cleric/animations/class_cleric_model_down_left_walk_anim.png,runtime-folder-candidate,review-required; not-authorized-for-deletion
DUP-0069,f57e41e64ea945a228352810481c1a3c677b1cc9389f7fcd46250d4250c35b92,368968,2,368968,Java/assets/player/classes/cleric/animations/class_cleric_model_left_walk_anim.png,runtime-folder-candidate,review-required; not-authorized-for-deletion
DUP-0070,9cd5f8bf5b8dc468de5a4420a34797adce4872890ab8f178ac82c029c73a4910,343041,2,343041,Java/assets/player/classes/knight/animations/class_knight_model_down_right_walk_anim.png,runtime-folder-candidate,review-required; not-authorized-for-deletion
DUP-0070,9cd5f8bf5b8dc468de5a4420a34797adce4872890ab8f178ac82c029c73a4910,343041,2,343041,Java/assets/player/classes/knight/animations/class_knight_model_right_walk_anim.png,runtime-folder-candidate,review-required; not-authorized-for-deletion
DUP-0071,e45c2cac6f06786d9f627e6602f8ab06f940e09af4e8d2395caac4b3a96bca62,311686,2,311686,Java/assets/player/classes/cleric/animations/class_cleric_model_down_right_walk_anim.png,runtime-folder-candidate,review-required; not-authorized-for-deletion
DUP-0071,e45c2cac6f06786d9f627e6602f8ab06f940e09af4e8d2395caac4b3a96bca62,311686,2,311686,Java/assets/player/classes/cleric/animations/class_cleric_model_right_walk_anim.png,runtime-folder-candidate,review-required; not-authorized-for-deletion
DUP-0072,0bcb42e38566e831218a646997e7a4d0b296aee6837025cef608d9c60a760ed5,149102,3,298204,asset-review/characters/walk/class_cleric_down_right.png,review-or-quarantine,review-required; not-authorized-for-deletion
DUP-0072,0bcb42e38566e831218a646997e7a4d0b296aee6837025cef608d9c60a760ed5,149102,3,298204,asset-review/characters/walk/class_cleric_right.png,review-or-quarantine,review-required; not-authorized-for-deletion
DUP-0072,0bcb42e38566e831218a646997e7a4d0b296aee6837025cef608d9c60a760ed5,149102,3,298204,asset-review/characters/walk/class_cleric_up_right.png,review-or-quarantine,review-required; not-authorized-for-deletion
DUP-0073,f7b9be02a5fde7248e4226557912724aabd1c71c129a597007d5b0eabb80d683,148656,3,297312,asset-review/characters/walk/class_cleric_down_left.png,review-or-quarantine,review-required; not-authorized-for-deletion
DUP-0073,f7b9be02a5fde7248e4226557912724aabd1c71c129a597007d5b0eabb80d683,148656,3,297312,asset-review/characters/walk/class_cleric_left.png,review-or-quarantine,review-required; not-authorized-for-deletion
DUP-0073,f7b9be02a5fde7248e4226557912724aabd1c71c129a597007d5b0eabb80d683,148656,3,297312,asset-review/characters/walk/class_cleric_up_left.png,review-or-quarantine,review-required; not-authorized-for-deletion
DUP-0074,224ba7ecb3337a6e906322574c5885239e9e5ee80b0eba94b73961833d1c1469,294887,2,294887,Java/assets/player/classes/knight/animations/class_knight_model_down_left_walk_anim.png,runtime-folder-candidate,review-required; not-authorized-for-deletion
DUP-0074,224ba7ecb3337a6e906322574c5885239e9e5ee80b0eba94b73961833d1c1469,294887,2,294887,Java/assets/player/classes/knight/animations/class_knight_model_left_walk_anim.png,runtime-folder-candidate,review-required; not-authorized-for-deletion
DUP-0075,0e11648c534879cedf75fdd133ee3ba4acded2c3fd5085b249cd6ffa721f1e34,146789,3,293578,asset-review/characters/walk/npc_vesper_down_left.png,review-or-quarantine,review-required; not-authorized-for-deletion
DUP-0075,0e11648c534879cedf75fdd133ee3ba4acded2c3fd5085b249cd6ffa721f1e34,146789,3,293578,asset-review/characters/walk/npc_vesper_left.png,review-or-quarantine,review-required; not-authorized-for-deletion
DUP-0075,0e11648c534879cedf75fdd133ee3ba4acded2c3fd5085b249cd6ffa721f1e34,146789,3,293578,asset-review/characters/walk/npc_vesper_up_left.png,review-or-quarantine,review-required; not-authorized-for-deletion
DUP-0076,1dafad463290776ae68075532d34da9a9aa2f946514d2adb21253abb24a4f0df,145348,3,290696,asset-review/characters/walk/npc_vesper_down_right.png,review-or-quarantine,review-required; not-authorized-for-deletion
DUP-0076,1dafad463290776ae68075532d34da9a9aa2f946514d2adb21253abb24a4f0df,145348,3,290696,asset-review/characters/walk/npc_vesper_right.png,review-or-quarantine,review-required; not-authorized-for-deletion
DUP-0076,1dafad463290776ae68075532d34da9a9aa2f946514d2adb21253abb24a4f0df,145348,3,290696,asset-review/characters/walk/npc_vesper_up_right.png,review-or-quarantine,review-required; not-authorized-for-deletion
DUP-0077,7fdc4b11b6dc7f2a72ab84d9c0fef43a8bffc1cc446a1feefd2ea41fe133987a,282225,2,282225,Java/assets/player/base/animations/player_model_down_right_walk_anim.png,runtime-folder-candidate,review-required; not-authorized-for-deletion
DUP-0077,7fdc4b11b6dc7f2a72ab84d9c0fef43a8bffc1cc446a1feefd2ea41fe133987a,282225,2,282225,Java/assets/player/base/animations/player_model_right_walk_anim.png,runtime-folder-candidate,review-required; not-authorized-for-deletion
DUP-0078,535eaaf67593153609f0ca4aac4072e64fffbe8f811080511e5a450fb3aa45aa,282130,2,282130,Java/assets/player/classes/ranger/animations/class_ranger_model_down_left_walk_anim.png,runtime-folder-candidate,review-required; not-authorized-for-deletion
DUP-0078,535eaaf67593153609f0ca4aac4072e64fffbe8f811080511e5a450fb3aa45aa,282130,2,282130,Java/assets/player/classes/ranger/animations/class_ranger_model_left_walk_anim.png,runtime-folder-candidate,review-required; not-authorized-for-deletion
DUP-0079,30fa7d380ae762783ffd8efd63209137ba122abf5550586df23c14b756182981,276373,2,276373,Java/assets/player/classes/ranger/animations/class_ranger_model_down_right_walk_anim.png,runtime-folder-candidate,review-required; not-authorized-for-deletion
DUP-0079,30fa7d380ae762783ffd8efd63209137ba122abf5550586df23c14b756182981,276373,2,276373,Java/assets/player/classes/ranger/animations/class_ranger_model_right_walk_anim.png,runtime-folder-candidate,review-required; not-authorized-for-deletion
DUP-0080,093d68e0c592cf5e57a98b77a5b871b35180f1dad80032201390dbf481daa10d,137430,3,274860,asset-review/characters/walk/class_rogue_down_right.png,review-or-quarantine,review-required; not-authorized-for-deletion
DUP-0080,093d68e0c592cf5e57a98b77a5b871b35180f1dad80032201390dbf481daa10d,137430,3,274860,asset-review/characters/walk/class_rogue_right.png,review-or-quarantine,review-required; not-authorized-for-deletion
DUP-0080,093d68e0c592cf5e57a98b77a5b871b35180f1dad80032201390dbf481daa10d,137430,3,274860,asset-review/characters/walk/class_rogue_up_right.png,review-or-quarantine,review-required; not-authorized-for-deletion
DUP-0081,d236581b9bfa3b96c714343ce8a8f7dbb601ab588e47accc1dcbac7f839dfc26,137189,3,274378,asset-review/characters/walk/class_rogue_down_left.png,review-or-quarantine,review-required; not-authorized-for-deletion
DUP-0081,d236581b9bfa3b96c714343ce8a8f7dbb601ab588e47accc1dcbac7f839dfc26,137189,3,274378,asset-review/characters/walk/class_rogue_left.png,review-or-quarantine,review-required; not-authorized-for-deletion
DUP-0081,d236581b9bfa3b96c714343ce8a8f7dbb601ab588e47accc1dcbac7f839dfc26,137189,3,274378,asset-review/characters/walk/class_rogue_up_left.png,review-or-quarantine,review-required; not-authorized-for-deletion
DUP-0082,dd9bbc16ca1903c963e3abf8eab9f17b4bed593abba0dd0c1590d41db586a127,137183,3,274366,Java/assets/companions/vesper/animations/npc_vesper_model_up_left_walk_anim.png,runtime-folder-candidate,review-required; not-authorized-for-deletion
DUP-0082,dd9bbc16ca1903c963e3abf8eab9f17b4bed593abba0dd0c1590d41db586a127,137183,3,274366,Java/assets/companions/vesper/animations/npc_vesper_model_up_right_walk_anim.png,runtime-folder-candidate,review-required; not-authorized-for-deletion
DUP-0082,dd9bbc16ca1903c963e3abf8eab9f17b4bed593abba0dd0c1590d41db586a127,137183,3,274366,Java/assets/companions/vesper/animations/npc_vesper_model_up_walk_anim.png,runtime-folder-candidate,review-required; not-authorized-for-deletion
DUP-0083,a2c41ac2a1cd863bbb07c63415c0d893bf92a9b4a6876827d85b6bc2b65a0a17,137163,3,274326,asset-review/characters/walk/class_knight_down_left.png,review-or-quarantine,review-required; not-authorized-for-deletion
DUP-0083,a2c41ac2a1cd863bbb07c63415c0d893bf92a9b4a6876827d85b6bc2b65a0a17,137163,3,274326,asset-review/characters/walk/class_knight_left.png,review-or-quarantine,review-required; not-authorized-for-deletion
DUP-0083,a2c41ac2a1cd863bbb07c63415c0d893bf92a9b4a6876827d85b6bc2b65a0a17,137163,3,274326,asset-review/characters/walk/class_knight_up_left.png,review-or-quarantine,review-required; not-authorized-for-deletion
DUP-0084,bc0997e6d68a01420fda69de47bcfeec27de972b524b2673efdc6131789ff482,135706,3,271412,asset-review/characters/walk/class_knight_down_right.png,review-or-quarantine,review-required; not-authorized-for-deletion
DUP-0084,bc0997e6d68a01420fda69de47bcfeec27de972b524b2673efdc6131789ff482,135706,3,271412,asset-review/characters/walk/class_knight_right.png,review-or-quarantine,review-required; not-authorized-for-deletion
DUP-0084,bc0997e6d68a01420fda69de47bcfeec27de972b524b2673efdc6131789ff482,135706,3,271412,asset-review/characters/walk/class_knight_up_right.png,review-or-quarantine,review-required; not-authorized-for-deletion
DUP-0085,da7118bd349a5a6747c60fe52cecf8eba0a75be8bfbea97b285ed6461b2fa7d1,131876,3,263752,asset-review/characters/walk/npc_seraphine_down_right.png,review-or-quarantine,review-required; not-authorized-for-deletion
DUP-0085,da7118bd349a5a6747c60fe52cecf8eba0a75be8bfbea97b285ed6461b2fa7d1,131876,3,263752,asset-review/characters/walk/npc_seraphine_right.png,review-or-quarantine,review-required; not-authorized-for-deletion
DUP-0085,da7118bd349a5a6747c60fe52cecf8eba0a75be8bfbea97b285ed6461b2fa7d1,131876,3,263752,asset-review/characters/walk/npc_seraphine_up_right.png,review-or-quarantine,review-required; not-authorized-for-deletion
DUP-0086,9816e1a00bb5aecd698be7c85b35965c1a3d60a8d8db5530fed9bcda4e58b1e3,131245,3,262490,asset-review/characters/walk/npc_calder_down_left.png,review-or-quarantine,review-required; not-authorized-for-deletion
DUP-0086,9816e1a00bb5aecd698be7c85b35965c1a3d60a8d8db5530fed9bcda4e58b1e3,131245,3,262490,asset-review/characters/walk/npc_calder_left.png,review-or-quarantine,review-required; not-authorized-for-deletion
DUP-0086,9816e1a00bb5aecd698be7c85b35965c1a3d60a8d8db5530fed9bcda4e58b1e3,131245,3,262490,asset-review/characters/walk/npc_calder_up_left.png,review-or-quarantine,review-required; not-authorized-for-deletion
DUP-0087,420b42dc53f4cedb5a28c7fe9869ad9d536c4299fddb07c98c7404b2eaabb45a,262222,2,262222,Java/assets/player/classes/rogue/animations/class_rogue_model_down_right_walk_anim.png,runtime-folder-candidate,review-required; not-authorized-for-deletion
DUP-0087,420b42dc53f4cedb5a28c7fe9869ad9d536c4299fddb07c98c7404b2eaabb45a,262222,2,262222,Java/assets/player/classes/rogue/animations/class_rogue_model_right_walk_anim.png,runtime-folder-candidate,review-required; not-authorized-for-deletion
DUP-0088,244a0046df430df3d849650c60e08d6b43449480e5430eff601aba153d00034e,130681,3,261362,asset-review/characters/walk/npc_seraphine_down_left.png,review-or-quarantine,review-required; not-authorized-for-deletion
DUP-0088,244a0046df430df3d849650c60e08d6b43449480e5430eff601aba153d00034e,130681,3,261362,asset-review/characters/walk/npc_seraphine_left.png,review-or-quarantine,review-required; not-authorized-for-deletion
DUP-0088,244a0046df430df3d849650c60e08d6b43449480e5430eff601aba153d00034e,130681,3,261362,asset-review/characters/walk/npc_seraphine_up_left.png,review-or-quarantine,review-required; not-authorized-for-deletion
DUP-0089,2c634d177c9f01f1e84b39e57823c6e745fb9136d82cd18e11700053c4e3c512,260342,2,260342,Java/assets/player/base/animations/player_model_down_left_walk_anim.png,runtime-folder-candidate,review-required; not-authorized-for-deletion
DUP-0089,2c634d177c9f01f1e84b39e57823c6e745fb9136d82cd18e11700053c4e3c512,260342,2,260342,Java/assets/player/base/animations/player_model_left_walk_anim.png,runtime-folder-candidate,review-required; not-authorized-for-deletion
DUP-0090,c75951b31b818e040a228b89b754819dab0c730f5c2fad290dde506cc883220f,129417,3,258834,asset-review/characters/walk/npc_calder_down_right.png,review-or-quarantine,review-required; not-authorized-for-deletion
DUP-0090,c75951b31b818e040a228b89b754819dab0c730f5c2fad290dde506cc883220f,129417,3,258834,asset-review/characters/walk/npc_calder_right.png,review-or-quarantine,review-required; not-authorized-for-deletion
DUP-0090,c75951b31b818e040a228b89b754819dab0c730f5c2fad290dde506cc883220f,129417,3,258834,asset-review/characters/walk/npc_calder_up_right.png,review-or-quarantine,review-required; not-authorized-for-deletion
DUP-0091,33cadf8a275de702bf905132ba844def0a9d2cd2888adc795ea6cc2b6af0a6f0,128450,3,256900,asset-review/characters/walk/class_ranger_down_left.png,review-or-quarantine,review-required; not-authorized-for-deletion
DUP-0091,33cadf8a275de702bf905132ba844def0a9d2cd2888adc795ea6cc2b6af0a6f0,128450,3,256900,asset-review/characters/walk/class_ranger_left.png,review-or-quarantine,review-required; not-authorized-for-deletion
DUP-0091,33cadf8a275de702bf905132ba844def0a9d2cd2888adc795ea6cc2b6af0a6f0,128450,3,256900,asset-review/characters/walk/class_ranger_up_left.png,review-or-quarantine,review-required; not-authorized-for-deletion
DUP-0092,f9752a2e7150f14baf3c7699cce18600a4103fd3de1b904c753bae91417c4a7a,127423,3,254846,asset-review/characters/walk/class_ranger_down_right.png,review-or-quarantine,review-required; not-authorized-for-deletion
DUP-0092,f9752a2e7150f14baf3c7699cce18600a4103fd3de1b904c753bae91417c4a7a,127423,3,254846,asset-review/characters/walk/class_ranger_right.png,review-or-quarantine,review-required; not-authorized-for-deletion
DUP-0092,f9752a2e7150f14baf3c7699cce18600a4103fd3de1b904c753bae91417c4a7a,127423,3,254846,asset-review/characters/walk/class_ranger_up_right.png,review-or-quarantine,review-required; not-authorized-for-deletion
DUP-0093,6eefa67d0d5de28a284cbb52993b340373c45b7909c7ffa2edad52a101d7f778,125783,3,251566,Java/assets/companions/samir/animations/npc_samir_model_up_left_walk_anim.png,runtime-folder-candidate,review-required; not-authorized-for-deletion
DUP-0093,6eefa67d0d5de28a284cbb52993b340373c45b7909c7ffa2edad52a101d7f778,125783,3,251566,Java/assets/companions/samir/animations/npc_samir_model_up_right_walk_anim.png,runtime-folder-candidate,review-required; not-authorized-for-deletion
DUP-0093,6eefa67d0d5de28a284cbb52993b340373c45b7909c7ffa2edad52a101d7f778,125783,3,251566,Java/assets/companions/samir/animations/npc_samir_model_up_walk_anim.png,runtime-folder-candidate,review-required; not-authorized-for-deletion
DUP-0094,b65328dc8eb6799226f411f2763e48620e7a05f1b86570f8c20e78a937665389,125224,3,250448,asset-review/characters/walk/npc_rafiq_down_right.png,review-or-quarantine,review-required; not-authorized-for-deletion
DUP-0094,b65328dc8eb6799226f411f2763e48620e7a05f1b86570f8c20e78a937665389,125224,3,250448,asset-review/characters/walk/npc_rafiq_right.png,review-or-quarantine,review-required; not-authorized-for-deletion
DUP-0094,b65328dc8eb6799226f411f2763e48620e7a05f1b86570f8c20e78a937665389,125224,3,250448,asset-review/characters/walk/npc_rafiq_up_right.png,review-or-quarantine,review-required; not-authorized-for-deletion
DUP-0095,2bdc91cf669a8aac65551a346d0ae18c50ea3cd9c30abdfdf7766b6da918a2a1,124042,3,248084,asset-review/characters/walk/npc_rafiq_down_left.png,review-or-quarantine,review-required; not-authorized-for-deletion
DUP-0095,2bdc91cf669a8aac65551a346d0ae18c50ea3cd9c30abdfdf7766b6da918a2a1,124042,3,248084,asset-review/characters/walk/npc_rafiq_left.png,review-or-quarantine,review-required; not-authorized-for-deletion
DUP-0095,2bdc91cf669a8aac65551a346d0ae18c50ea3cd9c30abdfdf7766b6da918a2a1,124042,3,248084,asset-review/characters/walk/npc_rafiq_up_left.png,review-or-quarantine,review-required; not-authorized-for-deletion
DUP-0096,312da627fe518d90b12b02f8ff4634b18fd1d1453629c581785f69a66e470821,121620,3,243240,asset-review/characters/walk/npc_maera_down_right.png,review-or-quarantine,review-required; not-authorized-for-deletion
DUP-0096,312da627fe518d90b12b02f8ff4634b18fd1d1453629c581785f69a66e470821,121620,3,243240,asset-review/characters/walk/npc_maera_right.png,review-or-quarantine,review-required; not-authorized-for-deletion
DUP-0096,312da627fe518d90b12b02f8ff4634b18fd1d1453629c581785f69a66e470821,121620,3,243240,asset-review/characters/walk/npc_maera_up_right.png,review-or-quarantine,review-required; not-authorized-for-deletion
DUP-0097,f6155e80bea45dee4ab282f67769fdc62c7732ab0d20c4aeb0ecd41ee25ad8b7,121149,3,242298,asset-review/characters/walk/npc_maera_down_left.png,review-or-quarantine,review-required; not-authorized-for-deletion
DUP-0097,f6155e80bea45dee4ab282f67769fdc62c7732ab0d20c4aeb0ecd41ee25ad8b7,121149,3,242298,asset-review/characters/walk/npc_maera_left.png,review-or-quarantine,review-required; not-authorized-for-deletion
DUP-0097,f6155e80bea45dee4ab282f67769fdc62c7732ab0d20c4aeb0ecd41ee25ad8b7,121149,3,242298,asset-review/characters/walk/npc_maera_up_left.png,review-or-quarantine,review-required; not-authorized-for-deletion
DUP-0098,02d7f6624aecc982f8ca84a2533b74c04a4a20360f97ffba2b5e23d3e77d9c66,121023,3,242046,asset-review/characters/walk/class_mage_down_right.png,review-or-quarantine,review-required; not-authorized-for-deletion
DUP-0098,02d7f6624aecc982f8ca84a2533b74c04a4a20360f97ffba2b5e23d3e77d9c66,121023,3,242046,asset-review/characters/walk/class_mage_right.png,review-or-quarantine,review-required; not-authorized-for-deletion
DUP-0098,02d7f6624aecc982f8ca84a2533b74c04a4a20360f97ffba2b5e23d3e77d9c66,121023,3,242046,asset-review/characters/walk/class_mage_up_right.png,review-or-quarantine,review-required; not-authorized-for-deletion
DUP-0099,b50f250a8281015239601d41443e842fe380b6c53b03acad7c4be96c87fc61cf,120941,3,241882,Java/assets/companions/calder/animations/npc_calder_model_up_left_walk_anim.png,runtime-folder-candidate,review-required; not-authorized-for-deletion
DUP-0099,b50f250a8281015239601d41443e842fe380b6c53b03acad7c4be96c87fc61cf,120941,3,241882,Java/assets/companions/calder/animations/npc_calder_model_up_right_walk_anim.png,runtime-folder-candidate,review-required; not-authorized-for-deletion
DUP-0099,b50f250a8281015239601d41443e842fe380b6c53b03acad7c4be96c87fc61cf,120941,3,241882,Java/assets/companions/calder/animations/npc_calder_model_up_walk_anim.png,runtime-folder-candidate,review-required; not-authorized-for-deletion
DUP-0100,40f073eb9442c3154e670278e91fb21ce6a45a7eca98f41dc8c84abf79f67536,119333,3,238666,asset-review/characters/walk/class_mage_down_left.png,review-or-quarantine,review-required; not-authorized-for-deletion
DUP-0100,40f073eb9442c3154e670278e91fb21ce6a45a7eca98f41dc8c84abf79f67536,119333,3,238666,asset-review/characters/walk/class_mage_left.png,review-or-quarantine,review-required; not-authorized-for-deletion
DUP-0100,40f073eb9442c3154e670278e91fb21ce6a45a7eca98f41dc8c84abf79f67536,119333,3,238666,asset-review/characters/walk/class_mage_up_left.png,review-or-quarantine,review-required; not-authorized-for-deletion
DUP-0101,8f3f56953715399b7821172532f9ff00584fd30f290885b3c4cd984757774925,115925,3,231850,asset-review/characters/walk/npc_lyra_down_right.png,review-or-quarantine,review-required; not-authorized-for-deletion
DUP-0101,8f3f56953715399b7821172532f9ff00584fd30f290885b3c4cd984757774925,115925,3,231850,asset-review/characters/walk/npc_lyra_right.png,review-or-quarantine,review-required; not-authorized-for-deletion
DUP-0101,8f3f56953715399b7821172532f9ff00584fd30f290885b3c4cd984757774925,115925,3,231850,asset-review/characters/walk/npc_lyra_up_right.png,review-or-quarantine,review-required; not-authorized-for-deletion
DUP-0102,93529d3060b2de3df607c23da0842847c1beaa7c2290257363d2b43828e9effc,115666,3,231332,asset-review/characters/walk/npc_lyra_down_left.png,review-or-quarantine,review-required; not-authorized-for-deletion
DUP-0102,93529d3060b2de3df607c23da0842847c1beaa7c2290257363d2b43828e9effc,115666,3,231332,asset-review/characters/walk/npc_lyra_left.png,review-or-quarantine,review-required; not-authorized-for-deletion
DUP-0102,93529d3060b2de3df607c23da0842847c1beaa7c2290257363d2b43828e9effc,115666,3,231332,asset-review/characters/walk/npc_lyra_up_left.png,review-or-quarantine,review-required; not-authorized-for-deletion
DUP-0103,dca6df73adfe4dafc610b0470b77572412f485959a6e37393ad65c616d9a99b6,114920,3,229840,asset-review/characters/walk/npc_samir_down_left.png,review-or-quarantine,review-required; not-authorized-for-deletion
DUP-0103,dca6df73adfe4dafc610b0470b77572412f485959a6e37393ad65c616d9a99b6,114920,3,229840,asset-review/characters/walk/npc_samir_left.png,review-or-quarantine,review-required; not-authorized-for-deletion
DUP-0103,dca6df73adfe4dafc610b0470b77572412f485959a6e37393ad65c616d9a99b6,114920,3,229840,asset-review/characters/walk/npc_samir_up_left.png,review-or-quarantine,review-required; not-authorized-for-deletion
DUP-0104,0e17e729068adbcd85c9d3290fdaf2b3661b2f9e9a5e26babe3557e687dd4ef9,114488,3,228976,asset-review/characters/walk/npc_aria_down_left.png,review-or-quarantine,review-required; not-authorized-for-deletion
DUP-0104,0e17e729068adbcd85c9d3290fdaf2b3661b2f9e9a5e26babe3557e687dd4ef9,114488,3,228976,asset-review/characters/walk/npc_aria_left.png,review-or-quarantine,review-required; not-authorized-for-deletion
DUP-0104,0e17e729068adbcd85c9d3290fdaf2b3661b2f9e9a5e26babe3557e687dd4ef9,114488,3,228976,asset-review/characters/walk/npc_aria_up_left.png,review-or-quarantine,review-required; not-authorized-for-deletion
DUP-0105,23942e7c095ee22e207143e70087701c4cf922046a39449cd06622eeba6922bc,114167,3,228334,asset-review/characters/walk/npc_samir_down_right.png,review-or-quarantine,review-required; not-authorized-for-deletion
DUP-0105,23942e7c095ee22e207143e70087701c4cf922046a39449cd06622eeba6922bc,114167,3,228334,asset-review/characters/walk/npc_samir_right.png,review-or-quarantine,review-required; not-authorized-for-deletion
DUP-0105,23942e7c095ee22e207143e70087701c4cf922046a39449cd06622eeba6922bc,114167,3,228334,asset-review/characters/walk/npc_samir_up_right.png,review-or-quarantine,review-required; not-authorized-for-deletion
DUP-0106,98f752131cafb083683f7e70680106f8462d53f929230789061348c3fec4bed9,113075,3,226150,asset-review/characters/walk/npc_aria_down_right.png,review-or-quarantine,review-required; not-authorized-for-deletion
DUP-0106,98f752131cafb083683f7e70680106f8462d53f929230789061348c3fec4bed9,113075,3,226150,asset-review/characters/walk/npc_aria_right.png,review-or-quarantine,review-required; not-authorized-for-deletion
DUP-0106,98f752131cafb083683f7e70680106f8462d53f929230789061348c3fec4bed9,113075,3,226150,asset-review/characters/walk/npc_aria_up_right.png,review-or-quarantine,review-required; not-authorized-for-deletion
DUP-0107,b03902239f3daf265f1415c2311403bc173e93809f269b4a91e5f42ebcf7986a,111197,3,222394,Java/assets/companions/aria/animations/npc_aria_model_up_left_walk_anim.png,runtime-folder-candidate,review-required; not-authorized-for-deletion
DUP-0107,b03902239f3daf265f1415c2311403bc173e93809f269b4a91e5f42ebcf7986a,111197,3,222394,Java/assets/companions/aria/animations/npc_aria_model_up_right_walk_anim.png,runtime-folder-candidate,review-required; not-authorized-for-deletion
DUP-0107,b03902239f3daf265f1415c2311403bc173e93809f269b4a91e5f42ebcf7986a,111197,3,222394,Java/assets/companions/aria/animations/npc_aria_model_up_walk_anim.png,runtime-folder-candidate,review-required; not-authorized-for-deletion
DUP-0108,8108c8dd13f62568964538c5046a64c4eab02e77c70671085560a58b32ddbc6d,110979,3,221958,asset-review/characters/walk/npc_cassia_down_left.png,review-or-quarantine,review-required; not-authorized-for-deletion
DUP-0108,8108c8dd13f62568964538c5046a64c4eab02e77c70671085560a58b32ddbc6d,110979,3,221958,asset-review/characters/walk/npc_cassia_left.png,review-or-quarantine,review-required; not-authorized-for-deletion
DUP-0108,8108c8dd13f62568964538c5046a64c4eab02e77c70671085560a58b32ddbc6d,110979,3,221958,asset-review/characters/walk/npc_cassia_up_left.png,review-or-quarantine,review-required; not-authorized-for-deletion
DUP-0109,3982803578bf0d5ff7867a6ed9ea294884b706918a1eba555178967e69e93d27,110199,3,220398,asset-review/characters/walk/npc_cassia_down_right.png,review-or-quarantine,review-required; not-authorized-for-deletion
DUP-0109,3982803578bf0d5ff7867a6ed9ea294884b706918a1eba555178967e69e93d27,110199,3,220398,asset-review/characters/walk/npc_cassia_right.png,review-or-quarantine,review-required; not-authorized-for-deletion
DUP-0109,3982803578bf0d5ff7867a6ed9ea294884b706918a1eba555178967e69e93d27,110199,3,220398,asset-review/characters/walk/npc_cassia_up_right.png,review-or-quarantine,review-required; not-authorized-for-deletion
DUP-0110,8312f9d805da512552235630fecfb88124a406eaa63b56999cf1b9722c6229a2,109241,3,218482,Java/assets/badlands/deco_badlands_dry_grass.png,runtime-folder-candidate,review-required; not-authorized-for-deletion
DUP-0110,8312f9d805da512552235630fecfb88124a406eaa63b56999cf1b9722c6229a2,109241,3,218482,Java/assets/desert/deco_dry_grass.png,runtime-folder-candidate,review-required; not-authorized-for-deletion
DUP-0110,8312f9d805da512552235630fecfb88124a406eaa63b56999cf1b9722c6229a2,109241,3,218482,asset-review/files/Java/assets/deco/deco_dry_grass.png,review-or-quarantine,review-required; not-authorized-for-deletion
DUP-0111,363533eaaba554f18df8c7e667a3b5d6263c8690568e8bd2342a73053fdd36b3,104436,3,208872,Java/assets/companions/rafiq/animations/npc_rafiq_model_up_left_walk_anim.png,runtime-folder-candidate,review-required; not-authorized-for-deletion
DUP-0111,363533eaaba554f18df8c7e667a3b5d6263c8690568e8bd2342a73053fdd36b3,104436,3,208872,Java/assets/companions/rafiq/animations/npc_rafiq_model_up_right_walk_anim.png,runtime-folder-candidate,review-required; not-authorized-for-deletion
DUP-0111,363533eaaba554f18df8c7e667a3b5d6263c8690568e8bd2342a73053fdd36b3,104436,3,208872,Java/assets/companions/rafiq/animations/npc_rafiq_model_up_walk_anim.png,runtime-folder-candidate,review-required; not-authorized-for-deletion
DUP-0112,6aeb91b2843bb0ea34aee94a777c6c1aacb7ed2ec20a80f09e26a267b394fafb,102790,3,205580,Java/assets/companions/lyra/animations/npc_lyra_model_up_left_walk_anim.png,runtime-folder-candidate,review-required; not-authorized-for-deletion
DUP-0112,6aeb91b2843bb0ea34aee94a777c6c1aacb7ed2ec20a80f09e26a267b394fafb,102790,3,205580,Java/assets/companions/lyra/animations/npc_lyra_model_up_right_walk_anim.png,runtime-folder-candidate,review-required; not-authorized-for-deletion
DUP-0112,6aeb91b2843bb0ea34aee94a777c6c1aacb7ed2ec20a80f09e26a267b394fafb,102790,3,205580,Java/assets/companions/lyra/animations/npc_lyra_model_up_walk_anim.png,runtime-folder-candidate,review-required; not-authorized-for-deletion
DUP-0113,8b6a95c006ecf1fa6a7a80388b115c0d4ab45c4ce2ced600fb71a8febf5c8454,102208,3,204416,Java/assets/companions/maera/animations/npc_maera_model_up_left_walk_anim.png,runtime-folder-candidate,review-required; not-authorized-for-deletion
DUP-0113,8b6a95c006ecf1fa6a7a80388b115c0d4ab45c4ce2ced600fb71a8febf5c8454,102208,3,204416,Java/assets/companions/maera/animations/npc_maera_model_up_right_walk_anim.png,runtime-folder-candidate,review-required; not-authorized-for-deletion
DUP-0113,8b6a95c006ecf1fa6a7a80388b115c0d4ab45c4ce2ced600fb71a8febf5c8454,102208,3,204416,Java/assets/companions/maera/animations/npc_maera_model_up_walk_anim.png,runtime-folder-candidate,review-required; not-authorized-for-deletion
DUP-0114,c44d14305019bd9bcf8152e9c33a89ff6319f1808b53b459640f8d185c46c909,192658,2,192658,Java/assets/player/classes/rogue/animations/class_rogue_model_down_left_walk_anim.png,runtime-folder-candidate,review-required; not-authorized-for-deletion
DUP-0114,c44d14305019bd9bcf8152e9c33a89ff6319f1808b53b459640f8d185c46c909,192658,2,192658,Java/assets/player/classes/rogue/animations/class_rogue_model_left_walk_anim.png,runtime-folder-candidate,review-required; not-authorized-for-deletion
DUP-0115,dc982b2b62c770788a2470a73805a8d2de3f44895c34396186e871be2942c046,95188,3,190376,Java/assets/companions/cassia/animations/npc_cassia_model_up_left_walk_anim.png,runtime-folder-candidate,review-required; not-authorized-for-deletion
DUP-0115,dc982b2b62c770788a2470a73805a8d2de3f44895c34396186e871be2942c046,95188,3,190376,Java/assets/companions/cassia/animations/npc_cassia_model_up_right_walk_anim.png,runtime-folder-candidate,review-required; not-authorized-for-deletion
DUP-0115,dc982b2b62c770788a2470a73805a8d2de3f44895c34396186e871be2942c046,95188,3,190376,Java/assets/companions/cassia/animations/npc_cassia_model_up_walk_anim.png,runtime-folder-candidate,review-required; not-authorized-for-deletion
DUP-0116,e97eed025a0d6738b9292b2d219c265a3de63dfec555ed21f90c452c7aa6fbd2,91798,3,183596,Java/assets/companions/seraphine/animations/npc_seraphine_model_up_left_walk_anim.png,runtime-folder-candidate,review-required; not-authorized-for-deletion
DUP-0116,e97eed025a0d6738b9292b2d219c265a3de63dfec555ed21f90c452c7aa6fbd2,91798,3,183596,Java/assets/companions/seraphine/animations/npc_seraphine_model_up_right_walk_anim.png,runtime-folder-candidate,review-required; not-authorized-for-deletion
DUP-0116,e97eed025a0d6738b9292b2d219c265a3de63dfec555ed21f90c452c7aa6fbd2,91798,3,183596,Java/assets/companions/seraphine/animations/npc_seraphine_model_up_walk_anim.png,runtime-folder-candidate,review-required; not-authorized-for-deletion
DUP-0117,a5d0509ace65ff888f5c218db70eeb2143151291473d6159c7f6c6f2b3c6fd91,155178,2,155178,Java/assets/npcs/animations/npc_garruk_model_down_walk_anim.png,runtime-folder-candidate,review-required; not-authorized-for-deletion
DUP-0117,a5d0509ace65ff888f5c218db70eeb2143151291473d6159c7f6c6f2b3c6fd91,155178,2,155178,asset-review/2026-09-22-npcs/before/Java/assets/npcs/animations/npc_garruk_model_down_walk_anim.png,review-or-quarantine,review-required; not-authorized-for-deletion
DUP-0118,e8081935868459dfc8594284710524cbf2dd66c3dd8c94b7846b9c1d7ca88910,154538,2,154538,Java/assets/npcs/animations/npc_orin_model_up_walk_anim.png,runtime-folder-candidate,review-required; not-authorized-for-deletion
DUP-0118,e8081935868459dfc8594284710524cbf2dd66c3dd8c94b7846b9c1d7ca88910,154538,2,154538,asset-review/2026-09-22-npcs/candidates/Java/assets/npcs/animations/npc_orin_model_up_walk_anim.png,review-or-quarantine,review-required; not-authorized-for-deletion
DUP-0119,14d249dcd4d33ea68e3e2050262022f5a8b5798c4deb5fb5fa46c4db5a3fdba4,153461,2,153461,Java/assets/npcs/animations/npc_merchant_model_right_walk_anim.png,runtime-folder-candidate,review-required; not-authorized-for-deletion
DUP-0119,14d249dcd4d33ea68e3e2050262022f5a8b5798c4deb5fb5fa46c4db5a3fdba4,153461,2,153461,asset-review/2026-09-22-npcs/candidates/Java/assets/npcs/animations/npc_merchant_model_right_walk_anim.png,review-or-quarantine,review-required; not-authorized-for-deletion
DUP-0120,62dca759165caf70ff38ef454e8876553d330669d1abf7731f6aad6e2f4a1147,150293,2,150293,Java/assets/npcs/animations/npc_merchant_model_left_walk_anim.png,runtime-folder-candidate,review-required; not-authorized-for-deletion
DUP-0120,62dca759165caf70ff38ef454e8876553d330669d1abf7731f6aad6e2f4a1147,150293,2,150293,asset-review/2026-09-22-npcs/candidates/Java/assets/npcs/animations/npc_merchant_model_left_walk_anim.png,review-or-quarantine,review-required; not-authorized-for-deletion
DUP-0121,52e6efc7dd9ffbe45c8b825aef5b4f7222cac8ca897de73838b9f00ab4047caa,148539,2,148539,Java/assets/terrain/dungeon_broken_flagstone.png,runtime-folder-candidate,review-required; not-authorized-for-deletion
DUP-0121,52e6efc7dd9ffbe45c8b825aef5b4f7222cac8ca897de73838b9f00ab4047caa,148539,2,148539,Java/assets/terrain/dungeon_wall.png,runtime-folder-candidate,review-required; not-authorized-for-deletion
DUP-0122,0ad2845eb12b115be4f3e0ab00c4a2d44adee95de5e0161748e68e7dac412f08,148096,2,148096,Java/assets/npcs/animations/npc_blacksmith_model_down_walk_anim.png,runtime-folder-candidate,review-required; not-authorized-for-deletion
DUP-0122,0ad2845eb12b115be4f3e0ab00c4a2d44adee95de5e0161748e68e7dac412f08,148096,2,148096,asset-review/2026-09-22-npcs/candidates/Java/assets/npcs/animations/npc_blacksmith_model_down_walk_anim.png,review-or-quarantine,review-required; not-authorized-for-deletion
DUP-0123,f4b237fa0571bc86a9806b6c6559d4a497ae71be456770d31f4b031f7ec243b8,147835,2,147835,Java/assets/npcs/animations/npc_elowen_model_up_walk_anim.png,runtime-folder-candidate,review-required; not-authorized-for-deletion
DUP-0123,f4b237fa0571bc86a9806b6c6559d4a497ae71be456770d31f4b031f7ec243b8,147835,2,147835,asset-review/2026-09-22-npcs/before/Java/assets/npcs/animations/npc_elowen_model_up_walk_anim.png,review-or-quarantine,review-required; not-authorized-for-deletion
DUP-0124,61c1f1f16c5b47eff18263303ba103fe70264877b6de8f7bd8854a42b00f4790,146485,2,146485,Java/assets/npcs/animations/npc_merchant_model_down_walk_anim.png,runtime-folder-candidate,review-required; not-authorized-for-deletion
DUP-0124,61c1f1f16c5b47eff18263303ba103fe70264877b6de8f7bd8854a42b00f4790,146485,2,146485,asset-review/2026-09-22-npcs/candidates/Java/assets/npcs/animations/npc_merchant_model_down_walk_anim.png,review-or-quarantine,review-required; not-authorized-for-deletion
DUP-0125,ba2480b5deee25feda3ddaa8d12ff64ae5ad64a169836abe269ef8458e4d4978,145843,2,145843,Java/assets/npcs/animations/npc_bartender_model_right_walk_anim.png,runtime-folder-candidate,review-required; not-authorized-for-deletion
DUP-0125,ba2480b5deee25feda3ddaa8d12ff64ae5ad64a169836abe269ef8458e4d4978,145843,2,145843,asset-review/2026-09-22-npcs/candidates/Java/assets/npcs/animations/npc_bartender_model_right_walk_anim.png,review-or-quarantine,review-required; not-authorized-for-deletion
DUP-0126,70c18f8875ea8fc0b027eef5101cc90b6d2517f314a23384fbdbe0a831d9ee87,145169,2,145169,Java/assets/npcs/animations/npc_blacksmith_model_up_walk_anim.png,runtime-folder-candidate,review-required; not-authorized-for-deletion
DUP-0126,70c18f8875ea8fc0b027eef5101cc90b6d2517f314a23384fbdbe0a831d9ee87,145169,2,145169,asset-review/2026-09-22-npcs/candidates/Java/assets/npcs/animations/npc_blacksmith_model_up_walk_anim.png,review-or-quarantine,review-required; not-authorized-for-deletion
DUP-0127,36883bf147fc26bb9a211e70ce3f9b5ea37931e5946106a0726399234ff2a5d0,145108,2,145108,Java/assets/npcs/animations/npc_orin_model_down_walk_anim.png,runtime-folder-candidate,review-required; not-authorized-for-deletion
DUP-0127,36883bf147fc26bb9a211e70ce3f9b5ea37931e5946106a0726399234ff2a5d0,145108,2,145108,asset-review/2026-09-22-npcs/candidates/Java/assets/npcs/animations/npc_orin_model_down_walk_anim.png,review-or-quarantine,review-required; not-authorized-for-deletion
DUP-0128,739baee29203b3bd6e2730251432d0ff86f77e5ebaac0960402587838fd963e6,144560,2,144560,Java/assets/npcs/animations/npc_elowen_model_down_walk_anim.png,runtime-folder-candidate,review-required; not-authorized-for-deletion
DUP-0128,739baee29203b3bd6e2730251432d0ff86f77e5ebaac0960402587838fd963e6,144560,2,144560,asset-review/2026-09-22-npcs/before/Java/assets/npcs/animations/npc_elowen_model_down_walk_anim.png,review-or-quarantine,review-required; not-authorized-for-deletion
DUP-0129,6a68d9b08255d81e351a8887c41663c5f6e9c1ad404a791e2c3f161c2db1a69b,144559,2,144559,Java/assets/npcs/animations/npc_citizen_woman_model_right_walk_anim.png,runtime-folder-candidate,review-required; not-authorized-for-deletion
DUP-0129,6a68d9b08255d81e351a8887c41663c5f6e9c1ad404a791e2c3f161c2db1a69b,144559,2,144559,asset-review/2026-09-22-npcs/candidates/Java/assets/npcs/animations/npc_citizen_woman_model_right_walk_anim.png,review-or-quarantine,review-required; not-authorized-for-deletion
DUP-0130,f6a2b77aa7af5a1b03c1316d22c27d8fa69e1cdd979d9cb2ded29ccc4e2d8647,143449,2,143449,Java/assets/npcs/animations/npc_bartender_model_down_walk_anim.png,runtime-folder-candidate,review-required; not-authorized-for-deletion
DUP-0130,f6a2b77aa7af5a1b03c1316d22c27d8fa69e1cdd979d9cb2ded29ccc4e2d8647,143449,2,143449,asset-review/2026-09-22-npcs/candidates/Java/assets/npcs/animations/npc_bartender_model_down_walk_anim.png,review-or-quarantine,review-required; not-authorized-for-deletion
DUP-0131,fbc966260b0142c666d13b15d7576ee5c926a88c5b96d767babb4ee56fb3a760,143307,2,143307,Java/assets/npcs/animations/npc_orin_model_right_walk_anim.png,runtime-folder-candidate,review-required; not-authorized-for-deletion
DUP-0131,fbc966260b0142c666d13b15d7576ee5c926a88c5b96d767babb4ee56fb3a760,143307,2,143307,asset-review/2026-09-22-npcs/candidates/Java/assets/npcs/animations/npc_orin_model_right_walk_anim.png,review-or-quarantine,review-required; not-authorized-for-deletion
DUP-0132,87d75750ec0eca7766d1116df319ef968fa1f2c56b200cfec460771f20139ee5,142448,2,142448,Java/assets/npcs/animations/npc_elowen_model_left_walk_anim.png,runtime-folder-candidate,review-required; not-authorized-for-deletion
DUP-0132,87d75750ec0eca7766d1116df319ef968fa1f2c56b200cfec460771f20139ee5,142448,2,142448,asset-review/2026-09-22-npcs/before/Java/assets/npcs/animations/npc_elowen_model_right_walk_anim.png,review-or-quarantine,review-required; not-authorized-for-deletion
DUP-0133,6f1f61fd8c51152b1aee5f7927236f8470a16a54ee7c5005444c1f9689ba2a29,141871,2,141871,Java/assets/npcs/animations/npc_garruk_model_up_walk_anim.png,runtime-folder-candidate,review-required; not-authorized-for-deletion
DUP-0133,6f1f61fd8c51152b1aee5f7927236f8470a16a54ee7c5005444c1f9689ba2a29,141871,2,141871,asset-review/2026-09-22-npcs/before/Java/assets/npcs/animations/npc_garruk_model_up_walk_anim.png,review-or-quarantine,review-required; not-authorized-for-deletion
DUP-0134,095339ef75505cb3737da29447b865b83e6fb14292da6b5f28cce2325cd4acb1,141641,2,141641,Java/assets/npcs/animations/npc_orin_model_left_walk_anim.png,runtime-folder-candidate,review-required; not-authorized-for-deletion
DUP-0134,095339ef75505cb3737da29447b865b83e6fb14292da6b5f28cce2325cd4acb1,141641,2,141641,asset-review/2026-09-22-npcs/candidates/Java/assets/npcs/animations/npc_orin_model_left_walk_anim.png,review-or-quarantine,review-required; not-authorized-for-deletion
DUP-0135,cd9095bd2023f8ca586f5a21c6a839a34b665c20a0951d15de23152d5afcbff0,139829,2,139829,Java/assets/npcs/animations/npc_bartender_model_left_walk_anim.png,runtime-folder-candidate,review-required; not-authorized-for-deletion
DUP-0135,cd9095bd2023f8ca586f5a21c6a839a34b665c20a0951d15de23152d5afcbff0,139829,2,139829,asset-review/2026-09-22-npcs/candidates/Java/assets/npcs/animations/npc_bartender_model_left_walk_anim.png,review-or-quarantine,review-required; not-authorized-for-deletion
DUP-0136,03ccb457a5340eb87d184f181dd4a30508ffcb480ca2f29df9c1f7c3769acf1b,139057,2,139057,Java/assets/npcs/animations/npc_blacksmith_model_right_walk_anim.png,runtime-folder-candidate,review-required; not-authorized-for-deletion
DUP-0136,03ccb457a5340eb87d184f181dd4a30508ffcb480ca2f29df9c1f7c3769acf1b,139057,2,139057,asset-review/2026-09-22-npcs/candidates/Java/assets/npcs/animations/npc_blacksmith_model_right_walk_anim.png,review-or-quarantine,review-required; not-authorized-for-deletion
DUP-0137,78dd51e83749d7ac4b7e852ee78cfe4dc9bf46bd716f7e0fd49e844741088bd8,138003,2,138003,Java/assets/npcs/animations/npc_elowen_model_right_walk_anim.png,runtime-folder-candidate,review-required; not-authorized-for-deletion
DUP-0137,78dd51e83749d7ac4b7e852ee78cfe4dc9bf46bd716f7e0fd49e844741088bd8,138003,2,138003,asset-review/2026-09-22-npcs/before/Java/assets/npcs/animations/npc_elowen_model_left_walk_anim.png,review-or-quarantine,review-required; not-authorized-for-deletion
DUP-0138,5582ae41281fcaf9e668874c77753417b65bce0217174f12b72b9eb77747724c,137512,2,137512,Java/assets/npcs/animations/npc_citizen_woman_model_left_walk_anim.png,runtime-folder-candidate,review-required; not-authorized-for-deletion
DUP-0138,5582ae41281fcaf9e668874c77753417b65bce0217174f12b72b9eb77747724c,137512,2,137512,asset-review/2026-09-22-npcs/candidates/Java/assets/npcs/animations/npc_citizen_woman_model_left_walk_anim.png,review-or-quarantine,review-required; not-authorized-for-deletion
DUP-0139,ab2305174de58df99a625582fe98ab200bbc7c89128bec9f966fb80334090aa3,137389,2,137389,Java/assets/npcs/animations/npc_merchant_model_up_walk_anim.png,runtime-folder-candidate,review-required; not-authorized-for-deletion
DUP-0139,ab2305174de58df99a625582fe98ab200bbc7c89128bec9f966fb80334090aa3,137389,2,137389,asset-review/2026-09-22-npcs/candidates/Java/assets/npcs/animations/npc_merchant_model_up_walk_anim.png,review-or-quarantine,review-required; not-authorized-for-deletion
DUP-0140,dfda9c2350c39aaa1f8f8157333583a4b8d33d3c9d66b1d05d4a3a6fe8af81ae,137160,2,137160,Java/assets/npcs/animations/npc_bartender_model_up_walk_anim.png,runtime-folder-candidate,review-required; not-authorized-for-deletion
DUP-0140,dfda9c2350c39aaa1f8f8157333583a4b8d33d3c9d66b1d05d4a3a6fe8af81ae,137160,2,137160,asset-review/2026-09-22-npcs/candidates/Java/assets/npcs/animations/npc_bartender_model_up_walk_anim.png,review-or-quarantine,review-required; not-authorized-for-deletion
DUP-0141,76acc13f3c8a9da9cd0583e60527cecfbd57d23ac4ff6f82ca00c42907b187c4,136617,2,136617,Java/assets/npcs/animations/npc_rowan_model_down_walk_anim.png,runtime-folder-candidate,review-required; not-authorized-for-deletion
DUP-0141,76acc13f3c8a9da9cd0583e60527cecfbd57d23ac4ff6f82ca00c42907b187c4,136617,2,136617,asset-review/2026-09-22-npcs/before/Java/assets/npcs/animations/npc_rowan_model_down_walk_anim.png,review-or-quarantine,review-required; not-authorized-for-deletion
DUP-0142,5fa22813a3ff2d2a514f0567b4706c47d47de3b901ec72ee141291eb76e125af,135477,2,135477,Java/assets/npcs/animations/npc_vexa_model_down_walk_anim.png,runtime-folder-candidate,review-required; not-authorized-for-deletion
DUP-0142,5fa22813a3ff2d2a514f0567b4706c47d47de3b901ec72ee141291eb76e125af,135477,2,135477,asset-review/2026-09-22-npcs/before/Java/assets/npcs/animations/npc_vexa_model_down_walk_anim.png,review-or-quarantine,review-required; not-authorized-for-deletion
DUP-0143,4e6e2cab85a73df337862991311c4f5e02f6cf69cdae1a1c82fd97d6d66b402f,133615,2,133615,Java/assets/npcs/animations/npc_rowan_model_up_walk_anim.png,runtime-folder-candidate,review-required; not-authorized-for-deletion
DUP-0143,4e6e2cab85a73df337862991311c4f5e02f6cf69cdae1a1c82fd97d6d66b402f,133615,2,133615,asset-review/2026-09-22-npcs/before/Java/assets/npcs/animations/npc_rowan_model_up_walk_anim.png,review-or-quarantine,review-required; not-authorized-for-deletion
DUP-0144,cd8e0af2cc98e4f1b31a99d8b9dc9a069cd66fc66234d7987c27d698e13f473c,133426,2,133426,Java/assets/npcs/animations/npc_garruk_model_right_walk_anim.png,runtime-folder-candidate,review-required; not-authorized-for-deletion
DUP-0144,cd8e0af2cc98e4f1b31a99d8b9dc9a069cd66fc66234d7987c27d698e13f473c,133426,2,133426,asset-review/2026-09-22-npcs/before/Java/assets/npcs/animations/npc_garruk_model_left_walk_anim.png,review-or-quarantine,review-required; not-authorized-for-deletion
DUP-0145,bc1a7be54260eba6f794fc897ece8001c9d6b1b8bf90c55398276b1f35b3a69d,132574,2,132574,Java/assets/npcs/animations/npc_garruk_model_left_walk_anim.png,runtime-folder-candidate,review-required; not-authorized-for-deletion
DUP-0145,bc1a7be54260eba6f794fc897ece8001c9d6b1b8bf90c55398276b1f35b3a69d,132574,2,132574,asset-review/2026-09-22-npcs/before/Java/assets/npcs/animations/npc_garruk_model_right_walk_anim.png,review-or-quarantine,review-required; not-authorized-for-deletion
DUP-0146,b67b8f1ca3c988f2078402037beb22f2f6430d40eeee3b153d3582796271bc68,131838,2,131838,Java/assets/companions/vesper/animations/npc_vesper_model_down_left_walk_anim.png,runtime-folder-candidate,review-required; not-authorized-for-deletion
DUP-0146,b67b8f1ca3c988f2078402037beb22f2f6430d40eeee3b153d3582796271bc68,131838,2,131838,Java/assets/companions/vesper/animations/npc_vesper_model_left_walk_anim.png,runtime-folder-candidate,review-required; not-authorized-for-deletion
DUP-0147,ab583aa21303b0c1006ccb37eda3c8503ca348a2c3d5a470cf2b37d07c1e7b8a,130622,2,130622,Java/assets/npcs/animations/npc_citizen_woman_model_down_walk_anim.png,runtime-folder-candidate,review-required; not-authorized-for-deletion
DUP-0147,ab583aa21303b0c1006ccb37eda3c8503ca348a2c3d5a470cf2b37d07c1e7b8a,130622,2,130622,asset-review/2026-09-22-npcs/candidates/Java/assets/npcs/animations/npc_citizen_woman_model_down_walk_anim.png,review-or-quarantine,review-required; not-authorized-for-deletion
DUP-0148,e5aa567cca723534111406c46165c532d76a1cd87e30603c9b2b3902f3a5394e,130335,2,130335,Java/assets/npcs/animations/npc_blacksmith_model_left_walk_anim.png,runtime-folder-candidate,review-required; not-authorized-for-deletion
DUP-0148,e5aa567cca723534111406c46165c532d76a1cd87e30603c9b2b3902f3a5394e,130335,2,130335,asset-review/2026-09-22-npcs/candidates/Java/assets/npcs/animations/npc_blacksmith_model_left_walk_anim.png,review-or-quarantine,review-required; not-authorized-for-deletion
DUP-0149,a7bede18ecc65de7d934ae9eb212fa31839b1baf5b1044474c350af84be4ddf6,130079,2,130079,Java/assets/companions/vesper/animations/npc_vesper_model_down_right_walk_anim.png,runtime-folder-candidate,review-required; not-authorized-for-deletion
DUP-0149,a7bede18ecc65de7d934ae9eb212fa31839b1baf5b1044474c350af84be4ddf6,130079,2,130079,Java/assets/companions/vesper/animations/npc_vesper_model_right_walk_anim.png,runtime-folder-candidate,review-required; not-authorized-for-deletion
DUP-0150,ff6595765f00b8ecf5284e17956272ba745c51864454c3a19590a9503825395d,129677,2,129677,Java/assets/npcs/animations/npc_torin_model_down_walk_anim.png,runtime-folder-candidate,review-required; not-authorized-for-deletion
DUP-0150,ff6595765f00b8ecf5284e17956272ba745c51864454c3a19590a9503825395d,129677,2,129677,asset-review/2026-09-22-npcs/before/Java/assets/npcs/animations/npc_torin_model_down_walk_anim.png,review-or-quarantine,review-required; not-authorized-for-deletion
DUP-0151,32ca68c789500e70813f5aeb87f44135760581571a096f9211f84eec0df48a5f,129095,2,129095,Java/assets/npcs/animations/npc_liora_model_down_walk_anim.png,runtime-folder-candidate,review-required; not-authorized-for-deletion
DUP-0151,32ca68c789500e70813f5aeb87f44135760581571a096f9211f84eec0df48a5f,129095,2,129095,asset-review/2026-09-22-npcs/before/Java/assets/npcs/animations/npc_liora_model_down_walk_anim.png,review-or-quarantine,review-required; not-authorized-for-deletion
DUP-0152,15d90a64a19ee9273557f84cc1f4b06ef87d2b8a3b58fbb11036f39aaf811992,128898,2,128898,Java/assets/npcs/animations/npc_mira_sunwarden_model_down_walk_anim.png,runtime-folder-candidate,review-required; not-authorized-for-deletion
DUP-0152,15d90a64a19ee9273557f84cc1f4b06ef87d2b8a3b58fbb11036f39aaf811992,128898,2,128898,asset-review/2026-09-22-npcs/before/Java/assets/npcs/animations/npc_mira_sunwarden_model_down_walk_anim.png,review-or-quarantine,review-required; not-authorized-for-deletion
DUP-0153,d9c23d96ebafc38337508065638392ec161c21471400e74d89a24b566c959848,126966,2,126966,Java/assets/npcs/animations/npc_mira_sunwarden_model_up_walk_anim.png,runtime-folder-candidate,review-required; not-authorized-for-deletion
DUP-0153,d9c23d96ebafc38337508065638392ec161c21471400e74d89a24b566c959848,126966,2,126966,asset-review/2026-09-22-npcs/before/Java/assets/npcs/animations/npc_mira_sunwarden_model_up_walk_anim.png,review-or-quarantine,review-required; not-authorized-for-deletion
DUP-0154,363c31993445e88c3837a40f3ae8e831ec4e24f4d0211dab04a874ef83d9a989,126470,2,126470,Java/assets/npcs/animations/npc_citizen_woman_model_up_walk_anim.png,runtime-folder-candidate,review-required; not-authorized-for-deletion
DUP-0154,363c31993445e88c3837a40f3ae8e831ec4e24f4d0211dab04a874ef83d9a989,126470,2,126470,asset-review/2026-09-22-npcs/candidates/Java/assets/npcs/animations/npc_citizen_woman_model_up_walk_anim.png,review-or-quarantine,review-required; not-authorized-for-deletion
DUP-0155,ce6257eaf210c39068d0a89ba7115fe47ac74762164652ed39781bc1cb5a5c04,126234,2,126234,Java/assets/npcs/animations/npc_torin_model_up_walk_anim.png,runtime-folder-candidate,review-required; not-authorized-for-deletion
DUP-0155,ce6257eaf210c39068d0a89ba7115fe47ac74762164652ed39781bc1cb5a5c04,126234,2,126234,asset-review/2026-09-22-npcs/before/Java/assets/npcs/animations/npc_torin_model_up_walk_anim.png,review-or-quarantine,review-required; not-authorized-for-deletion
DUP-0156,9d5e4a291f917561f17b2b1fdf34af0157f8dcd70e8d01ec60ac9a784823a5ac,63010,3,126020,asset-review/files/Java/assets/deco/deco_reeds.png,review-or-quarantine,review-required; not-authorized-for-deletion
DUP-0156,9d5e4a291f917561f17b2b1fdf34af0157f8dcd70e8d01ec60ac9a784823a5ac,63010,3,126020,asset-review/flora-refresh/before/deco/deco_soft_reeds.png,review-or-quarantine,review-required; not-authorized-for-deletion
DUP-0156,9d5e4a291f917561f17b2b1fdf34af0157f8dcd70e8d01ec60ac9a784823a5ac,63010,3,126020,asset-review/flora-refresh/before/marsh/deco_reeds.png,review-or-quarantine,review-required; not-authorized-for-deletion
DUP-0157,77828c39e3b8b9e7fadf8623ad50fab29d1ac53bdf3cb9657b280544fd1b85ce,125334,2,125334,Java/assets/npcs/animations/npc_ren_model_down_walk_anim.png,runtime-folder-candidate,review-required; not-authorized-for-deletion
DUP-0157,77828c39e3b8b9e7fadf8623ad50fab29d1ac53bdf3cb9657b280544fd1b85ce,125334,2,125334,asset-review/2026-09-22-npcs/before/Java/assets/npcs/animations/npc_ren_model_down_walk_anim.png,review-or-quarantine,review-required; not-authorized-for-deletion
DUP-0158,74c1cef2f404cf57db243a7f8b4f88a9c09bc21f9f8e1765435785460b43b239,124469,2,124469,Java/assets/npcs/animations/npc_baker_model_up_walk_anim.png,runtime-folder-candidate,review-required; not-authorized-for-deletion
DUP-0158,74c1cef2f404cf57db243a7f8b4f88a9c09bc21f9f8e1765435785460b43b239,124469,2,124469,asset-review/2026-09-22-npcs/before/Java/assets/npcs/animations/npc_baker_model_up_walk_anim.png,review-or-quarantine,review-required; not-authorized-for-deletion
DUP-0159,8f979faa518fc920c90124b9444c3809d81ca4772efadd52754b87b2d810ac03,123664,2,123664,Java/assets/npcs/animations/npc_mira_sunwarden_model_right_walk_anim.png,runtime-folder-candidate,review-required; not-authorized-for-deletion
DUP-0159,8f979faa518fc920c90124b9444c3809d81ca4772efadd52754b87b2d810ac03,123664,2,123664,asset-review/2026-09-22-npcs/before/Java/assets/npcs/animations/npc_mira_sunwarden_model_right_walk_anim.png,review-or-quarantine,review-required; not-authorized-for-deletion
DUP-0160,d908700ca3705f74a5a9bf6363d9c2aa1d9a061e31173c8a2feb9a2bc8d856b2,123242,2,123242,Java/assets/npcs/animations/npc_innkeeper_model_down_walk_anim.png,runtime-folder-candidate,review-required; not-authorized-for-deletion
DUP-0160,d908700ca3705f74a5a9bf6363d9c2aa1d9a061e31173c8a2feb9a2bc8d856b2,123242,2,123242,asset-review/2026-09-22-npcs/before/Java/assets/npcs/animations/npc_innkeeper_model_down_walk_anim.png,review-or-quarantine,review-required; not-authorized-for-deletion
DUP-0161,d4c8bce8aa7e0aa926841e239850477ff637f5f1d7e618a1d2c5e580f7f98694,122816,2,122816,Java/assets/npcs/animations/npc_marla_model_down_walk_anim.png,runtime-folder-candidate,review-required; not-authorized-for-deletion
DUP-0161,d4c8bce8aa7e0aa926841e239850477ff637f5f1d7e618a1d2c5e580f7f98694,122816,2,122816,asset-review/2026-09-22-npcs/before/Java/assets/npcs/animations/npc_marla_model_down_walk_anim.png,review-or-quarantine,review-required; not-authorized-for-deletion
DUP-0162,7eaf25d05c30be9f568a5cf3a57d777474946692471b5be4237fb3fee246f04c,122494,2,122494,Java/assets/npcs/animations/npc_vexa_model_up_walk_anim.png,runtime-folder-candidate,review-required; not-authorized-for-deletion
DUP-0162,7eaf25d05c30be9f568a5cf3a57d777474946692471b5be4237fb3fee246f04c,122494,2,122494,asset-review/2026-09-22-npcs/before/Java/assets/npcs/animations/npc_vexa_model_up_walk_anim.png,review-or-quarantine,review-required; not-authorized-for-deletion
DUP-0163,a5736bfb8137fffed9bdbf52c6655b9fc87ae3596fc7dccedf64e1b0ee8a42f3,122110,2,122110,Java/assets/npcs/animations/npc_marla_model_up_walk_anim.png,runtime-folder-candidate,review-required; not-authorized-for-deletion
DUP-0163,a5736bfb8137fffed9bdbf52c6655b9fc87ae3596fc7dccedf64e1b0ee8a42f3,122110,2,122110,asset-review/2026-09-22-npcs/before/Java/assets/npcs/animations/npc_marla_model_up_walk_anim.png,review-or-quarantine,review-required; not-authorized-for-deletion
DUP-0164,9ef6646eb11123d2d1f372dc1006c6c5e823f469ac616f9a9107092ef59987c9,121654,2,121654,Java/assets/forest/deco_forest_mushrooms.png,runtime-folder-candidate,review-required; not-authorized-for-deletion
DUP-0164,9ef6646eb11123d2d1f372dc1006c6c5e823f469ac616f9a9107092ef59987c9,121654,2,121654,Java/assets/marsh/deco_mushrooms.png,runtime-folder-candidate,review-required; not-authorized-for-deletion
DUP-0165,e847eb193231c0f5f3cefd4afa29ec86b109b5dc1f942ac1c91a8ed8b67135e0,121562,2,121562,Java/assets/npcs/animations/npc_mira_sunwarden_model_left_walk_anim.png,runtime-folder-candidate,review-required; not-authorized-for-deletion
DUP-0165,e847eb193231c0f5f3cefd4afa29ec86b109b5dc1f942ac1c91a8ed8b67135e0,121562,2,121562,asset-review/2026-09-22-npcs/before/Java/assets/npcs/animations/npc_mira_sunwarden_model_left_walk_anim.png,review-or-quarantine,review-required; not-authorized-for-deletion
DUP-0166,93268ba6d48388659c0f7811357647a818ef75e5609c4ffd8c7b79c0bc9d1173,121508,2,121508,Java/assets/npcs/animations/npc_baker_model_down_walk_anim.png,runtime-folder-candidate,review-required; not-authorized-for-deletion
DUP-0166,93268ba6d48388659c0f7811357647a818ef75e5609c4ffd8c7b79c0bc9d1173,121508,2,121508,asset-review/2026-09-22-npcs/before/Java/assets/npcs/animations/npc_baker_model_down_walk_anim.png,review-or-quarantine,review-required; not-authorized-for-deletion
DUP-0167,d73e662a5addeebfde019ea80b36879100c1d1bb6b1f383679c5809369a8b9f0,121355,2,121355,Java/assets/npcs/animations/npc_rowan_model_right_walk_anim.png,runtime-folder-candidate,review-required; not-authorized-for-deletion
DUP-0167,d73e662a5addeebfde019ea80b36879100c1d1bb6b1f383679c5809369a8b9f0,121355,2,121355,asset-review/2026-09-22-npcs/before/Java/assets/npcs/animations/npc_rowan_model_right_walk_anim.png,review-or-quarantine,review-required; not-authorized-for-deletion
DUP-0168,3a15463edfe22d0cff199676a60948a4e87732a800f682d913accf9a49c99944,120824,2,120824,Java/assets/npcs/animations/npc_rowan_model_left_walk_anim.png,runtime-folder-candidate,review-required; not-authorized-for-deletion
DUP-0168,3a15463edfe22d0cff199676a60948a4e87732a800f682d913accf9a49c99944,120824,2,120824,asset-review/2026-09-22-npcs/before/Java/assets/npcs/animations/npc_rowan_model_left_walk_anim.png,review-or-quarantine,review-required; not-authorized-for-deletion
DUP-0169,cf07722785052d000854630da299e3cbbf980a056a921a3b7f558cd7bac720a0,119989,2,119989,Java/assets/npcs/animations/npc_liora_model_up_walk_anim.png,runtime-folder-candidate,review-required; not-authorized-for-deletion
DUP-0169,cf07722785052d000854630da299e3cbbf980a056a921a3b7f558cd7bac720a0,119989,2,119989,asset-review/2026-09-22-npcs/before/Java/assets/npcs/animations/npc_liora_model_up_walk_anim.png,review-or-quarantine,review-required; not-authorized-for-deletion
DUP-0170,4b05884f7fcb081c117643c8acbee773392abe24307ca79a9a7142180224e77c,118257,2,118257,Java/assets/npcs/animations/npc_citizen_man_model_right_walk_anim.png,runtime-folder-candidate,review-required; not-authorized-for-deletion
DUP-0170,4b05884f7fcb081c117643c8acbee773392abe24307ca79a9a7142180224e77c,118257,2,118257,asset-review/2026-09-22-npcs/candidates/Java/assets/npcs/animations/npc_citizen_man_model_right_walk_anim.png,review-or-quarantine,review-required; not-authorized-for-deletion
DUP-0171,baeeae40ecab27ffa3286d6f84d912b63c22c680b5a1a10839a910f2697f43c3,117757,2,117757,Java/assets/npcs/animations/npc_vexa_model_left_walk_anim.png,runtime-folder-candidate,review-required; not-authorized-for-deletion
DUP-0171,baeeae40ecab27ffa3286d6f84d912b63c22c680b5a1a10839a910f2697f43c3,117757,2,117757,asset-review/2026-09-22-npcs/before/Java/assets/npcs/animations/npc_vexa_model_right_walk_anim.png,review-or-quarantine,review-required; not-authorized-for-deletion
DUP-0172,feaef11b97fb1c5a299fda0cf69d7d1334c34c8620c77e952582d78bb26c2517,117143,2,117143,Java/assets/npcs/animations/npc_marla_model_right_walk_anim.png,runtime-folder-candidate,review-required; not-authorized-for-deletion
DUP-0172,feaef11b97fb1c5a299fda0cf69d7d1334c34c8620c77e952582d78bb26c2517,117143,2,117143,asset-review/2026-09-22-npcs/before/Java/assets/npcs/animations/npc_marla_model_right_walk_anim.png,review-or-quarantine,review-required; not-authorized-for-deletion
DUP-0173,aa8e03a98c3f0931ebeff722f19479dc69c7b8277725dbc9ae454c8b62435c02,117035,2,117035,Java/assets/npcs/animations/npc_citizen_man_model_down_walk_anim.png,runtime-folder-candidate,review-required; not-authorized-for-deletion
DUP-0173,aa8e03a98c3f0931ebeff722f19479dc69c7b8277725dbc9ae454c8b62435c02,117035,2,117035,asset-review/2026-09-22-npcs/candidates/Java/assets/npcs/animations/npc_citizen_man_model_down_walk_anim.png,review-or-quarantine,review-required; not-authorized-for-deletion
DUP-0174,bc0fb129dac91f913472205394b737a8af4eb0cc2070fec6efc127001de96a0c,115627,2,115627,Java/assets/npcs/animations/npc_citizen_man_model_left_walk_anim.png,runtime-folder-candidate,review-required; not-authorized-for-deletion
DUP-0174,bc0fb129dac91f913472205394b737a8af4eb0cc2070fec6efc127001de96a0c,115627,2,115627,asset-review/2026-09-22-npcs/candidates/Java/assets/npcs/animations/npc_citizen_man_model_left_walk_anim.png,review-or-quarantine,review-required; not-authorized-for-deletion
DUP-0175,6b93fcefa37aaca293ed49ea439ee9f44e96ef8dc9d0770ac352123e190dac1a,115467,2,115467,Java/assets/npcs/animations/npc_baker_model_left_walk_anim.png,runtime-folder-candidate,review-required; not-authorized-for-deletion
DUP-0175,6b93fcefa37aaca293ed49ea439ee9f44e96ef8dc9d0770ac352123e190dac1a,115467,2,115467,asset-review/2026-09-22-npcs/before/Java/assets/npcs/animations/npc_baker_model_left_walk_anim.png,review-or-quarantine,review-required; not-authorized-for-deletion
DUP-0176,5c1bca7643d8383b85b559c1d7b3e1dc3389250b0e5c58b7004c656518ce46a8,114755,2,114755,Java/assets/city/overworld/city_overworld_village.png,runtime-folder-candidate,review-required; not-authorized-for-deletion
DUP-0176,5c1bca7643d8383b85b559c1d7b3e1dc3389250b0e5c58b7004c656518ce46a8,114755,2,114755,Java/assets/city/overworld/city_overworld_village_green.png,runtime-folder-candidate,review-required; not-authorized-for-deletion
DUP-0177,ca956dabe5a010c95e74c6a86b8498df1f54297fb7ac7cff1f225b8f96270d07,114500,2,114500,Java/assets/npcs/animations/npc_merchant_model_down_inspect_anim.png,runtime-folder-candidate,review-required; not-authorized-for-deletion
DUP-0177,ca956dabe5a010c95e74c6a86b8498df1f54297fb7ac7cff1f225b8f96270d07,114500,2,114500,asset-review/2026-09-22-npcs/candidates/Java/assets/npcs/animations/npc_merchant_model_down_inspect_anim.png,review-or-quarantine,review-required; not-authorized-for-deletion
DUP-0178,789c2192f97a7cd1098a7803f18dae554a87bf9dc7e36f15aa31da32b52cb470,114343,2,114343,Java/assets/deco/deco_soft_dense_meadow_flowers.png,runtime-folder-candidate,review-required; not-authorized-for-deletion
DUP-0178,789c2192f97a7cd1098a7803f18dae554a87bf9dc7e36f15aa31da32b52cb470,114343,2,114343,Java/assets/grass/deco_flowers.png,runtime-folder-candidate,review-required; not-authorized-for-deletion
DUP-0179,84420f07681db4c308a4de46b511ce79bacc1423c5a32fe3a8b538c041061ec7,114256,2,114256,Java/assets/npcs/animations/npc_marla_model_left_walk_anim.png,runtime-folder-candidate,review-required; not-authorized-for-deletion
DUP-0179,84420f07681db4c308a4de46b511ce79bacc1423c5a32fe3a8b538c041061ec7,114256,2,114256,asset-review/2026-09-22-npcs/before/Java/assets/npcs/animations/npc_marla_model_left_walk_anim.png,review-or-quarantine,review-required; not-authorized-for-deletion
DUP-0180,893883f1ee9c6b1978e714258901177414b13028aff56849b5a0622db2da4c14,113865,2,113865,Java/assets/npcs/animations/npc_baker_model_right_walk_anim.png,runtime-folder-candidate,review-required; not-authorized-for-deletion
DUP-0180,893883f1ee9c6b1978e714258901177414b13028aff56849b5a0622db2da4c14,113865,2,113865,asset-review/2026-09-22-npcs/before/Java/assets/npcs/animations/npc_baker_model_right_walk_anim.png,review-or-quarantine,review-required; not-authorized-for-deletion
DUP-0181,908701585e248972f2ac085d6b8d21f6a5cabc44e028934f54e87fc754b39afd,112832,2,112832,Java/assets/npcs/animations/npc_baker_model_down_knead_anim.png,runtime-folder-candidate,review-required; not-authorized-for-deletion
DUP-0181,908701585e248972f2ac085d6b8d21f6a5cabc44e028934f54e87fc754b39afd,112832,2,112832,asset-review/2026-09-22-npcs/before/Java/assets/npcs/animations/npc_baker_model_down_knead_anim.png,review-or-quarantine,review-required; not-authorized-for-deletion
DUP-0182,1ec291474c994ae223fd2740823b264e0ce887d66dfdac7f417083658aaf5ed5,111776,2,111776,Java/assets/companions/calder/animations/npc_calder_model_down_right_walk_anim.png,runtime-folder-candidate,review-required; not-authorized-for-deletion
DUP-0182,1ec291474c994ae223fd2740823b264e0ce887d66dfdac7f417083658aaf5ed5,111776,2,111776,Java/assets/companions/calder/animations/npc_calder_model_right_walk_anim.png,runtime-folder-candidate,review-required; not-authorized-for-deletion
DUP-0183,5d8408afff2f67079b28d64069c9edc3c0f6df75b1714ff75b8a1dc6feb905b7,111211,2,111211,Java/assets/npcs/animations/npc_citizen_man_model_up_walk_anim.png,runtime-folder-candidate,review-required; not-authorized-for-deletion
DUP-0183,5d8408afff2f67079b28d64069c9edc3c0f6df75b1714ff75b8a1dc6feb905b7,111211,2,111211,asset-review/2026-09-22-npcs/candidates/Java/assets/npcs/animations/npc_citizen_man_model_up_walk_anim.png,review-or-quarantine,review-required; not-authorized-for-deletion
DUP-0184,22cb6eab8f4b79c35689996f63a7ea3a2c3dd35ee4c5a698e771efd4e7d77628,110968,2,110968,Java/assets/npcs/animations/npc_sable_model_down_walk_anim.png,runtime-folder-candidate,review-required; not-authorized-for-deletion
DUP-0184,22cb6eab8f4b79c35689996f63a7ea3a2c3dd35ee4c5a698e771efd4e7d77628,110968,2,110968,asset-review/2026-09-22-npcs/before/Java/assets/npcs/animations/npc_sable_model_down_walk_anim.png,review-or-quarantine,review-required; not-authorized-for-deletion
DUP-0185,062917ee6dffbc3fbb6a202c1a21de487cd4cf3e2c367b01959367d920713c3f,110937,2,110937,Java/assets/npcs/animations/npc_vexa_model_right_walk_anim.png,runtime-folder-candidate,review-required; not-authorized-for-deletion
DUP-0185,062917ee6dffbc3fbb6a202c1a21de487cd4cf3e2c367b01959367d920713c3f,110937,2,110937,asset-review/2026-09-22-npcs/before/Java/assets/npcs/animations/npc_vexa_model_left_walk_anim.png,review-or-quarantine,review-required; not-authorized-for-deletion
DUP-0186,e360cd17772c71b194e7ad522358d9d3510b91fddc6961e214dd401d9f47a078,110909,2,110909,Java/assets/npcs/animations/npc_innkeeper_model_up_walk_anim.png,runtime-folder-candidate,review-required; not-authorized-for-deletion
DUP-0186,e360cd17772c71b194e7ad522358d9d3510b91fddc6961e214dd401d9f47a078,110909,2,110909,asset-review/2026-09-22-npcs/before/Java/assets/npcs/animations/npc_innkeeper_model_up_walk_anim.png,review-or-quarantine,review-required; not-authorized-for-deletion
DUP-0187,4c9262ec8b60bbada06b1e5343b0d685449ca925e22a552e638cab2cd89d328d,110615,2,110615,Java/assets/npcs/animations/npc_liora_model_left_walk_anim.png,runtime-folder-candidate,review-required; not-authorized-for-deletion
DUP-0187,4c9262ec8b60bbada06b1e5343b0d685449ca925e22a552e638cab2cd89d328d,110615,2,110615,asset-review/2026-09-22-npcs/before/Java/assets/npcs/animations/npc_liora_model_left_walk_anim.png,review-or-quarantine,review-required; not-authorized-for-deletion
DUP-0188,3272c0c92f682044c625ba1f9508d2fbfb7ca8c2e9d86abb7301a860bd078f4f,110526,2,110526,Java/assets/npcs/animations/npc_nyx_model_down_walk_anim.png,runtime-folder-candidate,review-required; not-authorized-for-deletion
DUP-0188,3272c0c92f682044c625ba1f9508d2fbfb7ca8c2e9d86abb7301a860bd078f4f,110526,2,110526,asset-review/2026-09-22-npcs/before/Java/assets/npcs/animations/npc_nyx_model_down_walk_anim.png,review-or-quarantine,review-required; not-authorized-for-deletion
DUP-0189,c2353eabfe8abeff417bdf49050dc55cc46c5780b56c1bdffce6d1b676ddaf14,110475,2,110475,Java/assets/npcs/animations/npc_kael_model_up_walk_anim.png,runtime-folder-candidate,review-required; not-authorized-for-deletion
DUP-0189,c2353eabfe8abeff417bdf49050dc55cc46c5780b56c1bdffce6d1b676ddaf14,110475,2,110475,asset-review/2026-09-22-npcs/before/Java/assets/npcs/animations/npc_kael_model_up_walk_anim.png,review-or-quarantine,review-required; not-authorized-for-deletion
DUP-0190,6aaeac49ac5f73d1c1df105713f0ac3883435f0da01eb81accbe7cc9e3847a2c,109813,2,109813,Java/assets/companions/calder/animations/npc_calder_model_down_left_walk_anim.png,runtime-folder-candidate,review-required; not-authorized-for-deletion
DUP-0190,6aaeac49ac5f73d1c1df105713f0ac3883435f0da01eb81accbe7cc9e3847a2c,109813,2,109813,Java/assets/companions/calder/animations/npc_calder_model_left_walk_anim.png,runtime-folder-candidate,review-required; not-authorized-for-deletion
DUP-0191,e3af5b2ddfa152c9aebc3825d92d9b2e29d628df4cc506bcf570feaa5ab62cb7,109014,2,109014,Java/assets/npcs/animations/npc_ren_model_up_walk_anim.png,runtime-folder-candidate,review-required; not-authorized-for-deletion
DUP-0191,e3af5b2ddfa152c9aebc3825d92d9b2e29d628df4cc506bcf570feaa5ab62cb7,109014,2,109014,asset-review/2026-09-22-npcs/before/Java/assets/npcs/animations/npc_ren_model_up_walk_anim.png,review-or-quarantine,review-required; not-authorized-for-deletion
DUP-0192,008694c39d1d013b230200441ec0b5dc9b546b900669288b9a9e27333c24217b,108580,2,108580,Java/assets/companions/vesper/npc_vesper_battle_sprite.png,runtime-folder-candidate,review-required; not-authorized-for-deletion
DUP-0192,008694c39d1d013b230200441ec0b5dc9b546b900669288b9a9e27333c24217b,108580,2,108580,asset-review/files/Java/assets/companions/npc_vesper_battle_sprite.png,review-or-quarantine,review-required; not-authorized-for-deletion
DUP-0193,41da6c4a316a22bbb330f5964eaca8fdd543ba31384beab9b705a93bae42143f,108555,2,108555,Java/assets/npcs/animations/npc_ren_model_left_walk_anim.png,runtime-folder-candidate,review-required; not-authorized-for-deletion
DUP-0193,41da6c4a316a22bbb330f5964eaca8fdd543ba31384beab9b705a93bae42143f,108555,2,108555,asset-review/2026-09-22-npcs/before/Java/assets/npcs/animations/npc_ren_model_right_walk_anim.png,review-or-quarantine,review-required; not-authorized-for-deletion
DUP-0194,7a94832a3cf2a4a55278ae301ee5acacbe064d2a22d3a8892705007668b92959,107529,2,107529,Java/assets/npcs/animations/npc_kael_model_left_walk_anim.png,runtime-folder-candidate,review-required; not-authorized-for-deletion
DUP-0194,7a94832a3cf2a4a55278ae301ee5acacbe064d2a22d3a8892705007668b92959,107529,2,107529,asset-review/2026-09-22-npcs/before/Java/assets/npcs/animations/npc_kael_model_right_walk_anim.png,review-or-quarantine,review-required; not-authorized-for-deletion
DUP-0195,8fd1622682d304f30ccc478331a15b18d9d395c710489a2fa02f4015d73848c6,107366,2,107366,Java/assets/npcs/animations/npc_liora_model_right_walk_anim.png,runtime-folder-candidate,review-required; not-authorized-for-deletion
DUP-0195,8fd1622682d304f30ccc478331a15b18d9d395c710489a2fa02f4015d73848c6,107366,2,107366,asset-review/2026-09-22-npcs/before/Java/assets/npcs/animations/npc_liora_model_right_walk_anim.png,review-or-quarantine,review-required; not-authorized-for-deletion
DUP-0196,1b8254227587b52b84d50a5500c1a159b4c8bf6cb0658ebb24fd47ca4718e78c,106671,2,106671,Java/assets/deco/deco_soft_reeds.png,runtime-folder-candidate,review-required; not-authorized-for-deletion
DUP-0196,1b8254227587b52b84d50a5500c1a159b4c8bf6cb0658ebb24fd47ca4718e78c,106671,2,106671,Java/assets/marsh/deco_reeds.png,runtime-folder-candidate,review-required; not-authorized-for-deletion
DUP-0197,096f22e01ec193b0abf8229f6072288ca8a7af8f6dffb4f97dfe4d980bbd7a52,106259,2,106259,Java/assets/npcs/animations/npc_nyx_model_up_walk_anim.png,runtime-folder-candidate,review-required; not-authorized-for-deletion
DUP-0197,096f22e01ec193b0abf8229f6072288ca8a7af8f6dffb4f97dfe4d980bbd7a52,106259,2,106259,asset-review/2026-09-22-npcs/before/Java/assets/npcs/animations/npc_nyx_model_up_walk_anim.png,review-or-quarantine,review-required; not-authorized-for-deletion
DUP-0198,bb2f561e6b6876a6b5737c017a16ae688ab6b22627e025fc97f299d3ecc51350,105973,2,105973,Java/assets/npcs/animations/npc_kael_model_down_walk_anim.png,runtime-folder-candidate,review-required; not-authorized-for-deletion
DUP-0198,bb2f561e6b6876a6b5737c017a16ae688ab6b22627e025fc97f299d3ecc51350,105973,2,105973,asset-review/2026-09-22-npcs/before/Java/assets/npcs/animations/npc_kael_model_down_walk_anim.png,review-or-quarantine,review-required; not-authorized-for-deletion
DUP-0199,0bf6a823d5a75aeee2ff5073e1394b34802fc66482ab2b0a9a2a637412e1ab99,105597,2,105597,Java/assets/npcs/animations/npc_ren_model_right_walk_anim.png,runtime-folder-candidate,review-required; not-authorized-for-deletion
DUP-0199,0bf6a823d5a75aeee2ff5073e1394b34802fc66482ab2b0a9a2a637412e1ab99,105597,2,105597,asset-review/2026-09-22-npcs/before/Java/assets/npcs/animations/npc_ren_model_left_walk_anim.png,review-or-quarantine,review-required; not-authorized-for-deletion
DUP-0200,1ecb768edd03692c69a2f5307db7864189181679cbe0ba796c681d6d39ad8941,104469,2,104469,Java/assets/npcs/animations/npc_innkeeper_model_right_walk_anim.png,runtime-folder-candidate,review-required; not-authorized-for-deletion
DUP-0200,1ecb768edd03692c69a2f5307db7864189181679cbe0ba796c681d6d39ad8941,104469,2,104469,asset-review/2026-09-22-npcs/before/Java/assets/npcs/animations/npc_innkeeper_model_right_walk_anim.png,review-or-quarantine,review-required; not-authorized-for-deletion
DUP-0201,0ff9ded52471f85090e761fcbb6846317996f9149679b434e310a59fb5b73553,104267,2,104267,Java/assets/npcs/animations/npc_torin_model_left_walk_anim.png,runtime-folder-candidate,review-required; not-authorized-for-deletion
DUP-0201,0ff9ded52471f85090e761fcbb6846317996f9149679b434e310a59fb5b73553,104267,2,104267,asset-review/2026-09-22-npcs/before/Java/assets/npcs/animations/npc_torin_model_right_walk_anim.png,review-or-quarantine,review-required; not-authorized-for-deletion
DUP-0202,4d513c278f4a931fb668923fdc4f2489091dce5d110eeefcdab4de530862b45b,104000,2,104000,Java/assets/npcs/animations/npc_kael_model_right_walk_anim.png,runtime-folder-candidate,review-required; not-authorized-for-deletion
DUP-0202,4d513c278f4a931fb668923fdc4f2489091dce5d110eeefcdab4de530862b45b,104000,2,104000,asset-review/2026-09-22-npcs/before/Java/assets/npcs/animations/npc_kael_model_left_walk_anim.png,review-or-quarantine,review-required; not-authorized-for-deletion
DUP-0203,db41697209a78756af1319cda86972a9659df1a3e8d03ac385ecf83e31cdef1b,103535,2,103535,Java/assets/companions/aria/animations/npc_aria_model_down_right_walk_anim.png,runtime-folder-candidate,review-required; not-authorized-for-deletion
DUP-0203,db41697209a78756af1319cda86972a9659df1a3e8d03ac385ecf83e31cdef1b,103535,2,103535,Java/assets/companions/aria/animations/npc_aria_model_right_walk_anim.png,runtime-folder-candidate,review-required; not-authorized-for-deletion
DUP-0204,c34196f1dca08cee837d8a81100492a53e9ad8906677db60652025176874d6ae,103300,2,103300,Java/assets/npcs/animations/npc_torin_model_right_walk_anim.png,runtime-folder-candidate,review-required; not-authorized-for-deletion
DUP-0204,c34196f1dca08cee837d8a81100492a53e9ad8906677db60652025176874d6ae,103300,2,103300,asset-review/2026-09-22-npcs/before/Java/assets/npcs/animations/npc_torin_model_left_walk_anim.png,review-or-quarantine,review-required; not-authorized-for-deletion
DUP-0205,b30fc558cd6ee3995a01bb46cf458762384dddb77707113adc58459e0fc818b1,103040,2,103040,Java/assets/npcs/animations/npc_sable_model_right_walk_anim.png,runtime-folder-candidate,review-required; not-authorized-for-deletion
DUP-0205,b30fc558cd6ee3995a01bb46cf458762384dddb77707113adc58459e0fc818b1,103040,2,103040,asset-review/2026-09-22-npcs/before/Java/assets/npcs/animations/npc_sable_model_right_walk_anim.png,review-or-quarantine,review-required; not-authorized-for-deletion
DUP-0206,2bf1076df705fd2cf3982639aa4c84eabde76675f60ce36e1a0a3f9672691b62,102351,2,102351,Java/assets/npcs/animations/npc_nyx_model_right_walk_anim.png,runtime-folder-candidate,review-required; not-authorized-for-deletion
DUP-0206,2bf1076df705fd2cf3982639aa4c84eabde76675f60ce36e1a0a3f9672691b62,102351,2,102351,asset-review/2026-09-22-npcs/before/Java/assets/npcs/animations/npc_nyx_model_right_walk_anim.png,review-or-quarantine,review-required; not-authorized-for-deletion
DUP-0207,8456b3ce58e6fd6992fce5f1a0235d76bf6246556b850ca9a04e97bbe5bc6bbe,102115,2,102115,Java/assets/npcs/animations/npc_innkeeper_model_left_walk_anim.png,runtime-folder-candidate,review-required; not-authorized-for-deletion
DUP-0207,8456b3ce58e6fd6992fce5f1a0235d76bf6246556b850ca9a04e97bbe5bc6bbe,102115,2,102115,asset-review/2026-09-22-npcs/before/Java/assets/npcs/animations/npc_innkeeper_model_left_walk_anim.png,review-or-quarantine,review-required; not-authorized-for-deletion
DUP-0208,cc8118d9426d4b5e0b73512009d63550c113e262a3a67718603537d1a6c60859,101709,2,101709,Java/assets/npcs/animations/npc_sable_model_up_walk_anim.png,runtime-folder-candidate,review-required; not-authorized-for-deletion
DUP-0208,cc8118d9426d4b5e0b73512009d63550c113e262a3a67718603537d1a6c60859,101709,2,101709,asset-review/2026-09-22-npcs/before/Java/assets/npcs/animations/npc_sable_model_up_walk_anim.png,review-or-quarantine,review-required; not-authorized-for-deletion
DUP-0209,45585f532b123a6516742056650f4a5501380f8545b743dc79f4b21c3a4c07d6,101251,2,101251,Java/assets/companions/samir/animations/npc_samir_model_down_right_walk_anim.png,runtime-folder-candidate,review-required; not-authorized-for-deletion
DUP-0209,45585f532b123a6516742056650f4a5501380f8545b743dc79f4b21c3a4c07d6,101251,2,101251,Java/assets/companions/samir/animations/npc_samir_model_right_walk_anim.png,runtime-folder-candidate,review-required; not-authorized-for-deletion
DUP-0210,37bc3ae538fc9c5cc277c23e644e3ff4d6cb19a0b8f3d72224e30855b4df7d14,100870,2,100870,Java/assets/companions/rafiq/animations/npc_rafiq_model_down_left_walk_anim.png,runtime-folder-candidate,review-required; not-authorized-for-deletion
DUP-0210,37bc3ae538fc9c5cc277c23e644e3ff4d6cb19a0b8f3d72224e30855b4df7d14,100870,2,100870,Java/assets/companions/rafiq/animations/npc_rafiq_model_left_walk_anim.png,runtime-folder-candidate,review-required; not-authorized-for-deletion
DUP-0211,57ab4ec13186771f34e2ed7e295e35c935b1d148c717023bacb19016c36a0a7e,100868,2,100868,Java/assets/companions/samir/animations/npc_samir_model_down_left_walk_anim.png,runtime-folder-candidate,review-required; not-authorized-for-deletion
DUP-0211,57ab4ec13186771f34e2ed7e295e35c935b1d148c717023bacb19016c36a0a7e,100868,2,100868,Java/assets/companions/samir/animations/npc_samir_model_left_walk_anim.png,runtime-folder-candidate,review-required; not-authorized-for-deletion
DUP-0212,0934d072f27026a6ff4ac7f0d8e0cb8b7a1ce00e0045497ea26605f9130789f0,100786,2,100786,Java/assets/companions/aria/animations/npc_aria_model_down_left_walk_anim.png,runtime-folder-candidate,review-required; not-authorized-for-deletion
DUP-0212,0934d072f27026a6ff4ac7f0d8e0cb8b7a1ce00e0045497ea26605f9130789f0,100786,2,100786,Java/assets/companions/aria/animations/npc_aria_model_left_walk_anim.png,runtime-folder-candidate,review-required; not-authorized-for-deletion
DUP-0213,93131813861f04abc177cb4a2f5fdc585bdc2fe047c47ccaf2da4cdbc5727fbd,100738,2,100738,Java/assets/npcs/animations/npc_nyx_model_left_walk_anim.png,runtime-folder-candidate,review-required; not-authorized-for-deletion
DUP-0213,93131813861f04abc177cb4a2f5fdc585bdc2fe047c47ccaf2da4cdbc5727fbd,100738,2,100738,asset-review/2026-09-22-npcs/before/Java/assets/npcs/animations/npc_nyx_model_left_walk_anim.png,review-or-quarantine,review-required; not-authorized-for-deletion
DUP-0214,bf5993d86ebc4494f179c3246c20c7eda53e6a2efa8d259ed6523f7b9f11e6cb,100008,2,100008,Java/assets/companions/samir/npc_samir_battle_sprite.png,runtime-folder-candidate,review-required; not-authorized-for-deletion
DUP-0214,bf5993d86ebc4494f179c3246c20c7eda53e6a2efa8d259ed6523f7b9f11e6cb,100008,2,100008,asset-review/files/Java/assets/companions/npc_samir_battle_sprite.png,review-or-quarantine,review-required; not-authorized-for-deletion
DUP-0215,1ed5dcb85d7088a89d6f99ae404b94e60b3ee2b6f2121fa9e861f427b9e2ff37,99885,2,99885,Java/assets/npcs/animations/npc_sable_model_left_walk_anim.png,runtime-folder-candidate,review-required; not-authorized-for-deletion
DUP-0215,1ed5dcb85d7088a89d6f99ae404b94e60b3ee2b6f2121fa9e861f427b9e2ff37,99885,2,99885,asset-review/2026-09-22-npcs/before/Java/assets/npcs/animations/npc_sable_model_left_walk_anim.png,review-or-quarantine,review-required; not-authorized-for-deletion
DUP-0216,a1100831dc87c271332914550941806e34df4cfdbc08928d507878ed7ba976ba,99836,2,99836,Java/assets/companions/maera/animations/npc_maera_model_down_right_walk_anim.png,runtime-folder-candidate,review-required; not-authorized-for-deletion
DUP-0216,a1100831dc87c271332914550941806e34df4cfdbc08928d507878ed7ba976ba,99836,2,99836,Java/assets/companions/maera/animations/npc_maera_model_right_walk_anim.png,runtime-folder-candidate,review-required; not-authorized-for-deletion
DUP-0217,441085954428bc5aac31cf8a0c279d60276bd27e5e88d6bd4fdea167df268111,49176,3,98352,Java/assets/source/imagegen_action_strips/mage_left_face_zoom.png,source-or-development-candidate,review-required; not-authorized-for-deletion
DUP-0217,441085954428bc5aac31cf8a0c279d60276bd27e5e88d6bd4fdea167df268111,49176,3,98352,Java/assets/source/imagegen_action_strips/mage_left_face_zoom_after.png,source-or-development-candidate,review-required; not-authorized-for-deletion
DUP-0217,441085954428bc5aac31cf8a0c279d60276bd27e5e88d6bd4fdea167df268111,49176,3,98352,Java/assets/source/imagegen_action_strips/mage_left_face_zoom_after2.png,source-or-development-candidate,review-required; not-authorized-for-deletion
DUP-0218,302ede5079fc87c0afbd492b8ffbf616162b4ba905a7729bf7be4ba0056bc031,98037,2,98037,Java/assets/companions/rafiq/animations/npc_rafiq_model_down_right_walk_anim.png,runtime-folder-candidate,review-required; not-authorized-for-deletion
DUP-0218,302ede5079fc87c0afbd492b8ffbf616162b4ba905a7729bf7be4ba0056bc031,98037,2,98037,Java/assets/companions/rafiq/animations/npc_rafiq_model_right_walk_anim.png,runtime-folder-candidate,review-required; not-authorized-for-deletion
DUP-0219,0a2a8f2ee19a12b97621d3ab3c1c447dad483f89049a97e9c23e52ec75bd5d7a,97678,2,97678,Java/assets/companions/seraphine/animations/npc_seraphine_model_down_left_walk_anim.png,runtime-folder-candidate,review-required; not-authorized-for-deletion
DUP-0219,0a2a8f2ee19a12b97621d3ab3c1c447dad483f89049a97e9c23e52ec75bd5d7a,97678,2,97678,Java/assets/companions/seraphine/animations/npc_seraphine_model_left_walk_anim.png,runtime-folder-candidate,review-required; not-authorized-for-deletion
DUP-0220,558470a04587c47ae06abed043cf67d38aa8fd0a8a4bf656547ddc4ae60c4f09,97648,2,97648,Java/assets/companions/seraphine/animations/npc_seraphine_model_down_right_walk_anim.png,runtime-folder-candidate,review-required; not-authorized-for-deletion
DUP-0220,558470a04587c47ae06abed043cf67d38aa8fd0a8a4bf656547ddc4ae60c4f09,97648,2,97648,Java/assets/companions/seraphine/animations/npc_seraphine_model_right_walk_anim.png,runtime-folder-candidate,review-required; not-authorized-for-deletion
DUP-0221,a2805788979a61d43567167d5b1a43244517cfae34b08a4f66c0a5fdbd19adcb,97140,2,97140,Java/assets/companions/cassia/npc_cassia_battle_sprite.png,runtime-folder-candidate,review-required; not-authorized-for-deletion
DUP-0221,a2805788979a61d43567167d5b1a43244517cfae34b08a4f66c0a5fdbd19adcb,97140,2,97140,asset-review/files/Java/assets/companions/npc_cassia_battle_sprite.png,review-or-quarantine,review-required; not-authorized-for-deletion
DUP-0222,93afb0a3370dd2fb1513c4592ce2352e62483cc9b4cfdeb19c4d8f32bf4d2456,96077,2,96077,Java/assets/companions/aria/npc_aria_battle_sprite.png,runtime-folder-candidate,review-required; not-authorized-for-deletion
DUP-0222,93afb0a3370dd2fb1513c4592ce2352e62483cc9b4cfdeb19c4d8f32bf4d2456,96077,2,96077,asset-review/files/Java/assets/companions/npc_aria_battle_sprite.png,review-or-quarantine,review-required; not-authorized-for-deletion
DUP-0223,e3203f4ffd9be8e4e6710a80857df2440c871da954a0f70ce6511d0dabf8f579,94621,2,94621,Java/assets/companions/cassia/animations/npc_cassia_model_down_right_walk_anim.png,runtime-folder-candidate,review-required; not-authorized-for-deletion
DUP-0223,e3203f4ffd9be8e4e6710a80857df2440c871da954a0f70ce6511d0dabf8f579,94621,2,94621,Java/assets/companions/cassia/animations/npc_cassia_model_right_walk_anim.png,runtime-folder-candidate,review-required; not-authorized-for-deletion
DUP-0224,173ceb268d6a8e88800070507bc92815af162596c0cbe5b5a9c1a158159e4951,94353,2,94353,Java/assets/companions/maera/animations/npc_maera_model_down_left_walk_anim.png,runtime-folder-candidate,review-required; not-authorized-for-deletion
DUP-0224,173ceb268d6a8e88800070507bc92815af162596c0cbe5b5a9c1a158159e4951,94353,2,94353,Java/assets/companions/maera/animations/npc_maera_model_left_walk_anim.png,runtime-folder-candidate,review-required; not-authorized-for-deletion
DUP-0225,0cc8a91d99104fcc17b7706b58ac582058587fc93b80d5a4ac5337c006dfb0c9,93627,2,93627,Java/assets/companions/lyra/animations/npc_lyra_model_down_right_walk_anim.png,runtime-folder-candidate,review-required; not-authorized-for-deletion
DUP-0225,0cc8a91d99104fcc17b7706b58ac582058587fc93b80d5a4ac5337c006dfb0c9,93627,2,93627,Java/assets/companions/lyra/animations/npc_lyra_model_right_walk_anim.png,runtime-folder-candidate,review-required; not-authorized-for-deletion
DUP-0226,d4755489f7fdb45246772657cb0959c4260de9d0ec943c534e67bc4cf6cd3ce8,93382,2,93382,Java/assets/companions/cassia/animations/npc_cassia_model_down_left_walk_anim.png,runtime-folder-candidate,review-required; not-authorized-for-deletion
DUP-0226,d4755489f7fdb45246772657cb0959c4260de9d0ec943c534e67bc4cf6cd3ce8,93382,2,93382,Java/assets/companions/cassia/animations/npc_cassia_model_left_walk_anim.png,runtime-folder-candidate,review-required; not-authorized-for-deletion
DUP-0227,f9781a8eed8a68e250554ec64c817c72d3603cef5b80eea481b1f820db538792,93334,2,93334,Java/assets/npcs/animations/npc_quartermaster_model_down_walk_anim.png,runtime-folder-candidate,review-required; not-authorized-for-deletion
DUP-0227,f9781a8eed8a68e250554ec64c817c72d3603cef5b80eea481b1f820db538792,93334,2,93334,asset-review/2026-09-22-npcs/before/Java/assets/npcs/animations/npc_quartermaster_model_down_walk_anim.png,review-or-quarantine,review-required; not-authorized-for-deletion
DUP-0228,6be23a55082cae9d0bf792ab66892814289ab414cb9623154722a4b8a3c44e85,46212,3,92424,asset-review/files/Java/assets/deco/deco_grass_clump.png,review-or-quarantine,review-required; not-authorized-for-deletion
DUP-0228,6be23a55082cae9d0bf792ab66892814289ab414cb9623154722a4b8a3c44e85,46212,3,92424,asset-review/flora-refresh/before/deco/deco_soft_dense_tall_grass.png,review-or-quarantine,review-required; not-authorized-for-deletion
DUP-0228,6be23a55082cae9d0bf792ab66892814289ab414cb9623154722a4b8a3c44e85,46212,3,92424,asset-review/flora-refresh/before/grass/deco_grass_clump.png,review-or-quarantine,review-required; not-authorized-for-deletion
DUP-0229,3a5f495ce3d953d9a5ca74554046cae83f69969bb5b5a62f6f4500d65b9bbccd,92202,2,92202,Java/assets/companions/rafiq/npc_rafiq_battle_sprite.png,runtime-folder-candidate,review-required; not-authorized-for-deletion
DUP-0229,3a5f495ce3d953d9a5ca74554046cae83f69969bb5b5a62f6f4500d65b9bbccd,92202,2,92202,asset-review/files/Java/assets/companions/npc_rafiq_battle_sprite.png,review-or-quarantine,review-required; not-authorized-for-deletion
DUP-0230,7db7f22a6fa031af76dc4f3700a646ae44401d5d8b6bd0a60237a1fcd002bdec,91941,2,91941,Java/assets/companions/lyra/animations/npc_lyra_model_down_left_walk_anim.png,runtime-folder-candidate,review-required; not-authorized-for-deletion
DUP-0230,7db7f22a6fa031af76dc4f3700a646ae44401d5d8b6bd0a60237a1fcd002bdec,91941,2,91941,Java/assets/companions/lyra/animations/npc_lyra_model_left_walk_anim.png,runtime-folder-candidate,review-required; not-authorized-for-deletion
DUP-0231,e2085cbef6cb1736e97d6c25d9e6462d21b0bff51344efae3291387d8b7e82ed,91659,2,91659,Java/assets/npcs/animations/npc_blacksmith_model_down_hammer_anim.png,runtime-folder-candidate,review-required; not-authorized-for-deletion
DUP-0231,e2085cbef6cb1736e97d6c25d9e6462d21b0bff51344efae3291387d8b7e82ed,91659,2,91659,asset-review/2026-09-22-npcs/candidates/Java/assets/npcs/animations/npc_blacksmith_model_down_hammer_anim.png,review-or-quarantine,review-required; not-authorized-for-deletion
DUP-0232,5e29d0c1ccea029dea23933062ee4f5071679521feab794a33ded0f0b4d55e56,89860,2,89860,Java/assets/companions/maera/npc_maera_battle_sprite.png,runtime-folder-candidate,review-required; not-authorized-for-deletion
DUP-0232,5e29d0c1ccea029dea23933062ee4f5071679521feab794a33ded0f0b4d55e56,89860,2,89860,asset-review/files/Java/assets/companions/npc_maera_battle_sprite.png,review-or-quarantine,review-required; not-authorized-for-deletion
DUP-0233,59381ba431ac22163a6c2a71aed7181cd7feacda714f59729fd7cf23c2283b59,87790,2,87790,Java/assets/deco/deco_soft_dense_tall_grass.png,runtime-folder-candidate,review-required; not-authorized-for-deletion
DUP-0233,59381ba431ac22163a6c2a71aed7181cd7feacda714f59729fd7cf23c2283b59,87790,2,87790,Java/assets/grass/deco_grass_clump.png,runtime-folder-candidate,review-required; not-authorized-for-deletion
DUP-0234,8bf3df5cf43ee92fdc10e9277bfb89803212d0395ddcd38ab22c6f12fabc7ea4,87556,2,87556,Java/assets/companions/lyra/npc_lyra_battle_sprite.png,runtime-folder-candidate,review-required; not-authorized-for-deletion
DUP-0234,8bf3df5cf43ee92fdc10e9277bfb89803212d0395ddcd38ab22c6f12fabc7ea4,87556,2,87556,asset-review/files/Java/assets/companions/npc_lyra_battle_sprite.png,review-or-quarantine,review-required; not-authorized-for-deletion
DUP-0235,351df5d49ab06acb29b38842de28101404b05b3068fef4cf73531c9718727fa8,83438,2,83438,Java/assets/npcs/animations/npc_quartermaster_model_up_walk_anim.png,runtime-folder-candidate,review-required; not-authorized-for-deletion
DUP-0235,351df5d49ab06acb29b38842de28101404b05b3068fef4cf73531c9718727fa8,83438,2,83438,asset-review/2026-09-22-npcs/before/Java/assets/npcs/animations/npc_quartermaster_model_up_walk_anim.png,review-or-quarantine,review-required; not-authorized-for-deletion
DUP-0236,4cdb03adf75f4e8905ca57c3f8e402e70a4773f8c060681e72ad447c508ca4a2,82212,2,82212,Java/assets/companions/calder/npc_calder_battle_sprite.png,runtime-folder-candidate,review-required; not-authorized-for-deletion
DUP-0236,4cdb03adf75f4e8905ca57c3f8e402e70a4773f8c060681e72ad447c508ca4a2,82212,2,82212,asset-review/files/Java/assets/companions/npc_calder_battle_sprite.png,review-or-quarantine,review-required; not-authorized-for-deletion
DUP-0237,c3a16f5bf004dbc645a0b39bb447c19ad84e2e090df9ddd8146744e9ca9a4d07,80692,2,80692,asset-review/2026-09-22-sprite-integrity/before/Java/assets/city/buildings/city/city_building_house_wide.png,review-or-quarantine,review-required; not-authorized-for-deletion
DUP-0237,c3a16f5bf004dbc645a0b39bb447c19ad84e2e090df9ddd8146744e9ca9a4d07,80692,2,80692,asset-review/files/Java/assets/city/buildings/city/city_house_front_candidate.png,review-or-quarantine,review-required; not-authorized-for-deletion
DUP-0238,4178322589e30fb80afde16e19f97d023661729dcf7ab82a67046351ff8bfce1,76202,2,76202,Java/assets/npcs/animations/npc_quartermaster_model_right_walk_anim.png,runtime-folder-candidate,review-required; not-authorized-for-deletion
DUP-0238,4178322589e30fb80afde16e19f97d023661729dcf7ab82a67046351ff8bfce1,76202,2,76202,asset-review/2026-09-22-npcs/before/Java/assets/npcs/animations/npc_quartermaster_model_left_walk_anim.png,review-or-quarantine,review-required; not-authorized-for-deletion
DUP-0239,5b7f86dac7debb6fa727fc41951ced700f2189b7154084f6f8a5ceb60f3de969,74476,2,74476,Java/assets/forest/deco_tree_enchanted_stump.png,runtime-folder-candidate,review-required; not-authorized-for-deletion
DUP-0239,5b7f86dac7debb6fa727fc41951ced700f2189b7154084f6f8a5ceb60f3de969,74476,2,74476,asset-review/files/Java/assets/deco/deco_stump.png,review-or-quarantine,review-required; not-authorized-for-deletion
DUP-0240,0cfbfca32355603df92742f1c554f13339983bddc78c29732508d87d7c358b42,74330,2,74330,Java/assets/npcs/animations/npc_quartermaster_model_left_walk_anim.png,runtime-folder-candidate,review-required; not-authorized-for-deletion
DUP-0240,0cfbfca32355603df92742f1c554f13339983bddc78c29732508d87d7c358b42,74330,2,74330,asset-review/2026-09-22-npcs/before/Java/assets/npcs/animations/npc_quartermaster_model_right_walk_anim.png,review-or-quarantine,review-required; not-authorized-for-deletion
DUP-0241,deba973d5842b01d775cd4e7a7a2db128fafc9b8c220369c5ba21f0bc527f54e,72010,2,72010,Java/assets/interiors/props/household/interior_supplies_shelf.png,runtime-folder-candidate,review-required; not-authorized-for-deletion
DUP-0241,deba973d5842b01d775cd4e7a7a2db128fafc9b8c220369c5ba21f0bc527f54e,72010,2,72010,asset-review/household-expansion/candidates/warehouse/supplies_shelf.png,review-or-quarantine,review-required; not-authorized-for-deletion
DUP-0242,869248f77559f8461c08165bd380563b78273c21597f96675ec4f9f51ff86ecc,35566,3,71132,asset-review/characters/walk_alternate/npc_orin_up.png,review-or-quarantine,review-required; not-authorized-for-deletion
DUP-0242,869248f77559f8461c08165bd380563b78273c21597f96675ec4f9f51ff86ecc,35566,3,71132,asset-review/characters/walk_alternate/npc_orin_up_left.png,review-or-quarantine,review-required; not-authorized-for-deletion
DUP-0242,869248f77559f8461c08165bd380563b78273c21597f96675ec4f9f51ff86ecc,35566,3,71132,asset-review/characters/walk_alternate/npc_orin_up_right.png,review-or-quarantine,review-required; not-authorized-for-deletion
DUP-0243,5284d6c8ad05b523be16e5ab121da1d2e3f0faba8017c94e812c9fb68bea46ae,34755,3,69510,asset-review/characters/walk_alternate/npc_orin_down.png,review-or-quarantine,review-required; not-authorized-for-deletion
DUP-0243,5284d6c8ad05b523be16e5ab121da1d2e3f0faba8017c94e812c9fb68bea46ae,34755,3,69510,asset-review/characters/walk_alternate/npc_orin_down_left.png,review-or-quarantine,review-required; not-authorized-for-deletion
DUP-0243,5284d6c8ad05b523be16e5ab121da1d2e3f0faba8017c94e812c9fb68bea46ae,34755,3,69510,asset-review/characters/walk_alternate/npc_orin_down_right.png,review-or-quarantine,review-required; not-authorized-for-deletion
DUP-0244,72894530c6a4843fe29d2485e0fa71fcf6db25eb5fcbe429c5d3ce86c7629173,66453,2,66453,Java/assets/companions/seraphine/npc_seraphine_battle_sprite.png,runtime-folder-candidate,review-required; not-authorized-for-deletion
DUP-0244,72894530c6a4843fe29d2485e0fa71fcf6db25eb5fcbe429c5d3ce86c7629173,66453,2,66453,asset-review/files/Java/assets/companions/npc_seraphine_battle_sprite.png,review-or-quarantine,review-required; not-authorized-for-deletion
DUP-0245,e8d9c846367da561b912ed9784c433ea38a54399ce5b642203e6694a56bfb93c,66321,2,66321,asset-review/flora-refresh/before/deco/deco_soft_dense_meadow_flowers.png,review-or-quarantine,review-required; not-authorized-for-deletion
DUP-0245,e8d9c846367da561b912ed9784c433ea38a54399ce5b642203e6694a56bfb93c,66321,2,66321,asset-review/flora-refresh/before/grass/deco_flowers.png,review-or-quarantine,review-required; not-authorized-for-deletion
DUP-0246,590936b8773f274d9c9e2f7b77b62fb58fda199d25919ab6f48ea0f28b603ac4,66273,2,66273,Java/assets/interiors/props/household/interior_tools_shelf.png,runtime-folder-candidate,review-required; not-authorized-for-deletion
DUP-0246,590936b8773f274d9c9e2f7b77b62fb58fda199d25919ab6f48ea0f28b603ac4,66273,2,66273,asset-review/household-expansion/candidates/warehouse/tools_shelf.png,review-or-quarantine,review-required; not-authorized-for-deletion
DUP-0247,b7f0ad79f857e5e6df7ff7044ef43b27b2b52c6eb0cd908f447c8c8d1f4932bd,65204,2,65204,Java/assets/interiors/props/household/interior_room_screen.png,runtime-folder-candidate,review-required; not-authorized-for-deletion
DUP-0247,b7f0ad79f857e5e6df7ff7044ef43b27b2b52c6eb0cd908f447c8c8d1f4932bd,65204,2,65204,asset-review/household-expansion/candidates/household/room_screen.png,review-or-quarantine,review-required; not-authorized-for-deletion
DUP-0248,b4867b5eed99f8f40578814ebe5d00f1b4a0d81f08cde7f503caab87a4feed78,64460,2,64460,Java/assets/npcs/regional/npc_regional_temperate_noble_f_model.png,runtime-folder-candidate,review-required; not-authorized-for-deletion
DUP-0248,b4867b5eed99f8f40578814ebe5d00f1b4a0d81f08cde7f503caab87a4feed78,64460,2,64460,Java/assets/npcs/regional/npc_regional_temperate_noble_f_model_down.png,runtime-folder-candidate,review-required; not-authorized-for-deletion
DUP-0249,5ddcefbb2db1d728643840f2e9ad054ceac1254fe2d81a8d73d45804f3b57021,32146,3,64292,asset-review/files/Java/assets/deco/deco_snow_mound.png,review-or-quarantine,review-required; not-authorized-for-deletion
DUP-0249,5ddcefbb2db1d728643840f2e9ad054ceac1254fe2d81a8d73d45804f3b57021,32146,3,64292,asset-review/flora-refresh/before/deco/deco_soft_dense_snow_mound.png,review-or-quarantine,review-required; not-authorized-for-deletion
DUP-0249,5ddcefbb2db1d728643840f2e9ad054ceac1254fe2d81a8d73d45804f3b57021,32146,3,64292,asset-review/flora-refresh/before/tundra/deco_snow_mound.png,review-or-quarantine,review-required; not-authorized-for-deletion
DUP-0250,69796e724bbde3575030924baf22411bfd9db69a5f1e315481e8af5984fdf2db,63234,2,63234,Java/assets/npcs/regional/npc_regional_desert_noble_f_model.png,runtime-folder-candidate,review-required; not-authorized-for-deletion
DUP-0250,69796e724bbde3575030924baf22411bfd9db69a5f1e315481e8af5984fdf2db,63234,2,63234,Java/assets/npcs/regional/npc_regional_desert_noble_f_model_down.png,runtime-folder-candidate,review-required; not-authorized-for-deletion
DUP-0251,3dd0cde33f6fcea5907b2d1a48d199bb2d88947c4a2b7ae34c99f8474ee6f068,62770,2,62770,Java/assets/npcs/regional/npc_regional_north_noble_f_model.png,runtime-folder-candidate,review-required; not-authorized-for-deletion
DUP-0251,3dd0cde33f6fcea5907b2d1a48d199bb2d88947c4a2b7ae34c99f8474ee6f068,62770,2,62770,Java/assets/npcs/regional/npc_regional_north_noble_f_model_down.png,runtime-folder-candidate,review-required; not-authorized-for-deletion
DUP-0252,ff5c7c32ba496012e34add91ecbf62fbd58d297e83ac90e6cf19b2ffabddac60,20874,4,62622,Java/assets/npcs/npc_orin_model.png,runtime-folder-candidate,review-required; not-authorized-for-deletion
DUP-0252,ff5c7c32ba496012e34add91ecbf62fbd58d297e83ac90e6cf19b2ffabddac60,20874,4,62622,Java/assets/npcs/npc_orin_model_down.png,runtime-folder-candidate,review-required; not-authorized-for-deletion
DUP-0252,ff5c7c32ba496012e34add91ecbf62fbd58d297e83ac90e6cf19b2ffabddac60,20874,4,62622,asset-review/2026-09-22-npcs/candidates/Java/assets/npcs/npc_orin_model.png,review-or-quarantine,review-required; not-authorized-for-deletion
DUP-0252,ff5c7c32ba496012e34add91ecbf62fbd58d297e83ac90e6cf19b2ffabddac60,20874,4,62622,asset-review/2026-09-22-npcs/candidates/Java/assets/npcs/npc_orin_model_down.png,review-or-quarantine,review-required; not-authorized-for-deletion
DUP-0253,3a36e4f423b8d44ebff55d2627e9c4f017787667fe7d69adc3ff3b18343d7986,62504,2,62504,Java/assets/npcs/regional/npc_regional_marsh_noble_f_model.png,runtime-folder-candidate,review-required; not-authorized-for-deletion
DUP-0253,3a36e4f423b8d44ebff55d2627e9c4f017787667fe7d69adc3ff3b18343d7986,62504,2,62504,Java/assets/npcs/regional/npc_regional_marsh_noble_f_model_down.png,runtime-folder-candidate,review-required; not-authorized-for-deletion
DUP-0254,877c3e66750a9b8345529e584a3a961876382fbcdf928a85fe48b9b46d767e03,62197,2,62197,Java/assets/deco/deco_soft_dense_snow_mound.png,runtime-folder-candidate,review-required; not-authorized-for-deletion
DUP-0254,877c3e66750a9b8345529e584a3a961876382fbcdf928a85fe48b9b46d767e03,62197,2,62197,Java/assets/tundra/deco_snow_mound.png,runtime-folder-candidate,review-required; not-authorized-for-deletion
DUP-0255,847d3be15ed7b29ad16dedd3358928641994cf006a82621a1d1bc627ace42e8a,30380,3,60760,asset-review/characters/walk_alternate/npc_elowen_down.png,review-or-quarantine,review-required; not-authorized-for-deletion
DUP-0255,847d3be15ed7b29ad16dedd3358928641994cf006a82621a1d1bc627ace42e8a,30380,3,60760,asset-review/characters/walk_alternate/npc_elowen_down_left.png,review-or-quarantine,review-required; not-authorized-for-deletion
DUP-0255,847d3be15ed7b29ad16dedd3358928641994cf006a82621a1d1bc627ace42e8a,30380,3,60760,asset-review/characters/walk_alternate/npc_elowen_down_right.png,review-or-quarantine,review-required; not-authorized-for-deletion
DUP-0256,e7ebbe121b55aaa2828f6105e4078950e42531c7beab44cabb183098d12f45e1,30366,3,60732,asset-review/characters/walk_articulated/npc_orin_up.png,review-or-quarantine,review-required; not-authorized-for-deletion
DUP-0256,e7ebbe121b55aaa2828f6105e4078950e42531c7beab44cabb183098d12f45e1,30366,3,60732,asset-review/characters/walk_articulated/npc_orin_up_left.png,review-or-quarantine,review-required; not-authorized-for-deletion
DUP-0256,e7ebbe121b55aaa2828f6105e4078950e42531c7beab44cabb183098d12f45e1,30366,3,60732,asset-review/characters/walk_articulated/npc_orin_up_right.png,review-or-quarantine,review-required; not-authorized-for-deletion
DUP-0257,deb3d945cf78fb27f9aae03e0db934fc072b59fa5a51a920c43897597beb0f75,30363,3,60726,asset-review/characters/walk_alternate/npc_garruk_down.png,review-or-quarantine,review-required; not-authorized-for-deletion
DUP-0257,deb3d945cf78fb27f9aae03e0db934fc072b59fa5a51a920c43897597beb0f75,30363,3,60726,asset-review/characters/walk_alternate/npc_garruk_down_left.png,review-or-quarantine,review-required; not-authorized-for-deletion
DUP-0257,deb3d945cf78fb27f9aae03e0db934fc072b59fa5a51a920c43897597beb0f75,30363,3,60726,asset-review/characters/walk_alternate/npc_garruk_down_right.png,review-or-quarantine,review-required; not-authorized-for-deletion
DUP-0258,1c093e1d34602fe62b9511326f073213ea15fff8e30eef721ae67625631a1b24,20115,4,60345,Java/assets/npcs/npc_elowen_model.png,runtime-folder-candidate,review-required; not-authorized-for-deletion
DUP-0258,1c093e1d34602fe62b9511326f073213ea15fff8e30eef721ae67625631a1b24,20115,4,60345,Java/assets/npcs/npc_elowen_model_down.png,runtime-folder-candidate,review-required; not-authorized-for-deletion
DUP-0258,1c093e1d34602fe62b9511326f073213ea15fff8e30eef721ae67625631a1b24,20115,4,60345,asset-review/2026-09-22-npcs/before/Java/assets/npcs/npc_elowen_model.png,review-or-quarantine,review-required; not-authorized-for-deletion
DUP-0258,1c093e1d34602fe62b9511326f073213ea15fff8e30eef721ae67625631a1b24,20115,4,60345,asset-review/2026-09-22-npcs/before/Java/assets/npcs/npc_elowen_model_down.png,review-or-quarantine,review-required; not-authorized-for-deletion
DUP-0259,c570455a37bd7e37c1fa1239b03b6cde1af5f76a5e11a8c76fbb5acb1501dc01,30053,3,60106,asset-review/characters/walk_alternate/npc_garruk_up.png,review-or-quarantine,review-required; not-authorized-for-deletion
DUP-0259,c570455a37bd7e37c1fa1239b03b6cde1af5f76a5e11a8c76fbb5acb1501dc01,30053,3,60106,asset-review/characters/walk_alternate/npc_garruk_up_left.png,review-or-quarantine,review-required; not-authorized-for-deletion
DUP-0259,c570455a37bd7e37c1fa1239b03b6cde1af5f76a5e11a8c76fbb5acb1501dc01,30053,3,60106,asset-review/characters/walk_alternate/npc_garruk_up_right.png,review-or-quarantine,review-required; not-authorized-for-deletion
DUP-0260,a4154bf351244b20447324c426e11fafd9bfebcc0e6deac12530f2069e29f867,59306,2,59306,Java/assets/npcs/regional/npc_regional_north_guard_f_model.png,runtime-folder-candidate,review-required; not-authorized-for-deletion
DUP-0260,a4154bf351244b20447324c426e11fafd9bfebcc0e6deac12530f2069e29f867,59306,2,59306,Java/assets/npcs/regional/npc_regional_north_guard_f_model_down.png,runtime-folder-candidate,review-required; not-authorized-for-deletion
DUP-0261,b7a9e7af09e70ea2d655f6c80ffea5141cd39f0557f0b7e84d5f35982705ca40,29372,3,58744,asset-review/characters/walk_alternate/npc_blacksmith_up.png,review-or-quarantine,review-required; not-authorized-for-deletion
DUP-0261,b7a9e7af09e70ea2d655f6c80ffea5141cd39f0557f0b7e84d5f35982705ca40,29372,3,58744,asset-review/characters/walk_alternate/npc_blacksmith_up_left.png,review-or-quarantine,review-required; not-authorized-for-deletion
DUP-0261,b7a9e7af09e70ea2d655f6c80ffea5141cd39f0557f0b7e84d5f35982705ca40,29372,3,58744,asset-review/characters/walk_alternate/npc_blacksmith_up_right.png,review-or-quarantine,review-required; not-authorized-for-deletion
DUP-0262,9bc73918f536f9364a14b184b738dece1873ea0d1ad6d7edd970c205e46d14dd,29206,3,58412,asset-review/characters/walk_alternate/npc_mira_sunwarden_up.png,review-or-quarantine,review-required; not-authorized-for-deletion
DUP-0262,9bc73918f536f9364a14b184b738dece1873ea0d1ad6d7edd970c205e46d14dd,29206,3,58412,asset-review/characters/walk_alternate/npc_mira_sunwarden_up_left.png,review-or-quarantine,review-required; not-authorized-for-deletion
DUP-0262,9bc73918f536f9364a14b184b738dece1873ea0d1ad6d7edd970c205e46d14dd,29206,3,58412,asset-review/characters/walk_alternate/npc_mira_sunwarden_up_right.png,review-or-quarantine,review-required; not-authorized-for-deletion
DUP-0263,182721520d54572dca235b17827b71bd846ede789f8540def7635c4cb62a9d02,29174,3,58348,asset-review/characters/walk_articulated/npc_orin_down.png,review-or-quarantine,review-required; not-authorized-for-deletion
DUP-0263,182721520d54572dca235b17827b71bd846ede789f8540def7635c4cb62a9d02,29174,3,58348,asset-review/characters/walk_articulated/npc_orin_down_left.png,review-or-quarantine,review-required; not-authorized-for-deletion
DUP-0263,182721520d54572dca235b17827b71bd846ede789f8540def7635c4cb62a9d02,29174,3,58348,asset-review/characters/walk_articulated/npc_orin_down_right.png,review-or-quarantine,review-required; not-authorized-for-deletion
DUP-0264,26428db9f705a1420fd4fce79217b9f76c2e9057fff67405b20c827e954266a3,19273,4,57819,Java/assets/npcs/npc_blacksmith_model.png,runtime-folder-candidate,review-required; not-authorized-for-deletion
DUP-0264,26428db9f705a1420fd4fce79217b9f76c2e9057fff67405b20c827e954266a3,19273,4,57819,Java/assets/npcs/npc_blacksmith_model_down.png,runtime-folder-candidate,review-required; not-authorized-for-deletion
DUP-0264,26428db9f705a1420fd4fce79217b9f76c2e9057fff67405b20c827e954266a3,19273,4,57819,asset-review/2026-09-22-npcs/candidates/Java/assets/npcs/npc_blacksmith_model.png,review-or-quarantine,review-required; not-authorized-for-deletion
DUP-0264,26428db9f705a1420fd4fce79217b9f76c2e9057fff67405b20c827e954266a3,19273,4,57819,asset-review/2026-09-22-npcs/candidates/Java/assets/npcs/npc_blacksmith_model_down.png,review-or-quarantine,review-required; not-authorized-for-deletion
DUP-0265,fccbfa925eacaf5c0cfccfe60975dbd26f29aaa9042e8da3ea63e1137399ce5a,28814,3,57628,asset-review/characters/walk_alternate/npc_blacksmith_down.png,review-or-quarantine,review-required; not-authorized-for-deletion
DUP-0265,fccbfa925eacaf5c0cfccfe60975dbd26f29aaa9042e8da3ea63e1137399ce5a,28814,3,57628,asset-review/characters/walk_alternate/npc_blacksmith_down_left.png,review-or-quarantine,review-required; not-authorized-for-deletion
DUP-0265,fccbfa925eacaf5c0cfccfe60975dbd26f29aaa9042e8da3ea63e1137399ce5a,28814,3,57628,asset-review/characters/walk_alternate/npc_blacksmith_down_right.png,review-or-quarantine,review-required; not-authorized-for-deletion
DUP-0266,dfe473e2d4a14951cc8a02c71f8ad699f6f61c5e22492233ee5aaae538a75384,28777,3,57554,asset-review/characters/walk_alternate/npc_marla_up.png,review-or-quarantine,review-required; not-authorized-for-deletion
DUP-0266,dfe473e2d4a14951cc8a02c71f8ad699f6f61c5e22492233ee5aaae538a75384,28777,3,57554,asset-review/characters/walk_alternate/npc_marla_up_left.png,review-or-quarantine,review-required; not-authorized-for-deletion
DUP-0266,dfe473e2d4a14951cc8a02c71f8ad699f6f61c5e22492233ee5aaae538a75384,28777,3,57554,asset-review/characters/walk_alternate/npc_marla_up_right.png,review-or-quarantine,review-required; not-authorized-for-deletion
DUP-0267,1bd18902b01f1623c2ccbced8e3f51544a0ab7771e6bb5ba9f226d3ea5804f72,57178,2,57178,asset-review/files/Java/assets/deco/deco_bush.png,review-or-quarantine,review-required; not-authorized-for-deletion
DUP-0267,1bd18902b01f1623c2ccbced8e3f51544a0ab7771e6bb5ba9f226d3ea5804f72,57178,2,57178,asset-review/flora-refresh/before/deco/deco_soft_dense_leaf_bush.png,review-or-quarantine,review-required; not-authorized-for-deletion
DUP-0268,c052440580bd8d9c02ec78e49f596c117cb880e8ddc2320beac6dce91e6502ae,19012,4,57036,Java/assets/npcs/npc_merchant_model.png,runtime-folder-candidate,review-required; not-authorized-for-deletion
DUP-0268,c052440580bd8d9c02ec78e49f596c117cb880e8ddc2320beac6dce91e6502ae,19012,4,57036,Java/assets/npcs/npc_merchant_model_down.png,runtime-folder-candidate,review-required; not-authorized-for-deletion
DUP-0268,c052440580bd8d9c02ec78e49f596c117cb880e8ddc2320beac6dce91e6502ae,19012,4,57036,asset-review/2026-09-22-npcs/candidates/Java/assets/npcs/npc_merchant_model.png,review-or-quarantine,review-required; not-authorized-for-deletion
DUP-0268,c052440580bd8d9c02ec78e49f596c117cb880e8ddc2320beac6dce91e6502ae,19012,4,57036,asset-review/2026-09-22-npcs/candidates/Java/assets/npcs/npc_merchant_model_down.png,review-or-quarantine,review-required; not-authorized-for-deletion
DUP-0269,bbaab85551631578da5f01867d6008ae8088b70c43fea778e68588155f9429cc,56810,2,56810,Java/assets/npcs/regional/npc_regional_highland_noble_f_model.png,runtime-folder-candidate,review-required; not-authorized-for-deletion
DUP-0269,bbaab85551631578da5f01867d6008ae8088b70c43fea778e68588155f9429cc,56810,2,56810,Java/assets/npcs/regional/npc_regional_highland_noble_f_model_down.png,runtime-folder-candidate,review-required; not-authorized-for-deletion
DUP-0270,e0b54bd16fdad2b921a0e4b6052ac104da6468f2cd59e41201434be2343adcf4,28329,3,56658,asset-review/characters/walk_alternate/npc_elowen_up.png,review-or-quarantine,review-required; not-authorized-for-deletion
DUP-0270,e0b54bd16fdad2b921a0e4b6052ac104da6468f2cd59e41201434be2343adcf4,28329,3,56658,asset-review/characters/walk_alternate/npc_elowen_up_left.png,review-or-quarantine,review-required; not-authorized-for-deletion
DUP-0270,e0b54bd16fdad2b921a0e4b6052ac104da6468f2cd59e41201434be2343adcf4,28329,3,56658,asset-review/characters/walk_alternate/npc_elowen_up_right.png,review-or-quarantine,review-required; not-authorized-for-deletion
DUP-0271,093cc2061d92a3981d84f37268e60f5c7fc823f212ef673467b3eef5bc2a1ed6,28258,3,56516,asset-review/characters/walk_alternate/npc_mira_sunwarden_down.png,review-or-quarantine,review-required; not-authorized-for-deletion
DUP-0271,093cc2061d92a3981d84f37268e60f5c7fc823f212ef673467b3eef5bc2a1ed6,28258,3,56516,asset-review/characters/walk_alternate/npc_mira_sunwarden_down_left.png,review-or-quarantine,review-required; not-authorized-for-deletion
DUP-0271,093cc2061d92a3981d84f37268e60f5c7fc823f212ef673467b3eef5bc2a1ed6,28258,3,56516,asset-review/characters/walk_alternate/npc_mira_sunwarden_down_right.png,review-or-quarantine,review-required; not-authorized-for-deletion
DUP-0272,359d4f2ad32820eaec3f284134923891026d4c42c1096d815a79a800ec387e02,28255,3,56510,asset-review/characters/walk/npc_orin_up.png,review-or-quarantine,review-required; not-authorized-for-deletion
DUP-0272,359d4f2ad32820eaec3f284134923891026d4c42c1096d815a79a800ec387e02,28255,3,56510,asset-review/characters/walk/npc_orin_up_left.png,review-or-quarantine,review-required; not-authorized-for-deletion
DUP-0272,359d4f2ad32820eaec3f284134923891026d4c42c1096d815a79a800ec387e02,28255,3,56510,asset-review/characters/walk/npc_orin_up_right.png,review-or-quarantine,review-required; not-authorized-for-deletion
DUP-0273,fc534b0fb7b95840a1188569660588054368937ba9fae7d61a6eba344cd88056,28100,3,56200,asset-review/characters/walk_alternate/npc_bartender_down.png,review-or-quarantine,review-required; not-authorized-for-deletion
DUP-0273,fc534b0fb7b95840a1188569660588054368937ba9fae7d61a6eba344cd88056,28100,3,56200,asset-review/characters/walk_alternate/npc_bartender_down_left.png,review-or-quarantine,review-required; not-authorized-for-deletion
DUP-0273,fc534b0fb7b95840a1188569660588054368937ba9fae7d61a6eba344cd88056,28100,3,56200,asset-review/characters/walk_alternate/npc_bartender_down_right.png,review-or-quarantine,review-required; not-authorized-for-deletion
DUP-0274,dc97f9a65dad10135696444a70710fa170c612b75b02e10acc0b84ab713e1f78,28059,3,56118,asset-review/characters/walk_alternate/npc_marla_down.png,review-or-quarantine,review-required; not-authorized-for-deletion
DUP-0274,dc97f9a65dad10135696444a70710fa170c612b75b02e10acc0b84ab713e1f78,28059,3,56118,asset-review/characters/walk_alternate/npc_marla_down_left.png,review-or-quarantine,review-required; not-authorized-for-deletion
DUP-0274,dc97f9a65dad10135696444a70710fa170c612b75b02e10acc0b84ab713e1f78,28059,3,56118,asset-review/characters/walk_alternate/npc_marla_down_right.png,review-or-quarantine,review-required; not-authorized-for-deletion
DUP-0275,1099c182f16b26da0c2e00dbaaf255c0a7f8ebbac7b261566e1c2cab4a015554,27925,3,55850,asset-review/characters/walk_alternate/npc_vexa_down.png,review-or-quarantine,review-required; not-authorized-for-deletion
DUP-0275,1099c182f16b26da0c2e00dbaaf255c0a7f8ebbac7b261566e1c2cab4a015554,27925,3,55850,asset-review/characters/walk_alternate/npc_vexa_down_left.png,review-or-quarantine,review-required; not-authorized-for-deletion
DUP-0275,1099c182f16b26da0c2e00dbaaf255c0a7f8ebbac7b261566e1c2cab4a015554,27925,3,55850,asset-review/characters/walk_alternate/npc_vexa_down_right.png,review-or-quarantine,review-required; not-authorized-for-deletion
DUP-0276,dd3caed6a55266864877b7c1a592795ab11d44a4f2786f27aa2a15e372975926,18616,4,55848,Java/assets/npcs/npc_bartender_model.png,runtime-folder-candidate,review-required; not-authorized-for-deletion
DUP-0276,dd3caed6a55266864877b7c1a592795ab11d44a4f2786f27aa2a15e372975926,18616,4,55848,Java/assets/npcs/npc_bartender_model_down.png,runtime-folder-candidate,review-required; not-authorized-for-deletion
DUP-0276,dd3caed6a55266864877b7c1a592795ab11d44a4f2786f27aa2a15e372975926,18616,4,55848,asset-review/2026-09-22-npcs/candidates/Java/assets/npcs/npc_bartender_model.png,review-or-quarantine,review-required; not-authorized-for-deletion
DUP-0276,dd3caed6a55266864877b7c1a592795ab11d44a4f2786f27aa2a15e372975926,18616,4,55848,asset-review/2026-09-22-npcs/candidates/Java/assets/npcs/npc_bartender_model_down.png,review-or-quarantine,review-required; not-authorized-for-deletion
DUP-0277,d0760d2223c90bc42f5b431ace363c560ff7ee6d65666a558fb3c65c20e006ee,27862,3,55724,asset-review/characters/walk/npc_orin_down.png,review-or-quarantine,review-required; not-authorized-for-deletion
DUP-0277,d0760d2223c90bc42f5b431ace363c560ff7ee6d65666a558fb3c65c20e006ee,27862,3,55724,asset-review/characters/walk/npc_orin_down_left.png,review-or-quarantine,review-required; not-authorized-for-deletion
DUP-0277,d0760d2223c90bc42f5b431ace363c560ff7ee6d65666a558fb3c65c20e006ee,27862,3,55724,asset-review/characters/walk/npc_orin_down_right.png,review-or-quarantine,review-required; not-authorized-for-deletion
DUP-0278,fff32462053c53ed6c3f1b9d550196565442971b795d851d8e20e5e9ee3b7132,27814,3,55628,asset-review/characters/walk_alternate/npc_rowan_down.png,review-or-quarantine,review-required; not-authorized-for-deletion
DUP-0278,fff32462053c53ed6c3f1b9d550196565442971b795d851d8e20e5e9ee3b7132,27814,3,55628,asset-review/characters/walk_alternate/npc_rowan_down_left.png,review-or-quarantine,review-required; not-authorized-for-deletion
DUP-0278,fff32462053c53ed6c3f1b9d550196565442971b795d851d8e20e5e9ee3b7132,27814,3,55628,asset-review/characters/walk_alternate/npc_rowan_down_right.png,review-or-quarantine,review-required; not-authorized-for-deletion
DUP-0279,23d05242da2358b565d561b321c4b8bb397545183c7fbdc01af25fc02405e12f,18537,4,55611,Java/assets/npcs/npc_garruk_model.png,runtime-folder-candidate,review-required; not-authorized-for-deletion
DUP-0279,23d05242da2358b565d561b321c4b8bb397545183c7fbdc01af25fc02405e12f,18537,4,55611,Java/assets/npcs/npc_garruk_model_down.png,runtime-folder-candidate,review-required; not-authorized-for-deletion
DUP-0279,23d05242da2358b565d561b321c4b8bb397545183c7fbdc01af25fc02405e12f,18537,4,55611,asset-review/2026-09-22-npcs/before/Java/assets/npcs/npc_garruk_model.png,review-or-quarantine,review-required; not-authorized-for-deletion
DUP-0279,23d05242da2358b565d561b321c4b8bb397545183c7fbdc01af25fc02405e12f,18537,4,55611,asset-review/2026-09-22-npcs/before/Java/assets/npcs/npc_garruk_model_down.png,review-or-quarantine,review-required; not-authorized-for-deletion
DUP-0280,6475e2ff49a1d6d90525097093f68d174b5b4a53050c92d33fcbc4058210888e,55388,2,55388,Java/assets/interiors/props/household/interior_pantry_shelf.png,runtime-folder-candidate,review-required; not-authorized-for-deletion
DUP-0280,6475e2ff49a1d6d90525097093f68d174b5b4a53050c92d33fcbc4058210888e,55388,2,55388,asset-review/household-expansion/candidates/warehouse/pantry_shelf.png,review-or-quarantine,review-required; not-authorized-for-deletion
DUP-0281,3c0d279f1d0b6acaa777e3da7911c984b7e6c7f764d87954503c52d10523f9c2,27673,3,55346,asset-review/characters/walk_articulated/npc_mira_sunwarden_down.png,review-or-quarantine,review-required; not-authorized-for-deletion
DUP-0281,3c0d279f1d0b6acaa777e3da7911c984b7e6c7f764d87954503c52d10523f9c2,27673,3,55346,asset-review/characters/walk_articulated/npc_mira_sunwarden_down_left.png,review-or-quarantine,review-required; not-authorized-for-deletion
DUP-0281,3c0d279f1d0b6acaa777e3da7911c984b7e6c7f764d87954503c52d10523f9c2,27673,3,55346,asset-review/characters/walk_articulated/npc_mira_sunwarden_down_right.png,review-or-quarantine,review-required; not-authorized-for-deletion
DUP-0282,cccbb705d4d3fa3113cd3f29f91bf3affa3c414006b8181b60f0dfbd6e2120f5,27616,3,55232,asset-review/characters/walk_alternate/npc_rowan_up.png,review-or-quarantine,review-required; not-authorized-for-deletion
DUP-0282,cccbb705d4d3fa3113cd3f29f91bf3affa3c414006b8181b60f0dfbd6e2120f5,27616,3,55232,asset-review/characters/walk_alternate/npc_rowan_up_left.png,review-or-quarantine,review-required; not-authorized-for-deletion
DUP-0282,cccbb705d4d3fa3113cd3f29f91bf3affa3c414006b8181b60f0dfbd6e2120f5,27616,3,55232,asset-review/characters/walk_alternate/npc_rowan_up_right.png,review-or-quarantine,review-required; not-authorized-for-deletion
DUP-0283,a41ff5a69404433ebcc2986b853c7f699230dd4428c6e08e9a0a39b336ad1764,55053,2,55053,Java/assets/npcs/regional/npc_regional_desert_guard_f_model.png,runtime-folder-candidate,review-required; not-authorized-for-deletion
DUP-0283,a41ff5a69404433ebcc2986b853c7f699230dd4428c6e08e9a0a39b336ad1764,55053,2,55053,Java/assets/npcs/regional/npc_regional_desert_guard_f_model_down.png,runtime-folder-candidate,review-required; not-authorized-for-deletion
DUP-0284,3a183c72e3267687ead040d3e2380ad35f0839c3191d62d6a1a42fe02b435694,27518,3,55036,asset-review/characters/walk_alternate/npc_bartender_up.png,review-or-quarantine,review-required; not-authorized-for-deletion
DUP-0284,3a183c72e3267687ead040d3e2380ad35f0839c3191d62d6a1a42fe02b435694,27518,3,55036,asset-review/characters/walk_alternate/npc_bartender_up_left.png,review-or-quarantine,review-required; not-authorized-for-deletion
DUP-0284,3a183c72e3267687ead040d3e2380ad35f0839c3191d62d6a1a42fe02b435694,27518,3,55036,asset-review/characters/walk_alternate/npc_bartender_up_right.png,review-or-quarantine,review-required; not-authorized-for-deletion
DUP-0285,12cb865edfa84506c055afa1d995065add9d3843a508b737b68ac4bc5e89f270,27507,3,55014,asset-review/characters/walk_alternate/npc_ren_down.png,review-or-quarantine,review-required; not-authorized-for-deletion
DUP-0285,12cb865edfa84506c055afa1d995065add9d3843a508b737b68ac4bc5e89f270,27507,3,55014,asset-review/characters/walk_alternate/npc_ren_down_left.png,review-or-quarantine,review-required; not-authorized-for-deletion
DUP-0285,12cb865edfa84506c055afa1d995065add9d3843a508b737b68ac4bc5e89f270,27507,3,55014,asset-review/characters/walk_alternate/npc_ren_down_right.png,review-or-quarantine,review-required; not-authorized-for-deletion
DUP-0286,2c5bb3c0848ef49bc39f2320e412befa59ca12b93cd952ccc2c21f1725f910f7,27262,3,54524,asset-review/characters/walk_alternate/npc_merchant_up.png,review-or-quarantine,review-required; not-authorized-for-deletion
DUP-0286,2c5bb3c0848ef49bc39f2320e412befa59ca12b93cd952ccc2c21f1725f910f7,27262,3,54524,asset-review/characters/walk_alternate/npc_merchant_up_left.png,review-or-quarantine,review-required; not-authorized-for-deletion
DUP-0286,2c5bb3c0848ef49bc39f2320e412befa59ca12b93cd952ccc2c21f1725f910f7,27262,3,54524,asset-review/characters/walk_alternate/npc_merchant_up_right.png,review-or-quarantine,review-required; not-authorized-for-deletion
DUP-0287,e018ad414e5c9e4fbfc72f12ac22f77e107048b00746c193d2612ce22cc9046e,27191,3,54382,asset-review/characters/walk_alternate/npc_merchant_down.png,review-or-quarantine,review-required; not-authorized-for-deletion
DUP-0287,e018ad414e5c9e4fbfc72f12ac22f77e107048b00746c193d2612ce22cc9046e,27191,3,54382,asset-review/characters/walk_alternate/npc_merchant_down_left.png,review-or-quarantine,review-required; not-authorized-for-deletion
DUP-0287,e018ad414e5c9e4fbfc72f12ac22f77e107048b00746c193d2612ce22cc9046e,27191,3,54382,asset-review/characters/walk_alternate/npc_merchant_down_right.png,review-or-quarantine,review-required; not-authorized-for-deletion
DUP-0288,251963fcd4c2d38211fa820242c2f5ded754059f1a1e5749c313452005d4640d,54297,2,54297,Java/assets/npcs/regional/npc_regional_north_scholar_m_model.png,runtime-folder-candidate,review-required; not-authorized-for-deletion
DUP-0288,251963fcd4c2d38211fa820242c2f5ded754059f1a1e5749c313452005d4640d,54297,2,54297,Java/assets/npcs/regional/npc_regional_north_scholar_m_model_down.png,runtime-folder-candidate,review-required; not-authorized-for-deletion
DUP-0289,8bb08903c8be379ce4cdf529a1c6cafa532201ba473b973c879502b2de24f7d0,27009,3,54018,asset-review/characters/walk_alternate/npc_torin_up.png,review-or-quarantine,review-required; not-authorized-for-deletion
DUP-0289,8bb08903c8be379ce4cdf529a1c6cafa532201ba473b973c879502b2de24f7d0,27009,3,54018,asset-review/characters/walk_alternate/npc_torin_up_left.png,review-or-quarantine,review-required; not-authorized-for-deletion
DUP-0289,8bb08903c8be379ce4cdf529a1c6cafa532201ba473b973c879502b2de24f7d0,27009,3,54018,asset-review/characters/walk_alternate/npc_torin_up_right.png,review-or-quarantine,review-required; not-authorized-for-deletion
DUP-0290,3390342d54017f76a6ea31ab2158414fd730b473d3b3757d6c4a9c71212e38db,26947,3,53894,asset-review/characters/walk_alternate/npc_liora_down.png,review-or-quarantine,review-required; not-authorized-for-deletion
DUP-0290,3390342d54017f76a6ea31ab2158414fd730b473d3b3757d6c4a9c71212e38db,26947,3,53894,asset-review/characters/walk_alternate/npc_liora_down_left.png,review-or-quarantine,review-required; not-authorized-for-deletion
DUP-0290,3390342d54017f76a6ea31ab2158414fd730b473d3b3757d6c4a9c71212e38db,26947,3,53894,asset-review/characters/walk_alternate/npc_liora_down_right.png,review-or-quarantine,review-required; not-authorized-for-deletion
DUP-0291,4f56ec46d65cbdb748aa1559555c72df81d6264326bb08c8a41cec44fca4a0b2,26824,3,53648,asset-review/characters/walk_alternate/npc_torin_down.png,review-or-quarantine,review-required; not-authorized-for-deletion
DUP-0291,4f56ec46d65cbdb748aa1559555c72df81d6264326bb08c8a41cec44fca4a0b2,26824,3,53648,asset-review/characters/walk_alternate/npc_torin_down_left.png,review-or-quarantine,review-required; not-authorized-for-deletion
DUP-0291,4f56ec46d65cbdb748aa1559555c72df81d6264326bb08c8a41cec44fca4a0b2,26824,3,53648,asset-review/characters/walk_alternate/npc_torin_down_right.png,review-or-quarantine,review-required; not-authorized-for-deletion
DUP-0292,933575c8bb9be564684e476950ddbc0d276148a23a402060533e4c0b236a4bf8,53594,2,53594,Java/assets/npcs/regional/npc_regional_desert_healer_m_model.png,runtime-folder-candidate,review-required; not-authorized-for-deletion
DUP-0292,933575c8bb9be564684e476950ddbc0d276148a23a402060533e4c0b236a4bf8,53594,2,53594,Java/assets/npcs/regional/npc_regional_desert_healer_m_model_down.png,runtime-folder-candidate,review-required; not-authorized-for-deletion
DUP-0293,70fce32ab97b2254b095b238a1dca1cfc1131ceedfce679d60a1488bdd6b2298,26698,3,53396,asset-review/characters/walk_alternate/npc_vexa_up.png,review-or-quarantine,review-required; not-authorized-for-deletion
DUP-0293,70fce32ab97b2254b095b238a1dca1cfc1131ceedfce679d60a1488bdd6b2298,26698,3,53396,asset-review/characters/walk_alternate/npc_vexa_up_left.png,review-or-quarantine,review-required; not-authorized-for-deletion
DUP-0293,70fce32ab97b2254b095b238a1dca1cfc1131ceedfce679d60a1488bdd6b2298,26698,3,53396,asset-review/characters/walk_alternate/npc_vexa_up_right.png,review-or-quarantine,review-required; not-authorized-for-deletion
DUP-0294,16741bff7abe7f1bdd26d10d630489861261f949dd1d422850c8b3072c8c8108,26623,3,53246,asset-review/characters/walk_alternate/npc_citizen_woman_up.png,review-or-quarantine,review-required; not-authorized-for-deletion
DUP-0294,16741bff7abe7f1bdd26d10d630489861261f949dd1d422850c8b3072c8c8108,26623,3,53246,asset-review/characters/walk_alternate/npc_citizen_woman_up_left.png,review-or-quarantine,review-required; not-authorized-for-deletion
DUP-0294,16741bff7abe7f1bdd26d10d630489861261f949dd1d422850c8b3072c8c8108,26623,3,53246,asset-review/characters/walk_alternate/npc_citizen_woman_up_right.png,review-or-quarantine,review-required; not-authorized-for-deletion
DUP-0295,34d95a8ed022d2aa315942e6786fc2ed15b32a0a04f7d822675c65e11f1cff72,53160,2,53160,Java/assets/interiors/interior_bookshelf.png,runtime-folder-candidate,review-required; not-authorized-for-deletion
DUP-0295,34d95a8ed022d2aa315942e6786fc2ed15b32a0a04f7d822675c65e11f1cff72,53160,2,53160,asset-review/household-expansion/candidates/household/bookshelf.png,review-or-quarantine,review-required; not-authorized-for-deletion
DUP-0296,a4b16e99ae2c166d646412c093756de5af0ea4be8f318b07f4ef6367e4950021,52830,2,52830,Java/assets/npcs/regional/npc_regional_highland_guard_f_model.png,runtime-folder-candidate,review-required; not-authorized-for-deletion
DUP-0296,a4b16e99ae2c166d646412c093756de5af0ea4be8f318b07f4ef6367e4950021,52830,2,52830,Java/assets/npcs/regional/npc_regional_highland_guard_f_model_down.png,runtime-folder-candidate,review-required; not-authorized-for-deletion
DUP-0297,ca07ceca4caae6e896112fc06eb8acbae8e172e5688b43f7195fc83f6473cd95,26348,3,52696,asset-review/characters/walk_alternate/npc_liora_up.png,review-or-quarantine,review-required; not-authorized-for-deletion
DUP-0297,ca07ceca4caae6e896112fc06eb8acbae8e172e5688b43f7195fc83f6473cd95,26348,3,52696,asset-review/characters/walk_alternate/npc_liora_up_left.png,review-or-quarantine,review-required; not-authorized-for-deletion
DUP-0297,ca07ceca4caae6e896112fc06eb8acbae8e172e5688b43f7195fc83f6473cd95,26348,3,52696,asset-review/characters/walk_alternate/npc_liora_up_right.png,review-or-quarantine,review-required; not-authorized-for-deletion
DUP-0298,015981ab2859b6b141ecfc60e5956fe2c95dfcef808da4bccaa4f2b9f114f6a7,52647,2,52647,asset-review/files/Java/assets/deco/deco_bog_grass.png,review-or-quarantine,review-required; not-authorized-for-deletion
DUP-0298,015981ab2859b6b141ecfc60e5956fe2c95dfcef808da4bccaa4f2b9f114f6a7,52647,2,52647,asset-review/flora-refresh/before/deco/deco_soft_dense_marsh_grass.png,review-or-quarantine,review-required; not-authorized-for-deletion
DUP-0299,65096e193cf20ec1ccf87296a345ff4f9538406d2ec18111d591d0e2fef1e7ce,26190,3,52380,asset-review/characters/walk_alternate/npc_ren_up.png,review-or-quarantine,review-required; not-authorized-for-deletion
DUP-0299,65096e193cf20ec1ccf87296a345ff4f9538406d2ec18111d591d0e2fef1e7ce,26190,3,52380,asset-review/characters/walk_alternate/npc_ren_up_left.png,review-or-quarantine,review-required; not-authorized-for-deletion
DUP-0299,65096e193cf20ec1ccf87296a345ff4f9538406d2ec18111d591d0e2fef1e7ce,26190,3,52380,asset-review/characters/walk_alternate/npc_ren_up_right.png,review-or-quarantine,review-required; not-authorized-for-deletion
DUP-0300,c6e04e5f4984e4b38677bee089eee9883c4511f2d743824bbebf773cc15a7a73,25987,3,51974,asset-review/characters/walk_articulated/npc_torin_up.png,review-or-quarantine,review-required; not-authorized-for-deletion
DUP-0300,c6e04e5f4984e4b38677bee089eee9883c4511f2d743824bbebf773cc15a7a73,25987,3,51974,asset-review/characters/walk_articulated/npc_torin_up_left.png,review-or-quarantine,review-required; not-authorized-for-deletion
DUP-0300,c6e04e5f4984e4b38677bee089eee9883c4511f2d743824bbebf773cc15a7a73,25987,3,51974,asset-review/characters/walk_articulated/npc_torin_up_right.png,review-or-quarantine,review-required; not-authorized-for-deletion
DUP-0301,baeef2c25510faa313564b82c75ff924079776aa931fb2b56a3a6cf19dbcb10e,25982,3,51964,asset-review/characters/walk_alternate/npc_citizen_woman_down.png,review-or-quarantine,review-required; not-authorized-for-deletion
DUP-0301,baeef2c25510faa313564b82c75ff924079776aa931fb2b56a3a6cf19dbcb10e,25982,3,51964,asset-review/characters/walk_alternate/npc_citizen_woman_down_left.png,review-or-quarantine,review-required; not-authorized-for-deletion
DUP-0301,baeef2c25510faa313564b82c75ff924079776aa931fb2b56a3a6cf19dbcb10e,25982,3,51964,asset-review/characters/walk_alternate/npc_citizen_woman_down_right.png,review-or-quarantine,review-required; not-authorized-for-deletion
DUP-0302,c31835d0baa386df37ac1e85a8901bc565db3557544832c902269e3b5f4c5f22,25948,3,51896,asset-review/characters/walk_alternate/npc_story_vaelthara_down.png,review-or-quarantine,review-required; not-authorized-for-deletion
DUP-0302,c31835d0baa386df37ac1e85a8901bc565db3557544832c902269e3b5f4c5f22,25948,3,51896,asset-review/characters/walk_alternate/npc_story_vaelthara_down_left.png,review-or-quarantine,review-required; not-authorized-for-deletion
DUP-0302,c31835d0baa386df37ac1e85a8901bc565db3557544832c902269e3b5f4c5f22,25948,3,51896,asset-review/characters/walk_alternate/npc_story_vaelthara_down_right.png,review-or-quarantine,review-required; not-authorized-for-deletion
DUP-0303,db6282904ea27c98ae2faa9660a8be260276f38828bf8a97cd827946def3d137,51880,2,51880,Java/assets/npcs/regional/npc_regional_north_trader_m_model.png,runtime-folder-candidate,review-required; not-authorized-for-deletion
DUP-0303,db6282904ea27c98ae2faa9660a8be260276f38828bf8a97cd827946def3d137,51880,2,51880,Java/assets/npcs/regional/npc_regional_north_trader_m_model_down.png,runtime-folder-candidate,review-required; not-authorized-for-deletion
DUP-0304,d45112e8a516053d079d506b6a655437dea687f64d7e04c6a296007638a3b530,17277,4,51831,Java/assets/npcs/npc_rowan_model.png,runtime-folder-candidate,review-required; not-authorized-for-deletion
DUP-0304,d45112e8a516053d079d506b6a655437dea687f64d7e04c6a296007638a3b530,17277,4,51831,Java/assets/npcs/npc_rowan_model_down.png,runtime-folder-candidate,review-required; not-authorized-for-deletion
DUP-0304,d45112e8a516053d079d506b6a655437dea687f64d7e04c6a296007638a3b530,17277,4,51831,asset-review/2026-09-22-npcs/before/Java/assets/npcs/npc_rowan_model.png,review-or-quarantine,review-required; not-authorized-for-deletion
DUP-0304,d45112e8a516053d079d506b6a655437dea687f64d7e04c6a296007638a3b530,17277,4,51831,asset-review/2026-09-22-npcs/before/Java/assets/npcs/npc_rowan_model_down.png,review-or-quarantine,review-required; not-authorized-for-deletion
DUP-0305,e6c591e69b649df88e0b59db5115be07ebdd1a3b728af48564c21aee367bb641,25894,3,51788,asset-review/characters/walk_articulated/npc_torin_down.png,review-or-quarantine,review-required; not-authorized-for-deletion
DUP-0305,e6c591e69b649df88e0b59db5115be07ebdd1a3b728af48564c21aee367bb641,25894,3,51788,asset-review/characters/walk_articulated/npc_torin_down_left.png,review-or-quarantine,review-required; not-authorized-for-deletion
DUP-0305,e6c591e69b649df88e0b59db5115be07ebdd1a3b728af48564c21aee367bb641,25894,3,51788,asset-review/characters/walk_articulated/npc_torin_down_right.png,review-or-quarantine,review-required; not-authorized-for-deletion
DUP-0306,4058e0ac117a1f037a6839567e7dcf7d394e1dab5815922cbb50416854ed66cf,51763,2,51763,Java/assets/npcs/regional/npc_regional_highland_healer_m_model.png,runtime-folder-candidate,review-required; not-authorized-for-deletion
DUP-0306,4058e0ac117a1f037a6839567e7dcf7d394e1dab5815922cbb50416854ed66cf,51763,2,51763,Java/assets/npcs/regional/npc_regional_highland_healer_m_model_down.png,runtime-folder-candidate,review-required; not-authorized-for-deletion
DUP-0307,163ad171af5c9ca914223bbf4e3eaa122d144cb1a05282811a2ceb9093232d6f,25846,3,51692,asset-review/characters/walk_alternate/npc_story_elder_rowan_down.png,review-or-quarantine,review-required; not-authorized-for-deletion
DUP-0307,163ad171af5c9ca914223bbf4e3eaa122d144cb1a05282811a2ceb9093232d6f,25846,3,51692,asset-review/characters/walk_alternate/npc_story_elder_rowan_down_left.png,review-or-quarantine,review-required; not-authorized-for-deletion
DUP-0307,163ad171af5c9ca914223bbf4e3eaa122d144cb1a05282811a2ceb9093232d6f,25846,3,51692,asset-review/characters/walk_alternate/npc_story_elder_rowan_down_right.png,review-or-quarantine,review-required; not-authorized-for-deletion
DUP-0308,5bd114a5e5f3ed1e3d997a4947e0bfa10a44d69673907324b90b7aea25a04c60,17159,4,51477,Java/assets/npcs/npc_vexa_model.png,runtime-folder-candidate,review-required; not-authorized-for-deletion
DUP-0308,5bd114a5e5f3ed1e3d997a4947e0bfa10a44d69673907324b90b7aea25a04c60,17159,4,51477,Java/assets/npcs/npc_vexa_model_down.png,runtime-folder-candidate,review-required; not-authorized-for-deletion
DUP-0308,5bd114a5e5f3ed1e3d997a4947e0bfa10a44d69673907324b90b7aea25a04c60,17159,4,51477,asset-review/2026-09-22-npcs/before/Java/assets/npcs/npc_vexa_model.png,review-or-quarantine,review-required; not-authorized-for-deletion
DUP-0308,5bd114a5e5f3ed1e3d997a4947e0bfa10a44d69673907324b90b7aea25a04c60,17159,4,51477,asset-review/2026-09-22-npcs/before/Java/assets/npcs/npc_vexa_model_down.png,review-or-quarantine,review-required; not-authorized-for-deletion
DUP-0309,1c49f303a0cb3e8084dd97a45b7c1ddf3cdab9ad08cbf8ba624efa222f069a85,25689,3,51378,asset-review/characters/walk_alternate/npc_story_solari_down.png,review-or-quarantine,review-required; not-authorized-for-deletion
DUP-0309,1c49f303a0cb3e8084dd97a45b7c1ddf3cdab9ad08cbf8ba624efa222f069a85,25689,3,51378,asset-review/characters/walk_alternate/npc_story_solari_down_left.png,review-or-quarantine,review-required; not-authorized-for-deletion
DUP-0309,1c49f303a0cb3e8084dd97a45b7c1ddf3cdab9ad08cbf8ba624efa222f069a85,25689,3,51378,asset-review/characters/walk_alternate/npc_story_solari_down_right.png,review-or-quarantine,review-required; not-authorized-for-deletion
DUP-0310,e3e879c2f62d51e8d5614cf0ffd15d44ccd93a2f50839ea0c1037091e689075d,51278,2,51278,Java/assets/npcs/regional/npc_regional_temperate_healer_m_model.png,runtime-folder-candidate,review-required; not-authorized-for-deletion
DUP-0310,e3e879c2f62d51e8d5614cf0ffd15d44ccd93a2f50839ea0c1037091e689075d,51278,2,51278,Java/assets/npcs/regional/npc_regional_temperate_healer_m_model_down.png,runtime-folder-candidate,review-required; not-authorized-for-deletion
DUP-0311,f987b4bbd0c0cfedc5c0cc92c0b5c20ca208e3a71187caa88fcc5c3ad55ef4c0,17091,4,51273,Java/assets/npcs/npc_mira_sunwarden_model.png,runtime-folder-candidate,review-required; not-authorized-for-deletion
DUP-0311,f987b4bbd0c0cfedc5c0cc92c0b5c20ca208e3a71187caa88fcc5c3ad55ef4c0,17091,4,51273,Java/assets/npcs/npc_mira_sunwarden_model_down.png,runtime-folder-candidate,review-required; not-authorized-for-deletion
DUP-0311,f987b4bbd0c0cfedc5c0cc92c0b5c20ca208e3a71187caa88fcc5c3ad55ef4c0,17091,4,51273,asset-review/2026-09-22-npcs/before/Java/assets/npcs/npc_mira_sunwarden_model.png,review-or-quarantine,review-required; not-authorized-for-deletion
DUP-0311,f987b4bbd0c0cfedc5c0cc92c0b5c20ca208e3a71187caa88fcc5c3ad55ef4c0,17091,4,51273,asset-review/2026-09-22-npcs/before/Java/assets/npcs/npc_mira_sunwarden_model_down.png,review-or-quarantine,review-required; not-authorized-for-deletion
DUP-0312,924faf3870f3781c86bc43b3c3e2a70fca45ac8032b8a2713c6493ffa5ccfb1c,51118,2,51118,Java/assets/npcs/regional/npc_regional_north_healer_m_model.png,runtime-folder-candidate,review-required; not-authorized-for-deletion
DUP-0312,924faf3870f3781c86bc43b3c3e2a70fca45ac8032b8a2713c6493ffa5ccfb1c,51118,2,51118,Java/assets/npcs/regional/npc_regional_north_healer_m_model_down.png,runtime-folder-candidate,review-required; not-authorized-for-deletion
DUP-0313,5af1232dbac77149f0defd832cbd6f3fe49e5bba112731d078c0b822883f11d6,25545,3,51090,asset-review/characters/walk_alternate/npc_story_solari_up.png,review-or-quarantine,review-required; not-authorized-for-deletion
DUP-0313,5af1232dbac77149f0defd832cbd6f3fe49e5bba112731d078c0b822883f11d6,25545,3,51090,asset-review/characters/walk_alternate/npc_story_solari_up_left.png,review-or-quarantine,review-required; not-authorized-for-deletion
DUP-0313,5af1232dbac77149f0defd832cbd6f3fe49e5bba112731d078c0b822883f11d6,25545,3,51090,asset-review/characters/walk_alternate/npc_story_solari_up_right.png,review-or-quarantine,review-required; not-authorized-for-deletion
DUP-0314,9dc2482be98e15916313017990dd261be882a4743dc5a272d881bc2c4335b882,25529,3,51058,asset-review/characters/walk_alternate/npc_story_elder_rowan_up.png,review-or-quarantine,review-required; not-authorized-for-deletion
DUP-0314,9dc2482be98e15916313017990dd261be882a4743dc5a272d881bc2c4335b882,25529,3,51058,asset-review/characters/walk_alternate/npc_story_elder_rowan_up_left.png,review-or-quarantine,review-required; not-authorized-for-deletion
DUP-0314,9dc2482be98e15916313017990dd261be882a4743dc5a272d881bc2c4335b882,25529,3,51058,asset-review/characters/walk_alternate/npc_story_elder_rowan_up_right.png,review-or-quarantine,review-required; not-authorized-for-deletion
DUP-0315,32ffdb67ea5dd8980cfa5e1e1aa74a55f7aa0c46d985af043a2571cd5bf22455,50957,2,50957,Java/assets/npcs/regional/npc_regional_marsh_healer_m_model.png,runtime-folder-candidate,review-required; not-authorized-for-deletion
DUP-0315,32ffdb67ea5dd8980cfa5e1e1aa74a55f7aa0c46d985af043a2571cd5bf22455,50957,2,50957,Java/assets/npcs/regional/npc_regional_marsh_healer_m_model_down.png,runtime-folder-candidate,review-required; not-authorized-for-deletion
DUP-0316,eb2f7b500c81c5347e21976b5c3232eab23fce90ff36ee982128c99255803837,25460,3,50920,asset-review/characters/walk_articulated/npc_vexa_down.png,review-or-quarantine,review-required; not-authorized-for-deletion
DUP-0316,eb2f7b500c81c5347e21976b5c3232eab23fce90ff36ee982128c99255803837,25460,3,50920,asset-review/characters/walk_articulated/npc_vexa_down_left.png,review-or-quarantine,review-required; not-authorized-for-deletion
DUP-0316,eb2f7b500c81c5347e21976b5c3232eab23fce90ff36ee982128c99255803837,25460,3,50920,asset-review/characters/walk_articulated/npc_vexa_down_right.png,review-or-quarantine,review-required; not-authorized-for-deletion
DUP-0317,f1c8ddde0a2cd007fe16a801d1934f9466f5cabf686026da4a8c9126edfae07b,50860,2,50860,Java/assets/npcs/regional/npc_regional_desert_scholar_m_model.png,runtime-folder-candidate,review-required; not-authorized-for-deletion
DUP-0317,f1c8ddde0a2cd007fe16a801d1934f9466f5cabf686026da4a8c9126edfae07b,50860,2,50860,Java/assets/npcs/regional/npc_regional_desert_scholar_m_model_down.png,runtime-folder-candidate,review-required; not-authorized-for-deletion
DUP-0318,88691336ca8a31465bcfc794887f32512f98e633ca17a080cdef32359137b940,25389,3,50778,asset-review/characters/walk_articulated/npc_blacksmith_down.png,review-or-quarantine,review-required; not-authorized-for-deletion
DUP-0318,88691336ca8a31465bcfc794887f32512f98e633ca17a080cdef32359137b940,25389,3,50778,asset-review/characters/walk_articulated/npc_blacksmith_down_left.png,review-or-quarantine,review-required; not-authorized-for-deletion
DUP-0318,88691336ca8a31465bcfc794887f32512f98e633ca17a080cdef32359137b940,25389,3,50778,asset-review/characters/walk_articulated/npc_blacksmith_down_right.png,review-or-quarantine,review-required; not-authorized-for-deletion
DUP-0319,997ae4fa68f9a46367461d5c18d03434a5fdd3a0e4850c69de0f5bca488e8dd3,25388,3,50776,asset-review/characters/walk_alternate/npc_story_vaelthara_up.png,review-or-quarantine,review-required; not-authorized-for-deletion
DUP-0319,997ae4fa68f9a46367461d5c18d03434a5fdd3a0e4850c69de0f5bca488e8dd3,25388,3,50776,asset-review/characters/walk_alternate/npc_story_vaelthara_up_left.png,review-or-quarantine,review-required; not-authorized-for-deletion
DUP-0319,997ae4fa68f9a46367461d5c18d03434a5fdd3a0e4850c69de0f5bca488e8dd3,25388,3,50776,asset-review/characters/walk_alternate/npc_story_vaelthara_up_right.png,review-or-quarantine,review-required; not-authorized-for-deletion
DUP-0320,f41d04ddffaef3c81a851533bc27dd63d36242a000a92b6a6278615945a7ad91,16880,4,50640,Java/assets/npcs/npc_citizen_woman_model.png,runtime-folder-candidate,review-required; not-authorized-for-deletion
DUP-0320,f41d04ddffaef3c81a851533bc27dd63d36242a000a92b6a6278615945a7ad91,16880,4,50640,Java/assets/npcs/npc_citizen_woman_model_down.png,runtime-folder-candidate,review-required; not-authorized-for-deletion
DUP-0320,f41d04ddffaef3c81a851533bc27dd63d36242a000a92b6a6278615945a7ad91,16880,4,50640,asset-review/2026-09-22-npcs/candidates/Java/assets/npcs/npc_citizen_woman_model.png,review-or-quarantine,review-required; not-authorized-for-deletion
DUP-0320,f41d04ddffaef3c81a851533bc27dd63d36242a000a92b6a6278615945a7ad91,16880,4,50640,asset-review/2026-09-22-npcs/candidates/Java/assets/npcs/npc_citizen_woman_model_down.png,review-or-quarantine,review-required; not-authorized-for-deletion
DUP-0321,a797533eba02adce9437dae5ad3eb21c6046e894bc2ab749d2b15866cd03cecb,50562,2,50562,Java/assets/npcs/regional/npc_regional_temperate_scholar_m_model.png,runtime-folder-candidate,review-required; not-authorized-for-deletion
DUP-0321,a797533eba02adce9437dae5ad3eb21c6046e894bc2ab749d2b15866cd03cecb,50562,2,50562,Java/assets/npcs/regional/npc_regional_temperate_scholar_m_model_down.png,runtime-folder-candidate,review-required; not-authorized-for-deletion
DUP-0322,9e2e36c197a9f2fa4aea024f9710e39df3c7d8f75f2832f75efce49d5000273c,25212,3,50424,asset-review/characters/walk_articulated/npc_vexa_up.png,review-or-quarantine,review-required; not-authorized-for-deletion
DUP-0322,9e2e36c197a9f2fa4aea024f9710e39df3c7d8f75f2832f75efce49d5000273c,25212,3,50424,asset-review/characters/walk_articulated/npc_vexa_up_left.png,review-or-quarantine,review-required; not-authorized-for-deletion
DUP-0322,9e2e36c197a9f2fa4aea024f9710e39df3c7d8f75f2832f75efce49d5000273c,25212,3,50424,asset-review/characters/walk_articulated/npc_vexa_up_right.png,review-or-quarantine,review-required; not-authorized-for-deletion
DUP-0323,472bc4c0a9b55eb2ebd896f3a087a786d5f33d3ea201cc26b810d7d1fe09dfc3,25174,3,50348,asset-review/characters/walk_articulated/npc_merchant_down.png,review-or-quarantine,review-required; not-authorized-for-deletion
DUP-0323,472bc4c0a9b55eb2ebd896f3a087a786d5f33d3ea201cc26b810d7d1fe09dfc3,25174,3,50348,asset-review/characters/walk_articulated/npc_merchant_down_left.png,review-or-quarantine,review-required; not-authorized-for-deletion
DUP-0323,472bc4c0a9b55eb2ebd896f3a087a786d5f33d3ea201cc26b810d7d1fe09dfc3,25174,3,50348,asset-review/characters/walk_articulated/npc_merchant_down_right.png,review-or-quarantine,review-required; not-authorized-for-deletion
DUP-0324,dbdcdb184fd02f14095673a15017e36c7c4af13d915ad1de9fe7ccf4011abf27,50160,2,50160,Java/assets/npcs/regional/npc_regional_marsh_scholar_m_model.png,runtime-folder-candidate,review-required; not-authorized-for-deletion
DUP-0324,dbdcdb184fd02f14095673a15017e36c7c4af13d915ad1de9fe7ccf4011abf27,50160,2,50160,Java/assets/npcs/regional/npc_regional_marsh_scholar_m_model_down.png,runtime-folder-candidate,review-required; not-authorized-for-deletion
DUP-0325,ffbf00354a9ef9c067ef9128b3551a3d3826323ae50064c5fc3c69bd8ed08274,50113,2,50113,Java/assets/npcs/regional/npc_regional_marsh_trader_m_model.png,runtime-folder-candidate,review-required; not-authorized-for-deletion
DUP-0325,ffbf00354a9ef9c067ef9128b3551a3d3826323ae50064c5fc3c69bd8ed08274,50113,2,50113,Java/assets/npcs/regional/npc_regional_marsh_trader_m_model_down.png,runtime-folder-candidate,review-required; not-authorized-for-deletion
DUP-0326,f1f318745aec0f30605c7038bbaadb0da55f7193df05146ff186d71b3de54923,50063,2,50063,Java/assets/npcs/regional/npc_regional_temperate_noble_m_model.png,runtime-folder-candidate,review-required; not-authorized-for-deletion
DUP-0326,f1f318745aec0f30605c7038bbaadb0da55f7193df05146ff186d71b3de54923,50063,2,50063,Java/assets/npcs/regional/npc_regional_temperate_noble_m_model_down.png,runtime-folder-candidate,review-required; not-authorized-for-deletion
DUP-0327,d6d133d96982817d320ff5f95043d62e6b9c7a6ac0c13debd9525bdf37551b70,50061,2,50061,Java/assets/interiors/props/household/interior_crockery_cupboard.png,runtime-folder-candidate,review-required; not-authorized-for-deletion
DUP-0327,d6d133d96982817d320ff5f95043d62e6b9c7a6ac0c13debd9525bdf37551b70,50061,2,50061,asset-review/household-expansion/candidates/household/crockery_cupboard.png,review-or-quarantine,review-required; not-authorized-for-deletion
DUP-0328,18652dbe2c9608c2a504c02d39e29532457d4d4e0180ae22ee1cd7dec5f56267,50021,2,50021,Java/assets/npcs/regional/npc_regional_temperate_guard_f_model.png,runtime-folder-candidate,review-required; not-authorized-for-deletion
DUP-0328,18652dbe2c9608c2a504c02d39e29532457d4d4e0180ae22ee1cd7dec5f56267,50021,2,50021,Java/assets/npcs/regional/npc_regional_temperate_guard_f_model_down.png,runtime-folder-candidate,review-required; not-authorized-for-deletion
DUP-0329,049ae3c3917b748e4ac51b030f6dd556be1796ef4207224d9c1f2a580326bbbf,24993,3,49986,asset-review/characters/walk_alternate/npc_story_captain_elric_snowrest_down.png,review-or-quarantine,review-required; not-authorized-for-deletion
DUP-0329,049ae3c3917b748e4ac51b030f6dd556be1796ef4207224d9c1f2a580326bbbf,24993,3,49986,asset-review/characters/walk_alternate/npc_story_captain_elric_snowrest_down_left.png,review-or-quarantine,review-required; not-authorized-for-deletion
DUP-0329,049ae3c3917b748e4ac51b030f6dd556be1796ef4207224d9c1f2a580326bbbf,24993,3,49986,asset-review/characters/walk_alternate/npc_story_captain_elric_snowrest_down_right.png,review-or-quarantine,review-required; not-authorized-for-deletion
DUP-0330,b9317ac06eb11ee8ecb17f0fb203c8d0ae1cd30862e3f33b87fd27f05eb23368,16651,4,49953,Java/assets/npcs/npc_torin_model.png,runtime-folder-candidate,review-required; not-authorized-for-deletion
DUP-0330,b9317ac06eb11ee8ecb17f0fb203c8d0ae1cd30862e3f33b87fd27f05eb23368,16651,4,49953,Java/assets/npcs/npc_torin_model_down.png,runtime-folder-candidate,review-required; not-authorized-for-deletion
DUP-0330,b9317ac06eb11ee8ecb17f0fb203c8d0ae1cd30862e3f33b87fd27f05eb23368,16651,4,49953,asset-review/2026-09-22-npcs/before/Java/assets/npcs/npc_torin_model.png,review-or-quarantine,review-required; not-authorized-for-deletion
DUP-0330,b9317ac06eb11ee8ecb17f0fb203c8d0ae1cd30862e3f33b87fd27f05eb23368,16651,4,49953,asset-review/2026-09-22-npcs/before/Java/assets/npcs/npc_torin_model_down.png,review-or-quarantine,review-required; not-authorized-for-deletion
DUP-0331,c4d606ee7486f97d4e481beb98cae4b30872354ba6b4cb025c454be3b1e23832,24881,3,49762,asset-review/characters/walk_alternate/npc_story_captain_elric_snowrest_up.png,review-or-quarantine,review-required; not-authorized-for-deletion
DUP-0331,c4d606ee7486f97d4e481beb98cae4b30872354ba6b4cb025c454be3b1e23832,24881,3,49762,asset-review/characters/walk_alternate/npc_story_captain_elric_snowrest_up_left.png,review-or-quarantine,review-required; not-authorized-for-deletion
DUP-0331,c4d606ee7486f97d4e481beb98cae4b30872354ba6b4cb025c454be3b1e23832,24881,3,49762,asset-review/characters/walk_alternate/npc_story_captain_elric_snowrest_up_right.png,review-or-quarantine,review-required; not-authorized-for-deletion
DUP-0332,40d84e1c00dbf7f5353ef362281b4a987ab58678d38a2510c6cdace8af838f0a,24802,3,49604,asset-review/characters/walk_articulated/npc_liora_down.png,review-or-quarantine,review-required; not-authorized-for-deletion
DUP-0332,40d84e1c00dbf7f5353ef362281b4a987ab58678d38a2510c6cdace8af838f0a,24802,3,49604,asset-review/characters/walk_articulated/npc_liora_down_left.png,review-or-quarantine,review-required; not-authorized-for-deletion
DUP-0332,40d84e1c00dbf7f5353ef362281b4a987ab58678d38a2510c6cdace8af838f0a,24802,3,49604,asset-review/characters/walk_articulated/npc_liora_down_right.png,review-or-quarantine,review-required; not-authorized-for-deletion
DUP-0333,e5fb9a1ca3ddc324897254a97128648c92c7f117248ab8d73e8d35c0ef877498,24777,3,49554,asset-review/characters/walk_alternate/npc_sable_down.png,review-or-quarantine,review-required; not-authorized-for-deletion
DUP-0333,e5fb9a1ca3ddc324897254a97128648c92c7f117248ab8d73e8d35c0ef877498,24777,3,49554,asset-review/characters/walk_alternate/npc_sable_down_left.png,review-or-quarantine,review-required; not-authorized-for-deletion
DUP-0333,e5fb9a1ca3ddc324897254a97128648c92c7f117248ab8d73e8d35c0ef877498,24777,3,49554,asset-review/characters/walk_alternate/npc_sable_down_right.png,review-or-quarantine,review-required; not-authorized-for-deletion
DUP-0334,d9e9adb34ebf939780247768fa42e18cd6b218b3d5effb88765e27d36aeb2a9c,16510,4,49530,Java/assets/npcs/npc_marla_model.png,runtime-folder-candidate,review-required; not-authorized-for-deletion
DUP-0334,d9e9adb34ebf939780247768fa42e18cd6b218b3d5effb88765e27d36aeb2a9c,16510,4,49530,Java/assets/npcs/npc_marla_model_down.png,runtime-folder-candidate,review-required; not-authorized-for-deletion
DUP-0334,d9e9adb34ebf939780247768fa42e18cd6b218b3d5effb88765e27d36aeb2a9c,16510,4,49530,asset-review/2026-09-22-npcs/before/Java/assets/npcs/npc_marla_model.png,review-or-quarantine,review-required; not-authorized-for-deletion
DUP-0334,d9e9adb34ebf939780247768fa42e18cd6b218b3d5effb88765e27d36aeb2a9c,16510,4,49530,asset-review/2026-09-22-npcs/before/Java/assets/npcs/npc_marla_model_down.png,review-or-quarantine,review-required; not-authorized-for-deletion
DUP-0335,485414bfb76c747d7504c7d1b51901c464dd7ddf41d7d156ecd54c887136bf36,24741,3,49482,asset-review/characters/walk_articulated/npc_bartender_down.png,review-or-quarantine,review-required; not-authorized-for-deletion
DUP-0335,485414bfb76c747d7504c7d1b51901c464dd7ddf41d7d156ecd54c887136bf36,24741,3,49482,asset-review/characters/walk_articulated/npc_bartender_down_left.png,review-or-quarantine,review-required; not-authorized-for-deletion
DUP-0335,485414bfb76c747d7504c7d1b51901c464dd7ddf41d7d156ecd54c887136bf36,24741,3,49482,asset-review/characters/walk_articulated/npc_bartender_down_right.png,review-or-quarantine,review-required; not-authorized-for-deletion
DUP-0336,8549abb4b7982ff87833a1f08443e355ca20c08e2db798635d03326ec5fb2271,24733,3,49466,asset-review/characters/walk_alternate/npc_story_odrick_down.png,review-or-quarantine,review-required; not-authorized-for-deletion
DUP-0336,8549abb4b7982ff87833a1f08443e355ca20c08e2db798635d03326ec5fb2271,24733,3,49466,asset-review/characters/walk_alternate/npc_story_odrick_down_left.png,review-or-quarantine,review-required; not-authorized-for-deletion
DUP-0336,8549abb4b7982ff87833a1f08443e355ca20c08e2db798635d03326ec5fb2271,24733,3,49466,asset-review/characters/walk_alternate/npc_story_odrick_down_right.png,review-or-quarantine,review-required; not-authorized-for-deletion
DUP-0337,8b6852f277dd135c29b8977824a676660c98e7f9775f919e1370ebff4b0e090e,24700,3,49400,asset-review/characters/walk_articulated/npc_bartender_up.png,review-or-quarantine,review-required; not-authorized-for-deletion
DUP-0337,8b6852f277dd135c29b8977824a676660c98e7f9775f919e1370ebff4b0e090e,24700,3,49400,asset-review/characters/walk_articulated/npc_bartender_up_left.png,review-or-quarantine,review-required; not-authorized-for-deletion
DUP-0337,8b6852f277dd135c29b8977824a676660c98e7f9775f919e1370ebff4b0e090e,24700,3,49400,asset-review/characters/walk_articulated/npc_bartender_up_right.png,review-or-quarantine,review-required; not-authorized-for-deletion
DUP-0338,e2a58ca25a38055f591ba840f33bd3c6a92c4b74dd225755361b99301e6d034b,24695,3,49390,asset-review/characters/walk_alternate/npc_kael_up.png,review-or-quarantine,review-required; not-authorized-for-deletion
DUP-0338,e2a58ca25a38055f591ba840f33bd3c6a92c4b74dd225755361b99301e6d034b,24695,3,49390,asset-review/characters/walk_alternate/npc_kael_up_left.png,review-or-quarantine,review-required; not-authorized-for-deletion
DUP-0338,e2a58ca25a38055f591ba840f33bd3c6a92c4b74dd225755361b99301e6d034b,24695,3,49390,asset-review/characters/walk_alternate/npc_kael_up_right.png,review-or-quarantine,review-required; not-authorized-for-deletion
DUP-0339,8c66f257c846e1f5e9f90aba2ca01f3bddd21b1ecc9ae23b9aded265f270909e,49170,2,49170,Java/assets/npcs/regional/npc_regional_highland_scholar_m_model.png,runtime-folder-candidate,review-required; not-authorized-for-deletion
DUP-0339,8c66f257c846e1f5e9f90aba2ca01f3bddd21b1ecc9ae23b9aded265f270909e,49170,2,49170,Java/assets/npcs/regional/npc_regional_highland_scholar_m_model_down.png,runtime-folder-candidate,review-required; not-authorized-for-deletion
DUP-0340,eec02c72904e7a22f3167ac23930418f8244cab8f302953a456a39f2bc7c9f8c,24574,3,49148,asset-review/characters/walk_alternate/npc_nyx_up.png,review-or-quarantine,review-required; not-authorized-for-deletion
DUP-0340,eec02c72904e7a22f3167ac23930418f8244cab8f302953a456a39f2bc7c9f8c,24574,3,49148,asset-review/characters/walk_alternate/npc_nyx_up_left.png,review-or-quarantine,review-required; not-authorized-for-deletion
DUP-0340,eec02c72904e7a22f3167ac23930418f8244cab8f302953a456a39f2bc7c9f8c,24574,3,49148,asset-review/characters/walk_alternate/npc_nyx_up_right.png,review-or-quarantine,review-required; not-authorized-for-deletion
DUP-0341,9b0164f86c8dc6111dfeacf475055f8733056a6e4d6fe085150e73ef55910461,24528,3,49056,asset-review/characters/walk_alternate/npc_baker_up.png,review-or-quarantine,review-required; not-authorized-for-deletion
DUP-0341,9b0164f86c8dc6111dfeacf475055f8733056a6e4d6fe085150e73ef55910461,24528,3,49056,asset-review/characters/walk_alternate/npc_baker_up_left.png,review-or-quarantine,review-required; not-authorized-for-deletion
DUP-0341,9b0164f86c8dc6111dfeacf475055f8733056a6e4d6fe085150e73ef55910461,24528,3,49056,asset-review/characters/walk_alternate/npc_baker_up_right.png,review-or-quarantine,review-required; not-authorized-for-deletion
DUP-0342,73d296aeb02007c2b4cca181a34bbe1f61472839aa8ec8497938e170d7efd6db,24404,3,48808,asset-review/characters/walk_alternate/npc_story_odrick_up.png,review-or-quarantine,review-required; not-authorized-for-deletion
DUP-0342,73d296aeb02007c2b4cca181a34bbe1f61472839aa8ec8497938e170d7efd6db,24404,3,48808,asset-review/characters/walk_alternate/npc_story_odrick_up_left.png,review-or-quarantine,review-required; not-authorized-for-deletion
DUP-0342,73d296aeb02007c2b4cca181a34bbe1f61472839aa8ec8497938e170d7efd6db,24404,3,48808,asset-review/characters/walk_alternate/npc_story_odrick_up_right.png,review-or-quarantine,review-required; not-authorized-for-deletion
DUP-0343,fbac9192b3a65c90139cf8316793cc8d9b9b579f8ee66db48ae1e80fc24554eb,48768,2,48768,Java/assets/npcs/regional/npc_regional_desert_trader_m_model.png,runtime-folder-candidate,review-required; not-authorized-for-deletion
DUP-0343,fbac9192b3a65c90139cf8316793cc8d9b9b579f8ee66db48ae1e80fc24554eb,48768,2,48768,Java/assets/npcs/regional/npc_regional_desert_trader_m_model_down.png,runtime-folder-candidate,review-required; not-authorized-for-deletion
DUP-0344,bfa836ba921e6f4a40cda9c705b2bc2715ac5535b5afb92f41384e698a5dc028,24375,3,48750,asset-review/characters/walk_alternate/npc_baker_down.png,review-or-quarantine,review-required; not-authorized-for-deletion
DUP-0344,bfa836ba921e6f4a40cda9c705b2bc2715ac5535b5afb92f41384e698a5dc028,24375,3,48750,asset-review/characters/walk_alternate/npc_baker_down_left.png,review-or-quarantine,review-required; not-authorized-for-deletion
DUP-0344,bfa836ba921e6f4a40cda9c705b2bc2715ac5535b5afb92f41384e698a5dc028,24375,3,48750,asset-review/characters/walk_alternate/npc_baker_down_right.png,review-or-quarantine,review-required; not-authorized-for-deletion
DUP-0345,ccc6559725256add5eba52971313e43da45ebe03736ef767ca03903b07724233,24341,3,48682,asset-review/characters/walk_alternate/npc_story_ysra_down.png,review-or-quarantine,review-required; not-authorized-for-deletion
DUP-0345,ccc6559725256add5eba52971313e43da45ebe03736ef767ca03903b07724233,24341,3,48682,asset-review/characters/walk_alternate/npc_story_ysra_down_left.png,review-or-quarantine,review-required; not-authorized-for-deletion
DUP-0345,ccc6559725256add5eba52971313e43da45ebe03736ef767ca03903b07724233,24341,3,48682,asset-review/characters/walk_alternate/npc_story_ysra_down_right.png,review-or-quarantine,review-required; not-authorized-for-deletion
DUP-0346,540b46ea235561c4b2f978532317e45854ae6d5a0715d53de4ee22a59276e942,24269,3,48538,asset-review/characters/walk_alternate/npc_citizen_man_up.png,review-or-quarantine,review-required; not-authorized-for-deletion
DUP-0346,540b46ea235561c4b2f978532317e45854ae6d5a0715d53de4ee22a59276e942,24269,3,48538,asset-review/characters/walk_alternate/npc_citizen_man_up_left.png,review-or-quarantine,review-required; not-authorized-for-deletion
DUP-0346,540b46ea235561c4b2f978532317e45854ae6d5a0715d53de4ee22a59276e942,24269,3,48538,asset-review/characters/walk_alternate/npc_citizen_man_up_right.png,review-or-quarantine,review-required; not-authorized-for-deletion
DUP-0347,309f1f1853a263db051f5f970c10849dd0556bd0889f5e534daca0e9adfb1442,24269,3,48538,asset-review/characters/walk_articulated/npc_garruk_down.png,review-or-quarantine,review-required; not-authorized-for-deletion
DUP-0347,309f1f1853a263db051f5f970c10849dd0556bd0889f5e534daca0e9adfb1442,24269,3,48538,asset-review/characters/walk_articulated/npc_garruk_down_left.png,review-or-quarantine,review-required; not-authorized-for-deletion
DUP-0347,309f1f1853a263db051f5f970c10849dd0556bd0889f5e534daca0e9adfb1442,24269,3,48538,asset-review/characters/walk_articulated/npc_garruk_down_right.png,review-or-quarantine,review-required; not-authorized-for-deletion
DUP-0348,205375586b6686e611b1d92e3d55685700b3376f1d27821b3aef8dc7fabf0749,24245,3,48490,asset-review/characters/walk/npc_elowen_down.png,review-or-quarantine,review-required; not-authorized-for-deletion
DUP-0348,205375586b6686e611b1d92e3d55685700b3376f1d27821b3aef8dc7fabf0749,24245,3,48490,asset-review/characters/walk/npc_elowen_down_left.png,review-or-quarantine,review-required; not-authorized-for-deletion
DUP-0348,205375586b6686e611b1d92e3d55685700b3376f1d27821b3aef8dc7fabf0749,24245,3,48490,asset-review/characters/walk/npc_elowen_down_right.png,review-or-quarantine,review-required; not-authorized-for-deletion
DUP-0349,a976006fa4cea216bae6f6c9f8579ba88396e67e62c078e8a3da228186ce3231,24177,3,48354,asset-review/characters/walk_articulated/npc_elowen_down.png,review-or-quarantine,review-required; not-authorized-for-deletion
DUP-0349,a976006fa4cea216bae6f6c9f8579ba88396e67e62c078e8a3da228186ce3231,24177,3,48354,asset-review/characters/walk_articulated/npc_elowen_down_left.png,review-or-quarantine,review-required; not-authorized-for-deletion
DUP-0349,a976006fa4cea216bae6f6c9f8579ba88396e67e62c078e8a3da228186ce3231,24177,3,48354,asset-review/characters/walk_articulated/npc_elowen_down_right.png,review-or-quarantine,review-required; not-authorized-for-deletion
DUP-0350,9415dc88d0100868dadcf27559397d740f86b19dc0b4104d155be8a9b8ff6c9f,24144,3,48288,asset-review/characters/walk_alternate/npc_nyx_down.png,review-or-quarantine,review-required; not-authorized-for-deletion
DUP-0350,9415dc88d0100868dadcf27559397d740f86b19dc0b4104d155be8a9b8ff6c9f,24144,3,48288,asset-review/characters/walk_alternate/npc_nyx_down_left.png,review-or-quarantine,review-required; not-authorized-for-deletion
DUP-0350,9415dc88d0100868dadcf27559397d740f86b19dc0b4104d155be8a9b8ff6c9f,24144,3,48288,asset-review/characters/walk_alternate/npc_nyx_down_right.png,review-or-quarantine,review-required; not-authorized-for-deletion
DUP-0351,80b24baad1fa60739aee483b7c5a12d709d6bfea1dc5c7dcb13615b5d8b7fa00,48272,2,48272,Java/assets/npcs/regional/npc_regional_highland_trader_m_model.png,runtime-folder-candidate,review-required; not-authorized-for-deletion
DUP-0351,80b24baad1fa60739aee483b7c5a12d709d6bfea1dc5c7dcb13615b5d8b7fa00,48272,2,48272,Java/assets/npcs/regional/npc_regional_highland_trader_m_model_down.png,runtime-folder-candidate,review-required; not-authorized-for-deletion
DUP-0352,de64abe8b2f52728ec411603d04c3bd1483624c109c000336171f90cd2b7aa0c,24134,3,48268,asset-review/characters/walk_articulated/npc_sable_down.png,review-or-quarantine,review-required; not-authorized-for-deletion
DUP-0352,de64abe8b2f52728ec411603d04c3bd1483624c109c000336171f90cd2b7aa0c,24134,3,48268,asset-review/characters/walk_articulated/npc_sable_down_left.png,review-or-quarantine,review-required; not-authorized-for-deletion
DUP-0352,de64abe8b2f52728ec411603d04c3bd1483624c109c000336171f90cd2b7aa0c,24134,3,48268,asset-review/characters/walk_articulated/npc_sable_down_right.png,review-or-quarantine,review-required; not-authorized-for-deletion
DUP-0353,4c963b7ad713d539684b762215185a2acfabae601be0d3af8856f14f1288d227,24114,3,48228,asset-review/characters/walk_alternate/npc_story_ysra_up.png,review-or-quarantine,review-required; not-authorized-for-deletion
DUP-0353,4c963b7ad713d539684b762215185a2acfabae601be0d3af8856f14f1288d227,24114,3,48228,asset-review/characters/walk_alternate/npc_story_ysra_up_left.png,review-or-quarantine,review-required; not-authorized-for-deletion
DUP-0353,4c963b7ad713d539684b762215185a2acfabae601be0d3af8856f14f1288d227,24114,3,48228,asset-review/characters/walk_alternate/npc_story_ysra_up_right.png,review-or-quarantine,review-required; not-authorized-for-deletion
DUP-0354,e7c652cda2fec4d508763f69f99ac0ad677addcecf50991b31c35fc62508ca30,48172,2,48172,Java/assets/npcs/regional/npc_regional_highland_noble_m_model.png,runtime-folder-candidate,review-required; not-authorized-for-deletion
DUP-0354,e7c652cda2fec4d508763f69f99ac0ad677addcecf50991b31c35fc62508ca30,48172,2,48172,Java/assets/npcs/regional/npc_regional_highland_noble_m_model_down.png,runtime-folder-candidate,review-required; not-authorized-for-deletion
DUP-0355,e8d0dfefed597ede5a0bb8f5258bf02035c5969496b2ff3a7a656465c9a43e56,16048,4,48144,Java/assets/npcs/npc_liora_model.png,runtime-folder-candidate,review-required; not-authorized-for-deletion
DUP-0355,e8d0dfefed597ede5a0bb8f5258bf02035c5969496b2ff3a7a656465c9a43e56,16048,4,48144,Java/assets/npcs/npc_liora_model_down.png,runtime-folder-candidate,review-required; not-authorized-for-deletion
DUP-0355,e8d0dfefed597ede5a0bb8f5258bf02035c5969496b2ff3a7a656465c9a43e56,16048,4,48144,asset-review/2026-09-22-npcs/before/Java/assets/npcs/npc_liora_model.png,review-or-quarantine,review-required; not-authorized-for-deletion
DUP-0355,e8d0dfefed597ede5a0bb8f5258bf02035c5969496b2ff3a7a656465c9a43e56,16048,4,48144,asset-review/2026-09-22-npcs/before/Java/assets/npcs/npc_liora_model_down.png,review-or-quarantine,review-required; not-authorized-for-deletion
DUP-0356,5e0ae2d4ffca6961e50be45014fa90bfe80e51268ae5d75b43dd50de3c224a53,24038,3,48076,asset-review/characters/walk_articulated/npc_mira_sunwarden_up.png,review-or-quarantine,review-required; not-authorized-for-deletion
DUP-0356,5e0ae2d4ffca6961e50be45014fa90bfe80e51268ae5d75b43dd50de3c224a53,24038,3,48076,asset-review/characters/walk_articulated/npc_mira_sunwarden_up_left.png,review-or-quarantine,review-required; not-authorized-for-deletion
DUP-0356,5e0ae2d4ffca6961e50be45014fa90bfe80e51268ae5d75b43dd50de3c224a53,24038,3,48076,asset-review/characters/walk_articulated/npc_mira_sunwarden_up_right.png,review-or-quarantine,review-required; not-authorized-for-deletion
DUP-0357,3f999cb4cb1e5ba514d1f806b4be209922d3315009475465fced78405b1cbf17,16004,4,48012,Java/assets/npcs/npc_ren_model.png,runtime-folder-candidate,review-required; not-authorized-for-deletion
DUP-0357,3f999cb4cb1e5ba514d1f806b4be209922d3315009475465fced78405b1cbf17,16004,4,48012,Java/assets/npcs/npc_ren_model_down.png,runtime-folder-candidate,review-required; not-authorized-for-deletion
DUP-0357,3f999cb4cb1e5ba514d1f806b4be209922d3315009475465fced78405b1cbf17,16004,4,48012,asset-review/2026-09-22-npcs/before/Java/assets/npcs/npc_ren_model.png,review-or-quarantine,review-required; not-authorized-for-deletion
DUP-0357,3f999cb4cb1e5ba514d1f806b4be209922d3315009475465fced78405b1cbf17,16004,4,48012,asset-review/2026-09-22-npcs/before/Java/assets/npcs/npc_ren_model_down.png,review-or-quarantine,review-required; not-authorized-for-deletion
DUP-0358,ddd5784549eadeb5cd6b19697262a0a48ae851a1665b6252a5fe889bf73f48a2,23973,3,47946,asset-review/characters/walk_articulated/npc_garruk_up.png,review-or-quarantine,review-required; not-authorized-for-deletion
DUP-0358,ddd5784549eadeb5cd6b19697262a0a48ae851a1665b6252a5fe889bf73f48a2,23973,3,47946,asset-review/characters/walk_articulated/npc_garruk_up_left.png,review-or-quarantine,review-required; not-authorized-for-deletion
DUP-0358,ddd5784549eadeb5cd6b19697262a0a48ae851a1665b6252a5fe889bf73f48a2,23973,3,47946,asset-review/characters/walk_articulated/npc_garruk_up_right.png,review-or-quarantine,review-required; not-authorized-for-deletion
DUP-0359,4c634e82fca418eb00c694e30301942f11f15a051b66916f4d7804836a9d3780,23937,3,47874,asset-review/characters/walk/npc_garruk_down.png,review-or-quarantine,review-required; not-authorized-for-deletion
DUP-0359,4c634e82fca418eb00c694e30301942f11f15a051b66916f4d7804836a9d3780,23937,3,47874,asset-review/characters/walk/npc_garruk_down_left.png,review-or-quarantine,review-required; not-authorized-for-deletion
DUP-0359,4c634e82fca418eb00c694e30301942f11f15a051b66916f4d7804836a9d3780,23937,3,47874,asset-review/characters/walk/npc_garruk_down_right.png,review-or-quarantine,review-required; not-authorized-for-deletion
DUP-0360,07945f616700ad1cfa7b9ec77345ee49d9920d84ad0dbcc2deeb5ea4cd621c31,23928,3,47856,asset-review/characters/walk_alternate/npc_sable_up.png,review-or-quarantine,review-required; not-authorized-for-deletion
DUP-0360,07945f616700ad1cfa7b9ec77345ee49d9920d84ad0dbcc2deeb5ea4cd621c31,23928,3,47856,asset-review/characters/walk_alternate/npc_sable_up_left.png,review-or-quarantine,review-required; not-authorized-for-deletion
DUP-0360,07945f616700ad1cfa7b9ec77345ee49d9920d84ad0dbcc2deeb5ea4cd621c31,23928,3,47856,asset-review/characters/walk_alternate/npc_sable_up_right.png,review-or-quarantine,review-required; not-authorized-for-deletion
DUP-0361,1459d890a9379d06edef7bcd9a1efb56c127862157f386f4fcf4179e72d24b2a,23902,3,47804,asset-review/characters/walk_articulated/npc_kael_up.png,review-or-quarantine,review-required; not-authorized-for-deletion
DUP-0361,1459d890a9379d06edef7bcd9a1efb56c127862157f386f4fcf4179e72d24b2a,23902,3,47804,asset-review/characters/walk_articulated/npc_kael_up_left.png,review-or-quarantine,review-required; not-authorized-for-deletion
DUP-0361,1459d890a9379d06edef7bcd9a1efb56c127862157f386f4fcf4179e72d24b2a,23902,3,47804,asset-review/characters/walk_articulated/npc_kael_up_right.png,review-or-quarantine,review-required; not-authorized-for-deletion
DUP-0362,8b80d4180847f3b45b595347b4af104c2543b39e940368d120f7a80b36acdf6e,47749,2,47749,Java/assets/interiors/props/household/interior_wardrobe.png,runtime-folder-candidate,review-required; not-authorized-for-deletion
DUP-0362,8b80d4180847f3b45b595347b4af104c2543b39e940368d120f7a80b36acdf6e,47749,2,47749,asset-review/household-expansion/candidates/household/wardrobe.png,review-or-quarantine,review-required; not-authorized-for-deletion
DUP-0363,61540176d48ec9bdec1784f8a7015475c4ba10a3d638f86fa98e782e69cb64e6,23849,3,47698,asset-review/characters/walk_alternate/npc_citizen_man_down.png,review-or-quarantine,review-required; not-authorized-for-deletion
DUP-0363,61540176d48ec9bdec1784f8a7015475c4ba10a3d638f86fa98e782e69cb64e6,23849,3,47698,asset-review/characters/walk_alternate/npc_citizen_man_down_left.png,review-or-quarantine,review-required; not-authorized-for-deletion
DUP-0363,61540176d48ec9bdec1784f8a7015475c4ba10a3d638f86fa98e782e69cb64e6,23849,3,47698,asset-review/characters/walk_alternate/npc_citizen_man_down_right.png,review-or-quarantine,review-required; not-authorized-for-deletion
DUP-0364,0be6837cb160ee82b078e58db0175b28e2e571edeee690940328c21ef5a081cc,23816,3,47632,asset-review/characters/walk_articulated/npc_nyx_up.png,review-or-quarantine,review-required; not-authorized-for-deletion
DUP-0364,0be6837cb160ee82b078e58db0175b28e2e571edeee690940328c21ef5a081cc,23816,3,47632,asset-review/characters/walk_articulated/npc_nyx_up_left.png,review-or-quarantine,review-required; not-authorized-for-deletion
DUP-0364,0be6837cb160ee82b078e58db0175b28e2e571edeee690940328c21ef5a081cc,23816,3,47632,asset-review/characters/walk_articulated/npc_nyx_up_right.png,review-or-quarantine,review-required; not-authorized-for-deletion
DUP-0365,1b2630325ddca810bc9605f4c023fe0bf066c270edcc9f6536c29894723ed3a3,47566,2,47566,Java/assets/npcs/regional/npc_regional_marsh_guard_f_model.png,runtime-folder-candidate,review-required; not-authorized-for-deletion
DUP-0365,1b2630325ddca810bc9605f4c023fe0bf066c270edcc9f6536c29894723ed3a3,47566,2,47566,Java/assets/npcs/regional/npc_regional_marsh_guard_f_model_down.png,runtime-folder-candidate,review-required; not-authorized-for-deletion
DUP-0366,aafb5af71f1bf8fae7a20f097bdccb408ac113ba27eeae5f6b1be454feb90a44,23732,3,47464,asset-review/characters/walk/npc_blacksmith_down.png,review-or-quarantine,review-required; not-authorized-for-deletion
DUP-0366,aafb5af71f1bf8fae7a20f097bdccb408ac113ba27eeae5f6b1be454feb90a44,23732,3,47464,asset-review/characters/walk/npc_blacksmith_down_left.png,review-or-quarantine,review-required; not-authorized-for-deletion
DUP-0366,aafb5af71f1bf8fae7a20f097bdccb408ac113ba27eeae5f6b1be454feb90a44,23732,3,47464,asset-review/characters/walk/npc_blacksmith_down_right.png,review-or-quarantine,review-required; not-authorized-for-deletion
DUP-0367,a61de38707318934ce4ec82682a81b809a4cd53ce12b62e46460f4e5e4d04d9d,15818,4,47454,Java/assets/npcs/npc_baker_model.png,runtime-folder-candidate,review-required; not-authorized-for-deletion
DUP-0367,a61de38707318934ce4ec82682a81b809a4cd53ce12b62e46460f4e5e4d04d9d,15818,4,47454,Java/assets/npcs/npc_baker_model_down.png,runtime-folder-candidate,review-required; not-authorized-for-deletion
DUP-0367,a61de38707318934ce4ec82682a81b809a4cd53ce12b62e46460f4e5e4d04d9d,15818,4,47454,asset-review/2026-09-22-npcs/before/Java/assets/npcs/npc_baker_model.png,review-or-quarantine,review-required; not-authorized-for-deletion
DUP-0367,a61de38707318934ce4ec82682a81b809a4cd53ce12b62e46460f4e5e4d04d9d,15818,4,47454,asset-review/2026-09-22-npcs/before/Java/assets/npcs/npc_baker_model_down.png,review-or-quarantine,review-required; not-authorized-for-deletion
DUP-0368,a1f44dfa55726304d2b30b3fd45a05ff38d1e48164884539bedf68590da1b61e,23622,3,47244,asset-review/characters/walk/npc_garruk_up.png,review-or-quarantine,review-required; not-authorized-for-deletion
DUP-0368,a1f44dfa55726304d2b30b3fd45a05ff38d1e48164884539bedf68590da1b61e,23622,3,47244,asset-review/characters/walk/npc_garruk_up_left.png,review-or-quarantine,review-required; not-authorized-for-deletion
DUP-0368,a1f44dfa55726304d2b30b3fd45a05ff38d1e48164884539bedf68590da1b61e,23622,3,47244,asset-review/characters/walk/npc_garruk_up_right.png,review-or-quarantine,review-required; not-authorized-for-deletion
DUP-0369,68dfbdce2df1e81fb6eafd3f78947f953e35c250b96d70ef4bd7706fdc401e29,23550,3,47100,asset-review/characters/walk/npc_blacksmith_up.png,review-or-quarantine,review-required; not-authorized-for-deletion
DUP-0369,68dfbdce2df1e81fb6eafd3f78947f953e35c250b96d70ef4bd7706fdc401e29,23550,3,47100,asset-review/characters/walk/npc_blacksmith_up_left.png,review-or-quarantine,review-required; not-authorized-for-deletion
DUP-0369,68dfbdce2df1e81fb6eafd3f78947f953e35c250b96d70ef4bd7706fdc401e29,23550,3,47100,asset-review/characters/walk/npc_blacksmith_up_right.png,review-or-quarantine,review-required; not-authorized-for-deletion
DUP-0370,68be0c231ad34dc9a25dc8a0635f51a47ca4ab8e0652947f6648cd3db2bb8ea7,23463,3,46926,asset-review/characters/walk_articulated/npc_sable_up.png,review-or-quarantine,review-required; not-authorized-for-deletion
DUP-0370,68be0c231ad34dc9a25dc8a0635f51a47ca4ab8e0652947f6648cd3db2bb8ea7,23463,3,46926,asset-review/characters/walk_articulated/npc_sable_up_left.png,review-or-quarantine,review-required; not-authorized-for-deletion
DUP-0370,68be0c231ad34dc9a25dc8a0635f51a47ca4ab8e0652947f6648cd3db2bb8ea7,23463,3,46926,asset-review/characters/walk_articulated/npc_sable_up_right.png,review-or-quarantine,review-required; not-authorized-for-deletion
DUP-0371,5c781f192892c9b50ba535ca676157c0eb25185cc5367301d9f57b6a65720807,23448,3,46896,asset-review/characters/walk_alternate/npc_innkeeper_down.png,review-or-quarantine,review-required; not-authorized-for-deletion
DUP-0371,5c781f192892c9b50ba535ca676157c0eb25185cc5367301d9f57b6a65720807,23448,3,46896,asset-review/characters/walk_alternate/npc_innkeeper_down_left.png,review-or-quarantine,review-required; not-authorized-for-deletion
DUP-0371,5c781f192892c9b50ba535ca676157c0eb25185cc5367301d9f57b6a65720807,23448,3,46896,asset-review/characters/walk_alternate/npc_innkeeper_down_right.png,review-or-quarantine,review-required; not-authorized-for-deletion
DUP-0372,590f7d0e0b9995abbbf40eb5656a8cd18c276410ce23e2a34b2f8cbc207be49d,46809,2,46809,Java/assets/npcs/regional/npc_regional_temperate_trader_m_model.png,runtime-folder-candidate,review-required; not-authorized-for-deletion
DUP-0372,590f7d0e0b9995abbbf40eb5656a8cd18c276410ce23e2a34b2f8cbc207be49d,46809,2,46809,Java/assets/npcs/regional/npc_regional_temperate_trader_m_model_down.png,runtime-folder-candidate,review-required; not-authorized-for-deletion
DUP-0373,28976d1ce58d04c5fb16ed86195b258b9b6ff5caa8df77241cb837a0fc3543f7,15529,4,46587,Java/assets/npcs/npc_innkeeper_model.png,runtime-folder-candidate,review-required; not-authorized-for-deletion
DUP-0373,28976d1ce58d04c5fb16ed86195b258b9b6ff5caa8df77241cb837a0fc3543f7,15529,4,46587,Java/assets/npcs/npc_innkeeper_model_down.png,runtime-folder-candidate,review-required; not-authorized-for-deletion
DUP-0373,28976d1ce58d04c5fb16ed86195b258b9b6ff5caa8df77241cb837a0fc3543f7,15529,4,46587,asset-review/2026-09-22-npcs/before/Java/assets/npcs/npc_innkeeper_model.png,review-or-quarantine,review-required; not-authorized-for-deletion
DUP-0373,28976d1ce58d04c5fb16ed86195b258b9b6ff5caa8df77241cb837a0fc3543f7,15529,4,46587,asset-review/2026-09-22-npcs/before/Java/assets/npcs/npc_innkeeper_model_down.png,review-or-quarantine,review-required; not-authorized-for-deletion
DUP-0374,f8b9c45531c28329b12a33d91e21bffc5d0e9b1a67c2eb7a2fd1c49586bb0164,46382,2,46382,Java/assets/interiors/props/household/interior_plate_rack.png,runtime-folder-candidate,review-required; not-authorized-for-deletion
DUP-0374,f8b9c45531c28329b12a33d91e21bffc5d0e9b1a67c2eb7a2fd1c49586bb0164,46382,2,46382,asset-review/household-expansion/candidates/household/plate_rack.png,review-or-quarantine,review-required; not-authorized-for-deletion
DUP-0375,c870d09253449456d223ffde10b4e42b5a5b0767d541a34d8f00b1ac2ccd411a,46302,2,46302,Java/assets/npcs/regional/npc_regional_north_noble_m_model.png,runtime-folder-candidate,review-required; not-authorized-for-deletion
DUP-0375,c870d09253449456d223ffde10b4e42b5a5b0767d541a34d8f00b1ac2ccd411a,46302,2,46302,Java/assets/npcs/regional/npc_regional_north_noble_m_model_down.png,runtime-folder-candidate,review-required; not-authorized-for-deletion
DUP-0376,0cd477775e732953fd42be90758ba6fc73501d9cc429f2ba3f8c7ef331585c05,23100,3,46200,asset-review/characters/walk/npc_mira_sunwarden_up.png,review-or-quarantine,review-required; not-authorized-for-deletion
DUP-0376,0cd477775e732953fd42be90758ba6fc73501d9cc429f2ba3f8c7ef331585c05,23100,3,46200,asset-review/characters/walk/npc_mira_sunwarden_up_left.png,review-or-quarantine,review-required; not-authorized-for-deletion
DUP-0376,0cd477775e732953fd42be90758ba6fc73501d9cc429f2ba3f8c7ef331585c05,23100,3,46200,asset-review/characters/walk/npc_mira_sunwarden_up_right.png,review-or-quarantine,review-required; not-authorized-for-deletion
DUP-0377,c81641f258bc33c729e52192a27dd2469de14810f2da0ed8dcf981b456d65c8c,23067,3,46134,asset-review/characters/walk_alternate/npc_story_maelis_down.png,review-or-quarantine,review-required; not-authorized-for-deletion
DUP-0377,c81641f258bc33c729e52192a27dd2469de14810f2da0ed8dcf981b456d65c8c,23067,3,46134,asset-review/characters/walk_alternate/npc_story_maelis_down_left.png,review-or-quarantine,review-required; not-authorized-for-deletion
DUP-0377,c81641f258bc33c729e52192a27dd2469de14810f2da0ed8dcf981b456d65c8c,23067,3,46134,asset-review/characters/walk_alternate/npc_story_maelis_down_right.png,review-or-quarantine,review-required; not-authorized-for-deletion
DUP-0378,50b23eb9c466edceb3a9f3dde36ac41f8e35f9a13e4689fd8adbfa002cc7e678,22908,3,45816,asset-review/characters/walk_articulated/npc_marla_up.png,review-or-quarantine,review-required; not-authorized-for-deletion
DUP-0378,50b23eb9c466edceb3a9f3dde36ac41f8e35f9a13e4689fd8adbfa002cc7e678,22908,3,45816,asset-review/characters/walk_articulated/npc_marla_up_left.png,review-or-quarantine,review-required; not-authorized-for-deletion
DUP-0378,50b23eb9c466edceb3a9f3dde36ac41f8e35f9a13e4689fd8adbfa002cc7e678,22908,3,45816,asset-review/characters/walk_articulated/npc_marla_up_right.png,review-or-quarantine,review-required; not-authorized-for-deletion
DUP-0379,ea83defe6fb649cfa94cf367f60abbf58c1e53ee1254373eb0218ff846760582,22866,3,45732,asset-review/characters/walk_articulated/npc_story_elder_rowan_down.png,review-or-quarantine,review-required; not-authorized-for-deletion
DUP-0379,ea83defe6fb649cfa94cf367f60abbf58c1e53ee1254373eb0218ff846760582,22866,3,45732,asset-review/characters/walk_articulated/npc_story_elder_rowan_down_left.png,review-or-quarantine,review-required; not-authorized-for-deletion
DUP-0379,ea83defe6fb649cfa94cf367f60abbf58c1e53ee1254373eb0218ff846760582,22866,3,45732,asset-review/characters/walk_articulated/npc_story_elder_rowan_down_right.png,review-or-quarantine,review-required; not-authorized-for-deletion
DUP-0380,d89a7127c829e6047239419a01661333de4576ac6f1fb19288850496cb509025,22780,3,45560,asset-review/characters/walk_alternate/npc_story_maelis_up.png,review-or-quarantine,review-required; not-authorized-for-deletion
DUP-0380,d89a7127c829e6047239419a01661333de4576ac6f1fb19288850496cb509025,22780,3,45560,asset-review/characters/walk_alternate/npc_story_maelis_up_left.png,review-or-quarantine,review-required; not-authorized-for-deletion
DUP-0380,d89a7127c829e6047239419a01661333de4576ac6f1fb19288850496cb509025,22780,3,45560,asset-review/characters/walk_alternate/npc_story_maelis_up_right.png,review-or-quarantine,review-required; not-authorized-for-deletion
DUP-0381,68bf0fa9b3615dfc435d293b6d06cc73f4125a8a558035486808cafed4555880,22755,3,45510,asset-review/characters/walk/npc_elowen_up.png,review-or-quarantine,review-required; not-authorized-for-deletion
DUP-0381,68bf0fa9b3615dfc435d293b6d06cc73f4125a8a558035486808cafed4555880,22755,3,45510,asset-review/characters/walk/npc_elowen_up_left.png,review-or-quarantine,review-required; not-authorized-for-deletion
DUP-0381,68bf0fa9b3615dfc435d293b6d06cc73f4125a8a558035486808cafed4555880,22755,3,45510,asset-review/characters/walk/npc_elowen_up_right.png,review-or-quarantine,review-required; not-authorized-for-deletion
DUP-0382,a59274dde6381df6f0d3d236c569a5338e6b284e51519d8b6d1715a8d3308939,22745,3,45490,asset-review/characters/walk_alternate/npc_innkeeper_up.png,review-or-quarantine,review-required; not-authorized-for-deletion
DUP-0382,a59274dde6381df6f0d3d236c569a5338e6b284e51519d8b6d1715a8d3308939,22745,3,45490,asset-review/characters/walk_alternate/npc_innkeeper_up_left.png,review-or-quarantine,review-required; not-authorized-for-deletion
DUP-0382,a59274dde6381df6f0d3d236c569a5338e6b284e51519d8b6d1715a8d3308939,22745,3,45490,asset-review/characters/walk_alternate/npc_innkeeper_up_right.png,review-or-quarantine,review-required; not-authorized-for-deletion
DUP-0383,4eafff987293384f086cd03ee7a691d9182fa1d03c9553b0997da66f36ea140c,22703,3,45406,asset-review/characters/walk/npc_marla_up.png,review-or-quarantine,review-required; not-authorized-for-deletion
DUP-0383,4eafff987293384f086cd03ee7a691d9182fa1d03c9553b0997da66f36ea140c,22703,3,45406,asset-review/characters/walk/npc_marla_up_left.png,review-or-quarantine,review-required; not-authorized-for-deletion
DUP-0383,4eafff987293384f086cd03ee7a691d9182fa1d03c9553b0997da66f36ea140c,22703,3,45406,asset-review/characters/walk/npc_marla_up_right.png,review-or-quarantine,review-required; not-authorized-for-deletion
DUP-0384,33258427252e7cfd56e309d88538fa99c1f6f7218a91c1fcfe7e0c8343c682bd,22593,3,45186,asset-review/characters/walk_articulated/npc_innkeeper_down.png,review-or-quarantine,review-required; not-authorized-for-deletion
DUP-0384,33258427252e7cfd56e309d88538fa99c1f6f7218a91c1fcfe7e0c8343c682bd,22593,3,45186,asset-review/characters/walk_articulated/npc_innkeeper_down_left.png,review-or-quarantine,review-required; not-authorized-for-deletion
DUP-0384,33258427252e7cfd56e309d88538fa99c1f6f7218a91c1fcfe7e0c8343c682bd,22593,3,45186,asset-review/characters/walk_articulated/npc_innkeeper_down_right.png,review-or-quarantine,review-required; not-authorized-for-deletion
DUP-0385,cce976459c0d675b07809268e5e29ee0ed0c5f0f5a409e03a0536f5f32d0c4a6,22590,3,45180,asset-review/characters/walk/npc_story_vaelthara_down.png,review-or-quarantine,review-required; not-authorized-for-deletion
DUP-0385,cce976459c0d675b07809268e5e29ee0ed0c5f0f5a409e03a0536f5f32d0c4a6,22590,3,45180,asset-review/characters/walk/npc_story_vaelthara_down_left.png,review-or-quarantine,review-required; not-authorized-for-deletion
DUP-0385,cce976459c0d675b07809268e5e29ee0ed0c5f0f5a409e03a0536f5f32d0c4a6,22590,3,45180,asset-review/characters/walk/npc_story_vaelthara_down_right.png,review-or-quarantine,review-required; not-authorized-for-deletion
DUP-0386,1c2bd02e3b7b4e49e250658cb162a0fa4b9eeedd50179c2cc453f5ec1f8503b8,22577,3,45154,asset-review/characters/walk_articulated/npc_elowen_up.png,review-or-quarantine,review-required; not-authorized-for-deletion
DUP-0386,1c2bd02e3b7b4e49e250658cb162a0fa4b9eeedd50179c2cc453f5ec1f8503b8,22577,3,45154,asset-review/characters/walk_articulated/npc_elowen_up_left.png,review-or-quarantine,review-required; not-authorized-for-deletion
DUP-0386,1c2bd02e3b7b4e49e250658cb162a0fa4b9eeedd50179c2cc453f5ec1f8503b8,22577,3,45154,asset-review/characters/walk_articulated/npc_elowen_up_right.png,review-or-quarantine,review-required; not-authorized-for-deletion
DUP-0387,a6f88e75c398f1ff8ae245ff5192c051ea41b394c48b3e1f1432f4d3b12c969a,22517,3,45034,asset-review/characters/walk_articulated/npc_story_elder_rowan_up.png,review-or-quarantine,review-required; not-authorized-for-deletion
DUP-0387,a6f88e75c398f1ff8ae245ff5192c051ea41b394c48b3e1f1432f4d3b12c969a,22517,3,45034,asset-review/characters/walk_articulated/npc_story_elder_rowan_up_left.png,review-or-quarantine,review-required; not-authorized-for-deletion
DUP-0387,a6f88e75c398f1ff8ae245ff5192c051ea41b394c48b3e1f1432f4d3b12c969a,22517,3,45034,asset-review/characters/walk_articulated/npc_story_elder_rowan_up_right.png,review-or-quarantine,review-required; not-authorized-for-deletion
DUP-0388,cc72e2351cc361e6a1a0578fb98c503bc610db4f4339bc2e66a3353c2f06a064,22509,3,45018,asset-review/characters/walk_alternate/npc_story_ash_scribe_damar_down.png,review-or-quarantine,review-required; not-authorized-for-deletion
DUP-0388,cc72e2351cc361e6a1a0578fb98c503bc610db4f4339bc2e66a3353c2f06a064,22509,3,45018,asset-review/characters/walk_alternate/npc_story_ash_scribe_damar_down_left.png,review-or-quarantine,review-required; not-authorized-for-deletion
DUP-0388,cc72e2351cc361e6a1a0578fb98c503bc610db4f4339bc2e66a3353c2f06a064,22509,3,45018,asset-review/characters/walk_alternate/npc_story_ash_scribe_damar_down_right.png,review-or-quarantine,review-required; not-authorized-for-deletion
DUP-0389,7afec4b62f55847637d71a7ac4ee9bdae0d381ebfeadf1bf9efd239e405bc724,14997,4,44991,Java/assets/npcs/npc_citizen_man_model.png,runtime-folder-candidate,review-required; not-authorized-for-deletion
DUP-0389,7afec4b62f55847637d71a7ac4ee9bdae0d381ebfeadf1bf9efd239e405bc724,14997,4,44991,Java/assets/npcs/npc_citizen_man_model_down.png,runtime-folder-candidate,review-required; not-authorized-for-deletion
DUP-0389,7afec4b62f55847637d71a7ac4ee9bdae0d381ebfeadf1bf9efd239e405bc724,14997,4,44991,asset-review/2026-09-22-npcs/candidates/Java/assets/npcs/npc_citizen_man_model.png,review-or-quarantine,review-required; not-authorized-for-deletion
DUP-0389,7afec4b62f55847637d71a7ac4ee9bdae0d381ebfeadf1bf9efd239e405bc724,14997,4,44991,asset-review/2026-09-22-npcs/candidates/Java/assets/npcs/npc_citizen_man_model_down.png,review-or-quarantine,review-required; not-authorized-for-deletion
DUP-0390,5cd24846f3a58f3501e0aa6ac48dbf5a122e3bbd5f345eac0426d1717d88eab7,22458,3,44916,asset-review/characters/walk/npc_story_solari_down.png,review-or-quarantine,review-required; not-authorized-for-deletion
DUP-0390,5cd24846f3a58f3501e0aa6ac48dbf5a122e3bbd5f345eac0426d1717d88eab7,22458,3,44916,asset-review/characters/walk/npc_story_solari_down_left.png,review-or-quarantine,review-required; not-authorized-for-deletion
DUP-0390,5cd24846f3a58f3501e0aa6ac48dbf5a122e3bbd5f345eac0426d1717d88eab7,22458,3,44916,asset-review/characters/walk/npc_story_solari_down_right.png,review-or-quarantine,review-required; not-authorized-for-deletion
DUP-0391,ca2dc487399d7884d741beed3a7883a273f6787e83d238261eaf70097d399950,22445,3,44890,asset-review/characters/walk_alternate/npc_story_ash_scribe_damar_up.png,review-or-quarantine,review-required; not-authorized-for-deletion
DUP-0391,ca2dc487399d7884d741beed3a7883a273f6787e83d238261eaf70097d399950,22445,3,44890,asset-review/characters/walk_alternate/npc_story_ash_scribe_damar_up_left.png,review-or-quarantine,review-required; not-authorized-for-deletion
DUP-0391,ca2dc487399d7884d741beed3a7883a273f6787e83d238261eaf70097d399950,22445,3,44890,asset-review/characters/walk_alternate/npc_story_ash_scribe_damar_up_right.png,review-or-quarantine,review-required; not-authorized-for-deletion
DUP-0392,ad901f24e5fcd4be4af533829ef768a01882398c8846a9e8b72d51cafbfc6dd4,22399,3,44798,asset-review/characters/walk/npc_torin_up.png,review-or-quarantine,review-required; not-authorized-for-deletion
DUP-0392,ad901f24e5fcd4be4af533829ef768a01882398c8846a9e8b72d51cafbfc6dd4,22399,3,44798,asset-review/characters/walk/npc_torin_up_left.png,review-or-quarantine,review-required; not-authorized-for-deletion
DUP-0392,ad901f24e5fcd4be4af533829ef768a01882398c8846a9e8b72d51cafbfc6dd4,22399,3,44798,asset-review/characters/walk/npc_torin_up_right.png,review-or-quarantine,review-required; not-authorized-for-deletion
DUP-0393,80c46d9583f8ab23c940182c5eae650f1aa19072ff58b76c784b9f550a9090b7,22390,3,44780,asset-review/characters/walk/npc_bartender_down.png,review-or-quarantine,review-required; not-authorized-for-deletion
DUP-0393,80c46d9583f8ab23c940182c5eae650f1aa19072ff58b76c784b9f550a9090b7,22390,3,44780,asset-review/characters/walk/npc_bartender_down_left.png,review-or-quarantine,review-required; not-authorized-for-deletion
DUP-0393,80c46d9583f8ab23c940182c5eae650f1aa19072ff58b76c784b9f550a9090b7,22390,3,44780,asset-review/characters/walk/npc_bartender_down_right.png,review-or-quarantine,review-required; not-authorized-for-deletion
DUP-0394,a24c1ba4610299fba4bbe416cbbd9add99f94bbc1d95c4bcfb3026014a5a8967,22389,3,44778,asset-review/characters/walk_articulated/npc_marla_down.png,review-or-quarantine,review-required; not-authorized-for-deletion
DUP-0394,a24c1ba4610299fba4bbe416cbbd9add99f94bbc1d95c4bcfb3026014a5a8967,22389,3,44778,asset-review/characters/walk_articulated/npc_marla_down_left.png,review-or-quarantine,review-required; not-authorized-for-deletion
DUP-0394,a24c1ba4610299fba4bbe416cbbd9add99f94bbc1d95c4bcfb3026014a5a8967,22389,3,44778,asset-review/characters/walk_articulated/npc_marla_down_right.png,review-or-quarantine,review-required; not-authorized-for-deletion
DUP-0395,1f09e38edf5ab903c9fbbdaa023c07466bcfb5aaf6e15d9c0c78abec2766c55b,22333,3,44666,asset-review/characters/walk/npc_story_solari_up.png,review-or-quarantine,review-required; not-authorized-for-deletion
DUP-0395,1f09e38edf5ab903c9fbbdaa023c07466bcfb5aaf6e15d9c0c78abec2766c55b,22333,3,44666,asset-review/characters/walk/npc_story_solari_up_left.png,review-or-quarantine,review-required; not-authorized-for-deletion
DUP-0395,1f09e38edf5ab903c9fbbdaa023c07466bcfb5aaf6e15d9c0c78abec2766c55b,22333,3,44666,asset-review/characters/walk/npc_story_solari_up_right.png,review-or-quarantine,review-required; not-authorized-for-deletion
DUP-0396,49fe37d5bf3af48fe93b2ac7789acf5e4a6bbcd1cb13a51a9a5aecb5f0c9ceb9,22313,3,44626,asset-review/characters/walk_articulated/npc_rowan_down.png,review-or-quarantine,review-required; not-authorized-for-deletion
DUP-0396,49fe37d5bf3af48fe93b2ac7789acf5e4a6bbcd1cb13a51a9a5aecb5f0c9ceb9,22313,3,44626,asset-review/characters/walk_articulated/npc_rowan_down_left.png,review-or-quarantine,review-required; not-authorized-for-deletion
DUP-0396,49fe37d5bf3af48fe93b2ac7789acf5e4a6bbcd1cb13a51a9a5aecb5f0c9ceb9,22313,3,44626,asset-review/characters/walk_articulated/npc_rowan_down_right.png,review-or-quarantine,review-required; not-authorized-for-deletion
DUP-0397,256dafa54c7043fe29e39b15edae3d4b27ed68ced28d4ae2455b18d97445c036,44543,2,44543,Java/assets/npcs/regional/npc_regional_desert_noble_m_model.png,runtime-folder-candidate,review-required; not-authorized-for-deletion
DUP-0397,256dafa54c7043fe29e39b15edae3d4b27ed68ced28d4ae2455b18d97445c036,44543,2,44543,Java/assets/npcs/regional/npc_regional_desert_noble_m_model_down.png,runtime-folder-candidate,review-required; not-authorized-for-deletion
DUP-0398,9750bd5cf82f55fc18135b61f20b6b1f99a21feadc8b88f794578a81ac6b1080,22253,3,44506,asset-review/characters/walk_articulated/npc_blacksmith_up.png,review-or-quarantine,review-required; not-authorized-for-deletion
DUP-0398,9750bd5cf82f55fc18135b61f20b6b1f99a21feadc8b88f794578a81ac6b1080,22253,3,44506,asset-review/characters/walk_articulated/npc_blacksmith_up_left.png,review-or-quarantine,review-required; not-authorized-for-deletion
DUP-0398,9750bd5cf82f55fc18135b61f20b6b1f99a21feadc8b88f794578a81ac6b1080,22253,3,44506,asset-review/characters/walk_articulated/npc_blacksmith_up_right.png,review-or-quarantine,review-required; not-authorized-for-deletion
DUP-0399,e7d7ddb18a5a4545164a21d4aa13c66830a532263491717ea1da60efeea9f844,44463,2,44463,Java/assets/npcs/regional/npc_regional_desert_artisan_f_model.png,runtime-folder-candidate,review-required; not-authorized-for-deletion
DUP-0399,e7d7ddb18a5a4545164a21d4aa13c66830a532263491717ea1da60efeea9f844,44463,2,44463,Java/assets/npcs/regional/npc_regional_desert_artisan_f_model_down.png,runtime-folder-candidate,review-required; not-authorized-for-deletion
DUP-0400,3bb94e0d0f19440b214d62dd66f49ecdc18aa13fb81a09d72cc7f25688f51b20,22166,3,44332,asset-review/characters/walk_alternate/npc_story_mirella_down.png,review-or-quarantine,review-required; not-authorized-for-deletion
DUP-0400,3bb94e0d0f19440b214d62dd66f49ecdc18aa13fb81a09d72cc7f25688f51b20,22166,3,44332,asset-review/characters/walk_alternate/npc_story_mirella_down_left.png,review-or-quarantine,review-required; not-authorized-for-deletion
DUP-0400,3bb94e0d0f19440b214d62dd66f49ecdc18aa13fb81a09d72cc7f25688f51b20,22166,3,44332,asset-review/characters/walk_alternate/npc_story_mirella_down_right.png,review-or-quarantine,review-required; not-authorized-for-deletion
DUP-0401,cc7833db26155a91704f5afedf335f2568b0e0ad56ce5362edc751feb3136414,22111,3,44222,asset-review/characters/walk/npc_bartender_up.png,review-or-quarantine,review-required; not-authorized-for-deletion
DUP-0401,cc7833db26155a91704f5afedf335f2568b0e0ad56ce5362edc751feb3136414,22111,3,44222,asset-review/characters/walk/npc_bartender_up_left.png,review-or-quarantine,review-required; not-authorized-for-deletion
DUP-0401,cc7833db26155a91704f5afedf335f2568b0e0ad56ce5362edc751feb3136414,22111,3,44222,asset-review/characters/walk/npc_bartender_up_right.png,review-or-quarantine,review-required; not-authorized-for-deletion
DUP-0402,97a2e9e6c8f8503864a2e14bcf263ed6d610c06418bd9430c11cac6e9c1b098a,22101,3,44202,asset-review/characters/walk/npc_rowan_down.png,review-or-quarantine,review-required; not-authorized-for-deletion
DUP-0402,97a2e9e6c8f8503864a2e14bcf263ed6d610c06418bd9430c11cac6e9c1b098a,22101,3,44202,asset-review/characters/walk/npc_rowan_down_left.png,review-or-quarantine,review-required; not-authorized-for-deletion
DUP-0402,97a2e9e6c8f8503864a2e14bcf263ed6d610c06418bd9430c11cac6e9c1b098a,22101,3,44202,asset-review/characters/walk/npc_rowan_down_right.png,review-or-quarantine,review-required; not-authorized-for-deletion
DUP-0403,aad5e124ff817c5128133bce256bf34a2c9d0ca010905bc9880f92497cd4497b,22095,3,44190,asset-review/characters/walk_alternate/npc_kael_down.png,review-or-quarantine,review-required; not-authorized-for-deletion
DUP-0403,aad5e124ff817c5128133bce256bf34a2c9d0ca010905bc9880f92497cd4497b,22095,3,44190,asset-review/characters/walk_alternate/npc_kael_down_left.png,review-or-quarantine,review-required; not-authorized-for-deletion
DUP-0403,aad5e124ff817c5128133bce256bf34a2c9d0ca010905bc9880f92497cd4497b,22095,3,44190,asset-review/characters/walk_alternate/npc_kael_down_right.png,review-or-quarantine,review-required; not-authorized-for-deletion
DUP-0404,15aa8ceda0c7d37354e70ba808f09f30015a1ec6b1e36d071c5d3cc74ddeabc1,22064,3,44128,asset-review/characters/walk/npc_merchant_up.png,review-or-quarantine,review-required; not-authorized-for-deletion
DUP-0404,15aa8ceda0c7d37354e70ba808f09f30015a1ec6b1e36d071c5d3cc74ddeabc1,22064,3,44128,asset-review/characters/walk/npc_merchant_up_left.png,review-or-quarantine,review-required; not-authorized-for-deletion
DUP-0404,15aa8ceda0c7d37354e70ba808f09f30015a1ec6b1e36d071c5d3cc74ddeabc1,22064,3,44128,asset-review/characters/walk/npc_merchant_up_right.png,review-or-quarantine,review-required; not-authorized-for-deletion
DUP-0405,94d5b27c099fd881699894d186f351703944b844d67905d2ac38181e48424021,22049,3,44098,asset-review/characters/walk/npc_story_vaelthara_up.png,review-or-quarantine,review-required; not-authorized-for-deletion
DUP-0405,94d5b27c099fd881699894d186f351703944b844d67905d2ac38181e48424021,22049,3,44098,asset-review/characters/walk/npc_story_vaelthara_up_left.png,review-or-quarantine,review-required; not-authorized-for-deletion
DUP-0405,94d5b27c099fd881699894d186f351703944b844d67905d2ac38181e48424021,22049,3,44098,asset-review/characters/walk/npc_story_vaelthara_up_right.png,review-or-quarantine,review-required; not-authorized-for-deletion
DUP-0406,ae377165f6ca20c4fe623a49352b2b1064a43d733bd2933d7fc6fcc39866868f,21996,3,43992,asset-review/characters/walk_articulated/npc_ren_down.png,review-or-quarantine,review-required; not-authorized-for-deletion
DUP-0406,ae377165f6ca20c4fe623a49352b2b1064a43d733bd2933d7fc6fcc39866868f,21996,3,43992,asset-review/characters/walk_articulated/npc_ren_down_left.png,review-or-quarantine,review-required; not-authorized-for-deletion
DUP-0406,ae377165f6ca20c4fe623a49352b2b1064a43d733bd2933d7fc6fcc39866868f,21996,3,43992,asset-review/characters/walk_articulated/npc_ren_down_right.png,review-or-quarantine,review-required; not-authorized-for-deletion
DUP-0407,18f9b23efce021064a4474b78bca4db66f985faa3ed7e2f6aab9fca9e7f70595,21986,3,43972,asset-review/characters/walk/npc_story_elder_rowan_down.png,review-or-quarantine,review-required; not-authorized-for-deletion
DUP-0407,18f9b23efce021064a4474b78bca4db66f985faa3ed7e2f6aab9fca9e7f70595,21986,3,43972,asset-review/characters/walk/npc_story_elder_rowan_down_left.png,review-or-quarantine,review-required; not-authorized-for-deletion
DUP-0407,18f9b23efce021064a4474b78bca4db66f985faa3ed7e2f6aab9fca9e7f70595,21986,3,43972,asset-review/characters/walk/npc_story_elder_rowan_down_right.png,review-or-quarantine,review-required; not-authorized-for-deletion
DUP-0408,562f7c55998f689ca99dbd1417c99d503f601aa6b94ad173df33cdd33e32a919,21971,3,43942,asset-review/characters/walk_alternate/npc_story_mirella_up.png,review-or-quarantine,review-required; not-authorized-for-deletion
DUP-0408,562f7c55998f689ca99dbd1417c99d503f601aa6b94ad173df33cdd33e32a919,21971,3,43942,asset-review/characters/walk_alternate/npc_story_mirella_up_left.png,review-or-quarantine,review-required; not-authorized-for-deletion
DUP-0408,562f7c55998f689ca99dbd1417c99d503f601aa6b94ad173df33cdd33e32a919,21971,3,43942,asset-review/characters/walk_alternate/npc_story_mirella_up_right.png,review-or-quarantine,review-required; not-authorized-for-deletion
DUP-0409,3e012b5192f013e34424e9ae52f6a62b6fd0201cc52f239f1382e1279838b537,21953,3,43906,asset-review/characters/walk/npc_rowan_up.png,review-or-quarantine,review-required; not-authorized-for-deletion
DUP-0409,3e012b5192f013e34424e9ae52f6a62b6fd0201cc52f239f1382e1279838b537,21953,3,43906,asset-review/characters/walk/npc_rowan_up_left.png,review-or-quarantine,review-required; not-authorized-for-deletion
DUP-0409,3e012b5192f013e34424e9ae52f6a62b6fd0201cc52f239f1382e1279838b537,21953,3,43906,asset-review/characters/walk/npc_rowan_up_right.png,review-or-quarantine,review-required; not-authorized-for-deletion
DUP-0410,8c51bc37ba56043f61d6d2015dff5ee065525f8f17d5bebe121e7c59e8626ef2,21913,3,43826,asset-review/characters/walk/npc_mira_sunwarden_down.png,review-or-quarantine,review-required; not-authorized-for-deletion
DUP-0410,8c51bc37ba56043f61d6d2015dff5ee065525f8f17d5bebe121e7c59e8626ef2,21913,3,43826,asset-review/characters/walk/npc_mira_sunwarden_down_left.png,review-or-quarantine,review-required; not-authorized-for-deletion
DUP-0410,8c51bc37ba56043f61d6d2015dff5ee065525f8f17d5bebe121e7c59e8626ef2,21913,3,43826,asset-review/characters/walk/npc_mira_sunwarden_down_right.png,review-or-quarantine,review-required; not-authorized-for-deletion
DUP-0411,5c7d2a85de4bb2df9f1b98c30b1f8e90401297681906b8dda832ac228d3f6718,21886,3,43772,asset-review/characters/walk/npc_marla_down.png,review-or-quarantine,review-required; not-authorized-for-deletion
DUP-0411,5c7d2a85de4bb2df9f1b98c30b1f8e90401297681906b8dda832ac228d3f6718,21886,3,43772,asset-review/characters/walk/npc_marla_down_left.png,review-or-quarantine,review-required; not-authorized-for-deletion
DUP-0411,5c7d2a85de4bb2df9f1b98c30b1f8e90401297681906b8dda832ac228d3f6718,21886,3,43772,asset-review/characters/walk/npc_marla_down_right.png,review-or-quarantine,review-required; not-authorized-for-deletion
DUP-0412,9304685d9d0ce2fce80e62378b40589058a892db1818cf7bc9deee7bf3c028a9,21874,3,43748,asset-review/characters/walk_articulated/npc_rowan_up.png,review-or-quarantine,review-required; not-authorized-for-deletion
DUP-0412,9304685d9d0ce2fce80e62378b40589058a892db1818cf7bc9deee7bf3c028a9,21874,3,43748,asset-review/characters/walk_articulated/npc_rowan_up_left.png,review-or-quarantine,review-required; not-authorized-for-deletion
DUP-0412,9304685d9d0ce2fce80e62378b40589058a892db1818cf7bc9deee7bf3c028a9,21874,3,43748,asset-review/characters/walk_articulated/npc_rowan_up_right.png,review-or-quarantine,review-required; not-authorized-for-deletion
DUP-0413,f443193b81fcdfc6bc13d6677fdd147d2139af5992bb8f899b52cc834383fcc8,21840,3,43680,asset-review/characters/walk/npc_vexa_down.png,review-or-quarantine,review-required; not-authorized-for-deletion
DUP-0413,f443193b81fcdfc6bc13d6677fdd147d2139af5992bb8f899b52cc834383fcc8,21840,3,43680,asset-review/characters/walk/npc_vexa_down_left.png,review-or-quarantine,review-required; not-authorized-for-deletion
DUP-0413,f443193b81fcdfc6bc13d6677fdd147d2139af5992bb8f899b52cc834383fcc8,21840,3,43680,asset-review/characters/walk/npc_vexa_down_right.png,review-or-quarantine,review-required; not-authorized-for-deletion
DUP-0414,8824eec9973fc04a7134491199df45c6707fc03f0f379dac9214466516a11a61,43641,2,43641,Java/assets/interiors/props/household/interior_fireplace.png,runtime-folder-candidate,review-required; not-authorized-for-deletion
DUP-0414,8824eec9973fc04a7134491199df45c6707fc03f0f379dac9214466516a11a61,43641,2,43641,asset-review/household-expansion/candidates/household/fireplace.png,review-or-quarantine,review-required; not-authorized-for-deletion
DUP-0415,c572fce988bfeec1a7d188f2798271e56c38ee34e353b9b67b9204c4a10c43bc,21740,3,43480,asset-review/characters/walk_alternate/npc_story_selene_down.png,review-or-quarantine,review-required; not-authorized-for-deletion
DUP-0415,c572fce988bfeec1a7d188f2798271e56c38ee34e353b9b67b9204c4a10c43bc,21740,3,43480,asset-review/characters/walk_alternate/npc_story_selene_down_left.png,review-or-quarantine,review-required; not-authorized-for-deletion
DUP-0415,c572fce988bfeec1a7d188f2798271e56c38ee34e353b9b67b9204c4a10c43bc,21740,3,43480,asset-review/characters/walk_alternate/npc_story_selene_down_right.png,review-or-quarantine,review-required; not-authorized-for-deletion
DUP-0416,15073875783b958f3a0402b2ebfd54aaee5b7be339033f8bd3cc1e1b954921f3,21706,3,43412,asset-review/characters/walk/npc_story_elder_rowan_up.png,review-or-quarantine,review-required; not-authorized-for-deletion
DUP-0416,15073875783b958f3a0402b2ebfd54aaee5b7be339033f8bd3cc1e1b954921f3,21706,3,43412,asset-review/characters/walk/npc_story_elder_rowan_up_left.png,review-or-quarantine,review-required; not-authorized-for-deletion
DUP-0416,15073875783b958f3a0402b2ebfd54aaee5b7be339033f8bd3cc1e1b954921f3,21706,3,43412,asset-review/characters/walk/npc_story_elder_rowan_up_right.png,review-or-quarantine,review-required; not-authorized-for-deletion
DUP-0417,223e70632c3e4409939adf34c2a859f943dd2e789cc7c7ce85dee8a0ff29fe14,14470,4,43410,Java/assets/npcs/npc_sable_model.png,runtime-folder-candidate,review-required; not-authorized-for-deletion
DUP-0417,223e70632c3e4409939adf34c2a859f943dd2e789cc7c7ce85dee8a0ff29fe14,14470,4,43410,Java/assets/npcs/npc_sable_model_down.png,runtime-folder-candidate,review-required; not-authorized-for-deletion
DUP-0417,223e70632c3e4409939adf34c2a859f943dd2e789cc7c7ce85dee8a0ff29fe14,14470,4,43410,asset-review/2026-09-22-npcs/before/Java/assets/npcs/npc_sable_model.png,review-or-quarantine,review-required; not-authorized-for-deletion
DUP-0417,223e70632c3e4409939adf34c2a859f943dd2e789cc7c7ce85dee8a0ff29fe14,14470,4,43410,asset-review/2026-09-22-npcs/before/Java/assets/npcs/npc_sable_model_down.png,review-or-quarantine,review-required; not-authorized-for-deletion
DUP-0418,e622a497e8f7f7db98568989622bda0cfd180a8096d8a4e4230a4956ea97416c,21687,3,43374,asset-review/characters/walk_alternate/npc_story_bellwright_nessa_down.png,review-or-quarantine,review-required; not-authorized-for-deletion
DUP-0418,e622a497e8f7f7db98568989622bda0cfd180a8096d8a4e4230a4956ea97416c,21687,3,43374,asset-review/characters/walk_alternate/npc_story_bellwright_nessa_down_left.png,review-or-quarantine,review-required; not-authorized-for-deletion
DUP-0418,e622a497e8f7f7db98568989622bda0cfd180a8096d8a4e4230a4956ea97416c,21687,3,43374,asset-review/characters/walk_alternate/npc_story_bellwright_nessa_down_right.png,review-or-quarantine,review-required; not-authorized-for-deletion
DUP-0419,0d6f9dffc746d7759065cef95cf39c6e37dc9fe7ab43970112b8f77e13d8b694,21686,3,43372,asset-review/characters/walk/npc_merchant_down.png,review-or-quarantine,review-required; not-authorized-for-deletion
DUP-0419,0d6f9dffc746d7759065cef95cf39c6e37dc9fe7ab43970112b8f77e13d8b694,21686,3,43372,asset-review/characters/walk/npc_merchant_down_left.png,review-or-quarantine,review-required; not-authorized-for-deletion
DUP-0419,0d6f9dffc746d7759065cef95cf39c6e37dc9fe7ab43970112b8f77e13d8b694,21686,3,43372,asset-review/characters/walk/npc_merchant_down_right.png,review-or-quarantine,review-required; not-authorized-for-deletion
DUP-0420,bf9255b5d62742dde597b998dfe9cd9fa43952d9b48762b677176bd04cc0469f,43362,2,43362,Java/assets/npcs/regional/npc_regional_marsh_noble_m_model.png,runtime-folder-candidate,review-required; not-authorized-for-deletion
DUP-0420,bf9255b5d62742dde597b998dfe9cd9fa43952d9b48762b677176bd04cc0469f,43362,2,43362,Java/assets/npcs/regional/npc_regional_marsh_noble_m_model_down.png,runtime-folder-candidate,review-required; not-authorized-for-deletion
DUP-0421,08512c1b95d3908cbc4b15d2ea83f0b9ab387966ec0ae703cd4b7e8db5794f5f,21639,3,43278,asset-review/characters/walk/npc_story_captain_elric_snowrest_down.png,review-or-quarantine,review-required; not-authorized-for-deletion
DUP-0421,08512c1b95d3908cbc4b15d2ea83f0b9ab387966ec0ae703cd4b7e8db5794f5f,21639,3,43278,asset-review/characters/walk/npc_story_captain_elric_snowrest_down_left.png,review-or-quarantine,review-required; not-authorized-for-deletion
DUP-0421,08512c1b95d3908cbc4b15d2ea83f0b9ab387966ec0ae703cd4b7e8db5794f5f,21639,3,43278,asset-review/characters/walk/npc_story_captain_elric_snowrest_down_right.png,review-or-quarantine,review-required; not-authorized-for-deletion
DUP-0422,e696cec42034de36f13e102ab2d1cfa46b9d6cdf533c005076531770fd3cddc5,21573,3,43146,asset-review/characters/walk/npc_story_captain_elric_snowrest_up.png,review-or-quarantine,review-required; not-authorized-for-deletion
DUP-0422,e696cec42034de36f13e102ab2d1cfa46b9d6cdf533c005076531770fd3cddc5,21573,3,43146,asset-review/characters/walk/npc_story_captain_elric_snowrest_up_left.png,review-or-quarantine,review-required; not-authorized-for-deletion
DUP-0422,e696cec42034de36f13e102ab2d1cfa46b9d6cdf533c005076531770fd3cddc5,21573,3,43146,asset-review/characters/walk/npc_story_captain_elric_snowrest_up_right.png,review-or-quarantine,review-required; not-authorized-for-deletion
DUP-0423,82f31049c3296804af56ab7817ec87b122da32758e5d6e58ee53f493c6529c15,21502,3,43004,asset-review/characters/walk_alternate/npc_story_bellwright_nessa_up.png,review-or-quarantine,review-required; not-authorized-for-deletion
DUP-0423,82f31049c3296804af56ab7817ec87b122da32758e5d6e58ee53f493c6529c15,21502,3,43004,asset-review/characters/walk_alternate/npc_story_bellwright_nessa_up_left.png,review-or-quarantine,review-required; not-authorized-for-deletion
DUP-0423,82f31049c3296804af56ab7817ec87b122da32758e5d6e58ee53f493c6529c15,21502,3,43004,asset-review/characters/walk_alternate/npc_story_bellwright_nessa_up_right.png,review-or-quarantine,review-required; not-authorized-for-deletion
DUP-0424,3a990d99eb4cca664537b182250941c6f18b39d4317c53712a42b7b42aedb30e,21483,3,42966,asset-review/characters/walk_alternate/npc_story_selene_up.png,review-or-quarantine,review-required; not-authorized-for-deletion
DUP-0424,3a990d99eb4cca664537b182250941c6f18b39d4317c53712a42b7b42aedb30e,21483,3,42966,asset-review/characters/walk_alternate/npc_story_selene_up_left.png,review-or-quarantine,review-required; not-authorized-for-deletion
DUP-0424,3a990d99eb4cca664537b182250941c6f18b39d4317c53712a42b7b42aedb30e,21483,3,42966,asset-review/characters/walk_alternate/npc_story_selene_up_right.png,review-or-quarantine,review-required; not-authorized-for-deletion
DUP-0425,6fe31e5c7970c1c2f6801055c0422e4ec233171c012653a866551e9da3ee66cd,42819,2,42819,Java/assets/interiors/props/household/interior_sofa_red.png,runtime-folder-candidate,review-required; not-authorized-for-deletion
DUP-0425,6fe31e5c7970c1c2f6801055c0422e4ec233171c012653a866551e9da3ee66cd,42819,2,42819,asset-review/household-expansion/candidates/household/sofa.png,review-or-quarantine,review-required; not-authorized-for-deletion
DUP-0426,a2f37efa20de7a324a523edd8b29a5eeafc1815c30c31ce93519f79ab6ffbc12,21382,3,42764,asset-review/characters/walk_alternate/npc_story_gravekeeper_hollis_down.png,review-or-quarantine,review-required; not-authorized-for-deletion
DUP-0426,a2f37efa20de7a324a523edd8b29a5eeafc1815c30c31ce93519f79ab6ffbc12,21382,3,42764,asset-review/characters/walk_alternate/npc_story_gravekeeper_hollis_down_left.png,review-or-quarantine,review-required; not-authorized-for-deletion
DUP-0426,a2f37efa20de7a324a523edd8b29a5eeafc1815c30c31ce93519f79ab6ffbc12,21382,3,42764,asset-review/characters/walk_alternate/npc_story_gravekeeper_hollis_down_right.png,review-or-quarantine,review-required; not-authorized-for-deletion
DUP-0427,376092eebc7305c720ae86410336a9a3e6a82c8d6a3ddf4ce05657a8827886c2,21339,3,42678,asset-review/characters/walk_articulated/npc_story_odrick_down.png,review-or-quarantine,review-required; not-authorized-for-deletion
DUP-0427,376092eebc7305c720ae86410336a9a3e6a82c8d6a3ddf4ce05657a8827886c2,21339,3,42678,asset-review/characters/walk_articulated/npc_story_odrick_down_left.png,review-or-quarantine,review-required; not-authorized-for-deletion
DUP-0427,376092eebc7305c720ae86410336a9a3e6a82c8d6a3ddf4ce05657a8827886c2,21339,3,42678,asset-review/characters/walk_articulated/npc_story_odrick_down_right.png,review-or-quarantine,review-required; not-authorized-for-deletion
DUP-0428,a1464cecb09d1755500cc378e959198584fd52c6acfba27c1e76e4022d22c90e,21335,3,42670,asset-review/characters/walk_articulated/npc_liora_up.png,review-or-quarantine,review-required; not-authorized-for-deletion
DUP-0428,a1464cecb09d1755500cc378e959198584fd52c6acfba27c1e76e4022d22c90e,21335,3,42670,asset-review/characters/walk_articulated/npc_liora_up_left.png,review-or-quarantine,review-required; not-authorized-for-deletion
DUP-0428,a1464cecb09d1755500cc378e959198584fd52c6acfba27c1e76e4022d22c90e,21335,3,42670,asset-review/characters/walk_articulated/npc_liora_up_right.png,review-or-quarantine,review-required; not-authorized-for-deletion
DUP-0429,1728e3895ecf26fd5f31e8d3c951dbe602f25a15bffaca6d6bfd362cc7b082f2,42488,2,42488,Java/assets/npcs/regional/npc_regional_highland_artisan_f_model.png,runtime-folder-candidate,review-required; not-authorized-for-deletion
DUP-0429,1728e3895ecf26fd5f31e8d3c951dbe602f25a15bffaca6d6bfd362cc7b082f2,42488,2,42488,Java/assets/npcs/regional/npc_regional_highland_artisan_f_model_down.png,runtime-folder-candidate,review-required; not-authorized-for-deletion
DUP-0430,16ad677aa004decc360967f1beea929d22b36b168d9337d51c3de9a250a1d552,21201,3,42402,asset-review/characters/walk/npc_ren_down.png,review-or-quarantine,review-required; not-authorized-for-deletion
DUP-0430,16ad677aa004decc360967f1beea929d22b36b168d9337d51c3de9a250a1d552,21201,3,42402,asset-review/characters/walk/npc_ren_down_left.png,review-or-quarantine,review-required; not-authorized-for-deletion
DUP-0430,16ad677aa004decc360967f1beea929d22b36b168d9337d51c3de9a250a1d552,21201,3,42402,asset-review/characters/walk/npc_ren_down_right.png,review-or-quarantine,review-required; not-authorized-for-deletion
DUP-0431,6e17768318ed240442129b11817b4691071b617da8e192b017ff71714967fe6a,21158,3,42316,asset-review/characters/walk_articulated/npc_story_ysra_down.png,review-or-quarantine,review-required; not-authorized-for-deletion
DUP-0431,6e17768318ed240442129b11817b4691071b617da8e192b017ff71714967fe6a,21158,3,42316,asset-review/characters/walk_articulated/npc_story_ysra_down_left.png,review-or-quarantine,review-required; not-authorized-for-deletion
DUP-0431,6e17768318ed240442129b11817b4691071b617da8e192b017ff71714967fe6a,21158,3,42316,asset-review/characters/walk_articulated/npc_story_ysra_down_right.png,review-or-quarantine,review-required; not-authorized-for-deletion
DUP-0432,c4969eeb8dd6cba212ecacc15fc82bc840610d9748c28fe7c57925e1966d80e7,21155,3,42310,asset-review/characters/walk/npc_torin_down.png,review-or-quarantine,review-required; not-authorized-for-deletion
DUP-0432,c4969eeb8dd6cba212ecacc15fc82bc840610d9748c28fe7c57925e1966d80e7,21155,3,42310,asset-review/characters/walk/npc_torin_down_left.png,review-or-quarantine,review-required; not-authorized-for-deletion
DUP-0432,c4969eeb8dd6cba212ecacc15fc82bc840610d9748c28fe7c57925e1966d80e7,21155,3,42310,asset-review/characters/walk/npc_torin_down_right.png,review-or-quarantine,review-required; not-authorized-for-deletion
DUP-0433,02f4e4f392a8c641b0b327733f0640bbf0b0b22f295870f026b324a65e15ddc1,21134,3,42268,asset-review/characters/walk_alternate/npc_story_gravekeeper_hollis_up.png,review-or-quarantine,review-required; not-authorized-for-deletion
DUP-0433,02f4e4f392a8c641b0b327733f0640bbf0b0b22f295870f026b324a65e15ddc1,21134,3,42268,asset-review/characters/walk_alternate/npc_story_gravekeeper_hollis_up_left.png,review-or-quarantine,review-required; not-authorized-for-deletion
DUP-0433,02f4e4f392a8c641b0b327733f0640bbf0b0b22f295870f026b324a65e15ddc1,21134,3,42268,asset-review/characters/walk_alternate/npc_story_gravekeeper_hollis_up_right.png,review-or-quarantine,review-required; not-authorized-for-deletion
DUP-0434,5bf691e6c648d306b1267508eac3b3d049b52b329d94090e846ff7fcc0a85bbd,21093,3,42186,asset-review/characters/walk/npc_citizen_woman_up.png,review-or-quarantine,review-required; not-authorized-for-deletion
DUP-0434,5bf691e6c648d306b1267508eac3b3d049b52b329d94090e846ff7fcc0a85bbd,21093,3,42186,asset-review/characters/walk/npc_citizen_woman_up_left.png,review-or-quarantine,review-required; not-authorized-for-deletion
DUP-0434,5bf691e6c648d306b1267508eac3b3d049b52b329d94090e846ff7fcc0a85bbd,21093,3,42186,asset-review/characters/walk/npc_citizen_woman_up_right.png,review-or-quarantine,review-required; not-authorized-for-deletion
DUP-0435,3fc349ed442a3e68052261f26e68ca57168cc1d791f48799931041b55349b7ae,21092,3,42184,asset-review/characters/walk/npc_liora_down.png,review-or-quarantine,review-required; not-authorized-for-deletion
DUP-0435,3fc349ed442a3e68052261f26e68ca57168cc1d791f48799931041b55349b7ae,21092,3,42184,asset-review/characters/walk/npc_liora_down_left.png,review-or-quarantine,review-required; not-authorized-for-deletion
DUP-0435,3fc349ed442a3e68052261f26e68ca57168cc1d791f48799931041b55349b7ae,21092,3,42184,asset-review/characters/walk/npc_liora_down_right.png,review-or-quarantine,review-required; not-authorized-for-deletion
DUP-0436,341e4343c0e20079a81c6459fb6056717525325b17c345ed7429e22ead96c8d8,21069,3,42138,asset-review/characters/walk_articulated/npc_story_odrick_up.png,review-or-quarantine,review-required; not-authorized-for-deletion
DUP-0436,341e4343c0e20079a81c6459fb6056717525325b17c345ed7429e22ead96c8d8,21069,3,42138,asset-review/characters/walk_articulated/npc_story_odrick_up_left.png,review-or-quarantine,review-required; not-authorized-for-deletion
DUP-0436,341e4343c0e20079a81c6459fb6056717525325b17c345ed7429e22ead96c8d8,21069,3,42138,asset-review/characters/walk_articulated/npc_story_odrick_up_right.png,review-or-quarantine,review-required; not-authorized-for-deletion
DUP-0437,6b6b33fc8285caddc45abb1db96b96ddc1ab7d5fa40fc608179fd4d14ecd1641,21059,3,42118,asset-review/characters/walk/npc_vexa_up.png,review-or-quarantine,review-required; not-authorized-for-deletion
DUP-0437,6b6b33fc8285caddc45abb1db96b96ddc1ab7d5fa40fc608179fd4d14ecd1641,21059,3,42118,asset-review/characters/walk/npc_vexa_up_left.png,review-or-quarantine,review-required; not-authorized-for-deletion
DUP-0437,6b6b33fc8285caddc45abb1db96b96ddc1ab7d5fa40fc608179fd4d14ecd1641,21059,3,42118,asset-review/characters/walk/npc_vexa_up_right.png,review-or-quarantine,review-required; not-authorized-for-deletion
DUP-0438,cfc0d10eb50fb451d96681cdba628e2f27cb76fd57f8d77f39459c5c761a0eba,42040,2,42040,Java/assets/npcs/regional/npc_regional_north_miner_f_model.png,runtime-folder-candidate,review-required; not-authorized-for-deletion
DUP-0438,cfc0d10eb50fb451d96681cdba628e2f27cb76fd57f8d77f39459c5c761a0eba,42040,2,42040,Java/assets/npcs/regional/npc_regional_north_miner_f_model_down.png,runtime-folder-candidate,review-required; not-authorized-for-deletion
DUP-0439,e552305b8b9d0665ea660100f7f94fea9df9a2e5e5280bdccec3a4b095dac6f4,20980,3,41960,asset-review/characters/walk/npc_story_odrick_down.png,review-or-quarantine,review-required; not-authorized-for-deletion
DUP-0439,e552305b8b9d0665ea660100f7f94fea9df9a2e5e5280bdccec3a4b095dac6f4,20980,3,41960,asset-review/characters/walk/npc_story_odrick_down_left.png,review-or-quarantine,review-required; not-authorized-for-deletion
DUP-0439,e552305b8b9d0665ea660100f7f94fea9df9a2e5e5280bdccec3a4b095dac6f4,20980,3,41960,asset-review/characters/walk/npc_story_odrick_down_right.png,review-or-quarantine,review-required; not-authorized-for-deletion
DUP-0440,0efb518b98eb813f0bce21fe3b12430e28d6b6d70e190dc72918b5783cf73a39,13986,4,41958,Java/assets/npcs/npc_nyx_model.png,runtime-folder-candidate,review-required; not-authorized-for-deletion
DUP-0440,0efb518b98eb813f0bce21fe3b12430e28d6b6d70e190dc72918b5783cf73a39,13986,4,41958,Java/assets/npcs/npc_nyx_model_down.png,runtime-folder-candidate,review-required; not-authorized-for-deletion
DUP-0440,0efb518b98eb813f0bce21fe3b12430e28d6b6d70e190dc72918b5783cf73a39,13986,4,41958,asset-review/2026-09-22-npcs/before/Java/assets/npcs/npc_nyx_model.png,review-or-quarantine,review-required; not-authorized-for-deletion
DUP-0440,0efb518b98eb813f0bce21fe3b12430e28d6b6d70e190dc72918b5783cf73a39,13986,4,41958,asset-review/2026-09-22-npcs/before/Java/assets/npcs/npc_nyx_model_down.png,review-or-quarantine,review-required; not-authorized-for-deletion
DUP-0441,efd34c5897c3e1fdc58dac5288bffd2ed6bfddb0342fa7408c65648109d4aa9b,20979,3,41958,asset-review/characters/walk_alternate/npc_quartermaster_down.png,review-or-quarantine,review-required; not-authorized-for-deletion
DUP-0441,efd34c5897c3e1fdc58dac5288bffd2ed6bfddb0342fa7408c65648109d4aa9b,20979,3,41958,asset-review/characters/walk_alternate/npc_quartermaster_down_left.png,review-or-quarantine,review-required; not-authorized-for-deletion
DUP-0441,efd34c5897c3e1fdc58dac5288bffd2ed6bfddb0342fa7408c65648109d4aa9b,20979,3,41958,asset-review/characters/walk_alternate/npc_quartermaster_down_right.png,review-or-quarantine,review-required; not-authorized-for-deletion
DUP-0442,ee2d0ed50d8aa1ba4c224b77a60b7779bd47f07a30bc53d68893cb34c07af0ae,20961,3,41922,asset-review/characters/walk_articulated/npc_merchant_up.png,review-or-quarantine,review-required; not-authorized-for-deletion
DUP-0442,ee2d0ed50d8aa1ba4c224b77a60b7779bd47f07a30bc53d68893cb34c07af0ae,20961,3,41922,asset-review/characters/walk_articulated/npc_merchant_up_left.png,review-or-quarantine,review-required; not-authorized-for-deletion
DUP-0442,ee2d0ed50d8aa1ba4c224b77a60b7779bd47f07a30bc53d68893cb34c07af0ae,20961,3,41922,asset-review/characters/walk_articulated/npc_merchant_up_right.png,review-or-quarantine,review-required; not-authorized-for-deletion
DUP-0443,d20dcb20c985b532c55b38ff0be66e29b6e2c3e05f1cf597f2f78ede1439f6e3,20944,3,41888,asset-review/characters/walk_articulated/npc_story_ysra_up.png,review-or-quarantine,review-required; not-authorized-for-deletion
DUP-0443,d20dcb20c985b532c55b38ff0be66e29b6e2c3e05f1cf597f2f78ede1439f6e3,20944,3,41888,asset-review/characters/walk_articulated/npc_story_ysra_up_left.png,review-or-quarantine,review-required; not-authorized-for-deletion
DUP-0443,d20dcb20c985b532c55b38ff0be66e29b6e2c3e05f1cf597f2f78ede1439f6e3,20944,3,41888,asset-review/characters/walk_articulated/npc_story_ysra_up_right.png,review-or-quarantine,review-required; not-authorized-for-deletion
DUP-0444,b43b9ecf8aa00431a171f131cdcdad72cf32eb549bd9794bcb6d4188870bc9c8,20785,3,41570,asset-review/characters/walk/npc_story_odrick_up.png,review-or-quarantine,review-required; not-authorized-for-deletion
DUP-0444,b43b9ecf8aa00431a171f131cdcdad72cf32eb549bd9794bcb6d4188870bc9c8,20785,3,41570,asset-review/characters/walk/npc_story_odrick_up_left.png,review-or-quarantine,review-required; not-authorized-for-deletion
DUP-0444,b43b9ecf8aa00431a171f131cdcdad72cf32eb549bd9794bcb6d4188870bc9c8,20785,3,41570,asset-review/characters/walk/npc_story_odrick_up_right.png,review-or-quarantine,review-required; not-authorized-for-deletion
DUP-0445,76a0e570f1d194eb7789f55a64223f24dcc1396fa88041c4d0a87858c736ee18,20772,3,41544,asset-review/characters/walk/npc_ren_up.png,review-or-quarantine,review-required; not-authorized-for-deletion
DUP-0445,76a0e570f1d194eb7789f55a64223f24dcc1396fa88041c4d0a87858c736ee18,20772,3,41544,asset-review/characters/walk/npc_ren_up_left.png,review-or-quarantine,review-required; not-authorized-for-deletion
DUP-0445,76a0e570f1d194eb7789f55a64223f24dcc1396fa88041c4d0a87858c736ee18,20772,3,41544,asset-review/characters/walk/npc_ren_up_right.png,review-or-quarantine,review-required; not-authorized-for-deletion
DUP-0446,019edda54eb9d4b2c9f799bea3fb863d46a66ccc48d7f86aadf57fd33d3131e6,41430,2,41430,Java/assets/npcs/regional/npc_regional_highland_miner_f_model.png,runtime-folder-candidate,review-required; not-authorized-for-deletion
DUP-0446,019edda54eb9d4b2c9f799bea3fb863d46a66ccc48d7f86aadf57fd33d3131e6,41430,2,41430,Java/assets/npcs/regional/npc_regional_highland_miner_f_model_down.png,runtime-folder-candidate,review-required; not-authorized-for-deletion
DUP-0447,116d0d024acaff1fee19e2835322803e2a42f9f2634e87b85ff64b44f30e26f9,20714,3,41428,asset-review/characters/walk_articulated/npc_story_captain_elric_snowrest_down.png,review-or-quarantine,review-required; not-authorized-for-deletion
DUP-0447,116d0d024acaff1fee19e2835322803e2a42f9f2634e87b85ff64b44f30e26f9,20714,3,41428,asset-review/characters/walk_articulated/npc_story_captain_elric_snowrest_down_left.png,review-or-quarantine,review-required; not-authorized-for-deletion
DUP-0447,116d0d024acaff1fee19e2835322803e2a42f9f2634e87b85ff64b44f30e26f9,20714,3,41428,asset-review/characters/walk_articulated/npc_story_captain_elric_snowrest_down_right.png,review-or-quarantine,review-required; not-authorized-for-deletion
DUP-0448,3778fa55bbfc45e8b7bbae28626c9bf9419a901b3bb84fd2552fb1f80c303285,20680,3,41360,asset-review/characters/walk_articulated/npc_ren_up.png,review-or-quarantine,review-required; not-authorized-for-deletion
DUP-0448,3778fa55bbfc45e8b7bbae28626c9bf9419a901b3bb84fd2552fb1f80c303285,20680,3,41360,asset-review/characters/walk_articulated/npc_ren_up_left.png,review-or-quarantine,review-required; not-authorized-for-deletion
DUP-0448,3778fa55bbfc45e8b7bbae28626c9bf9419a901b3bb84fd2552fb1f80c303285,20680,3,41360,asset-review/characters/walk_articulated/npc_ren_up_right.png,review-or-quarantine,review-required; not-authorized-for-deletion
DUP-0449,f0eeb4b13c9cf09d5104c7232b77f7585d2abeb0b0cc7ecab938606f76e8481b,20678,3,41356,asset-review/characters/walk_articulated/npc_citizen_woman_up.png,review-or-quarantine,review-required; not-authorized-for-deletion
DUP-0449,f0eeb4b13c9cf09d5104c7232b77f7585d2abeb0b0cc7ecab938606f76e8481b,20678,3,41356,asset-review/characters/walk_articulated/npc_citizen_woman_up_left.png,review-or-quarantine,review-required; not-authorized-for-deletion
DUP-0449,f0eeb4b13c9cf09d5104c7232b77f7585d2abeb0b0cc7ecab938606f76e8481b,20678,3,41356,asset-review/characters/walk_articulated/npc_citizen_woman_up_right.png,review-or-quarantine,review-required; not-authorized-for-deletion
DUP-0450,f8a0086a28d1286d8b40378ce03f14f693f7a017a69a1202d759503c381ea9b6,20642,3,41284,asset-review/characters/walk/npc_citizen_woman_down.png,review-or-quarantine,review-required; not-authorized-for-deletion
DUP-0450,f8a0086a28d1286d8b40378ce03f14f693f7a017a69a1202d759503c381ea9b6,20642,3,41284,asset-review/characters/walk/npc_citizen_woman_down_left.png,review-or-quarantine,review-required; not-authorized-for-deletion
DUP-0450,f8a0086a28d1286d8b40378ce03f14f693f7a017a69a1202d759503c381ea9b6,20642,3,41284,asset-review/characters/walk/npc_citizen_woman_down_right.png,review-or-quarantine,review-required; not-authorized-for-deletion
DUP-0451,f52f0b3724e52ba9a63db77d8b7afcf64f09d6e481b52821e76f05056df7c388,20614,3,41228,asset-review/characters/walk_articulated/npc_story_captain_elric_snowrest_up.png,review-or-quarantine,review-required; not-authorized-for-deletion
DUP-0451,f52f0b3724e52ba9a63db77d8b7afcf64f09d6e481b52821e76f05056df7c388,20614,3,41228,asset-review/characters/walk_articulated/npc_story_captain_elric_snowrest_up_left.png,review-or-quarantine,review-required; not-authorized-for-deletion
DUP-0451,f52f0b3724e52ba9a63db77d8b7afcf64f09d6e481b52821e76f05056df7c388,20614,3,41228,asset-review/characters/walk_articulated/npc_story_captain_elric_snowrest_up_right.png,review-or-quarantine,review-required; not-authorized-for-deletion
DUP-0452,1a1d89f6127834a89070caafd0f948888bd3f4e1adab3c44e83bda13ee13eab1,20555,3,41110,asset-review/characters/walk/npc_story_ysra_down.png,review-or-quarantine,review-required; not-authorized-for-deletion
DUP-0452,1a1d89f6127834a89070caafd0f948888bd3f4e1adab3c44e83bda13ee13eab1,20555,3,41110,asset-review/characters/walk/npc_story_ysra_down_left.png,review-or-quarantine,review-required; not-authorized-for-deletion
DUP-0452,1a1d89f6127834a89070caafd0f948888bd3f4e1adab3c44e83bda13ee13eab1,20555,3,41110,asset-review/characters/walk/npc_story_ysra_down_right.png,review-or-quarantine,review-required; not-authorized-for-deletion
DUP-0453,aab81e525022ec2cde7dff272a794eb22e204e97dcda9d46709cdb9be234ea5f,40958,2,40958,Java/assets/npcs/regional/npc_regional_north_guard_m_model.png,runtime-folder-candidate,review-required; not-authorized-for-deletion
DUP-0453,aab81e525022ec2cde7dff272a794eb22e204e97dcda9d46709cdb9be234ea5f,40958,2,40958,Java/assets/npcs/regional/npc_regional_north_guard_m_model_down.png,runtime-folder-candidate,review-required; not-authorized-for-deletion
DUP-0454,7fd329f3c635bf312f8d5e8554d5f6810618110f62f840645b5d7cc9166fb4a8,20476,3,40952,asset-review/characters/walk_articulated/npc_citizen_woman_down.png,review-or-quarantine,review-required; not-authorized-for-deletion
DUP-0454,7fd329f3c635bf312f8d5e8554d5f6810618110f62f840645b5d7cc9166fb4a8,20476,3,40952,asset-review/characters/walk_articulated/npc_citizen_woman_down_left.png,review-or-quarantine,review-required; not-authorized-for-deletion
DUP-0454,7fd329f3c635bf312f8d5e8554d5f6810618110f62f840645b5d7cc9166fb4a8,20476,3,40952,asset-review/characters/walk_articulated/npc_citizen_woman_down_right.png,review-or-quarantine,review-required; not-authorized-for-deletion
DUP-0455,860a19122803358337b55fb4addca5eda97a95eb002a5575f08833c177298246,40810,2,40810,Java/assets/npcs/regional/npc_regional_desert_miner_f_model.png,runtime-folder-candidate,review-required; not-authorized-for-deletion
DUP-0455,860a19122803358337b55fb4addca5eda97a95eb002a5575f08833c177298246,40810,2,40810,Java/assets/npcs/regional/npc_regional_desert_miner_f_model_down.png,runtime-folder-candidate,review-required; not-authorized-for-deletion
DUP-0456,ac57b5833423613701f25e75d514e86215df47cbe7aca853337b38c497d4d08b,20398,3,40796,asset-review/characters/walk_articulated/npc_quartermaster_down.png,review-or-quarantine,review-required; not-authorized-for-deletion
DUP-0456,ac57b5833423613701f25e75d514e86215df47cbe7aca853337b38c497d4d08b,20398,3,40796,asset-review/characters/walk_articulated/npc_quartermaster_down_left.png,review-or-quarantine,review-required; not-authorized-for-deletion
DUP-0456,ac57b5833423613701f25e75d514e86215df47cbe7aca853337b38c497d4d08b,20398,3,40796,asset-review/characters/walk_articulated/npc_quartermaster_down_right.png,review-or-quarantine,review-required; not-authorized-for-deletion
DUP-0457,74f6d4696221fccb218400b5d88c3adc6628541af745481022e505ea59a9e5eb,40705,2,40705,Java/assets/npcs/regional/npc_regional_temperate_miner_f_model.png,runtime-folder-candidate,review-required; not-authorized-for-deletion
DUP-0457,74f6d4696221fccb218400b5d88c3adc6628541af745481022e505ea59a9e5eb,40705,2,40705,Java/assets/npcs/regional/npc_regional_temperate_miner_f_model_down.png,runtime-folder-candidate,review-required; not-authorized-for-deletion
DUP-0458,baa831f76481ee97a09f2c04c4b5b8593b79a7448df1df177f145300ffe68fc9,20343,3,40686,asset-review/characters/walk/npc_story_ysra_up.png,review-or-quarantine,review-required; not-authorized-for-deletion
DUP-0458,baa831f76481ee97a09f2c04c4b5b8593b79a7448df1df177f145300ffe68fc9,20343,3,40686,asset-review/characters/walk/npc_story_ysra_up_left.png,review-or-quarantine,review-required; not-authorized-for-deletion
DUP-0458,baa831f76481ee97a09f2c04c4b5b8593b79a7448df1df177f145300ffe68fc9,20343,3,40686,asset-review/characters/walk/npc_story_ysra_up_right.png,review-or-quarantine,review-required; not-authorized-for-deletion
DUP-0459,8cec719316512528d29a67981036f1f8563a85ba2cc09361b97ec025b265d8fb,40664,2,40664,Java/assets/npcs/regional/npc_regional_north_artisan_f_model.png,runtime-folder-candidate,review-required; not-authorized-for-deletion
DUP-0459,8cec719316512528d29a67981036f1f8563a85ba2cc09361b97ec025b265d8fb,40664,2,40664,Java/assets/npcs/regional/npc_regional_north_artisan_f_model_down.png,runtime-folder-candidate,review-required; not-authorized-for-deletion
DUP-0460,4e00e5b0a47b7dcde60a0224cffbdf33dd4323fca22e6d25feb82f82682cb7b3,20260,3,40520,asset-review/characters/walk/npc_liora_up.png,review-or-quarantine,review-required; not-authorized-for-deletion
DUP-0460,4e00e5b0a47b7dcde60a0224cffbdf33dd4323fca22e6d25feb82f82682cb7b3,20260,3,40520,asset-review/characters/walk/npc_liora_up_left.png,review-or-quarantine,review-required; not-authorized-for-deletion
DUP-0460,4e00e5b0a47b7dcde60a0224cffbdf33dd4323fca22e6d25feb82f82682cb7b3,20260,3,40520,asset-review/characters/walk/npc_liora_up_right.png,review-or-quarantine,review-required; not-authorized-for-deletion
DUP-0461,8410b8edf4d49c8a24013fb47b43246c738827dcb9b6c08941604f0f3b8b2cab,40336,2,40336,Java/assets/npcs/regional/npc_regional_highland_guard_m_model.png,runtime-folder-candidate,review-required; not-authorized-for-deletion
DUP-0461,8410b8edf4d49c8a24013fb47b43246c738827dcb9b6c08941604f0f3b8b2cab,40336,2,40336,Java/assets/npcs/regional/npc_regional_highland_guard_m_model_down.png,runtime-folder-candidate,review-required; not-authorized-for-deletion
DUP-0462,c3450539b96c1c7b5ca1c3f9072cb7e6d6b0dbe1a6ed4ebb0e8e7b735b7693b1,20159,3,40318,asset-review/characters/idle/npc_orin_up.png,review-or-quarantine,review-required; not-authorized-for-deletion
DUP-0462,c3450539b96c1c7b5ca1c3f9072cb7e6d6b0dbe1a6ed4ebb0e8e7b735b7693b1,20159,3,40318,asset-review/characters/idle/npc_orin_up_left.png,review-or-quarantine,review-required; not-authorized-for-deletion
DUP-0462,c3450539b96c1c7b5ca1c3f9072cb7e6d6b0dbe1a6ed4ebb0e8e7b735b7693b1,20159,3,40318,asset-review/characters/idle/npc_orin_up_right.png,review-or-quarantine,review-required; not-authorized-for-deletion
DUP-0463,51f578591048ab3c2729e70f1a1725022c2281fa6e18ac46306440a865a40002,20133,3,40266,asset-review/characters/idle/npc_orin_down.png,review-or-quarantine,review-required; not-authorized-for-deletion
DUP-0463,51f578591048ab3c2729e70f1a1725022c2281fa6e18ac46306440a865a40002,20133,3,40266,asset-review/characters/idle/npc_orin_down_left.png,review-or-quarantine,review-required; not-authorized-for-deletion
DUP-0463,51f578591048ab3c2729e70f1a1725022c2281fa6e18ac46306440a865a40002,20133,3,40266,asset-review/characters/idle/npc_orin_down_right.png,review-or-quarantine,review-required; not-authorized-for-deletion
DUP-0464,11299889ca07e452e4adcc75741a0754bc14578f599ca340050dfe0b0c2e10f7,40249,2,40249,Java/assets/interiors/props/household/interior_chest_of_drawers.png,runtime-folder-candidate,review-required; not-authorized-for-deletion
DUP-0464,11299889ca07e452e4adcc75741a0754bc14578f599ca340050dfe0b0c2e10f7,40249,2,40249,asset-review/household-expansion/candidates/household/chest_drawers.png,review-or-quarantine,review-required; not-authorized-for-deletion
DUP-0465,30166a48bbbbad44ccde16b1d71b519e8ef568a001d1212b660b76331be1a111,20086,3,40172,asset-review/characters/walk_articulated/npc_nyx_down.png,review-or-quarantine,review-required; not-authorized-for-deletion
DUP-0465,30166a48bbbbad44ccde16b1d71b519e8ef568a001d1212b660b76331be1a111,20086,3,40172,asset-review/characters/walk_articulated/npc_nyx_down_left.png,review-or-quarantine,review-required; not-authorized-for-deletion
DUP-0465,30166a48bbbbad44ccde16b1d71b519e8ef568a001d1212b660b76331be1a111,20086,3,40172,asset-review/characters/walk_articulated/npc_nyx_down_right.png,review-or-quarantine,review-required; not-authorized-for-deletion
DUP-0466,c8a0635c07075974714a9d1733c2b2046c8a636e800d07cd427f4e30b2c5a4b8,40058,2,40058,Java/assets/npcs/regional/npc_regional_temperate_artisan_m_model.png,runtime-folder-candidate,review-required; not-authorized-for-deletion
DUP-0466,c8a0635c07075974714a9d1733c2b2046c8a636e800d07cd427f4e30b2c5a4b8,40058,2,40058,Java/assets/npcs/regional/npc_regional_temperate_artisan_m_model_down.png,runtime-folder-candidate,review-required; not-authorized-for-deletion
DUP-0467,817f6eabe93e7e8d118b8446d3b330169ed6e1addfd56455071e7bdf8116337f,19938,3,39876,asset-review/characters/walk_articulated/npc_story_mirella_down.png,review-or-quarantine,review-required; not-authorized-for-deletion
DUP-0467,817f6eabe93e7e8d118b8446d3b330169ed6e1addfd56455071e7bdf8116337f,19938,3,39876,asset-review/characters/walk_articulated/npc_story_mirella_down_left.png,review-or-quarantine,review-required; not-authorized-for-deletion
DUP-0467,817f6eabe93e7e8d118b8446d3b330169ed6e1addfd56455071e7bdf8116337f,19938,3,39876,asset-review/characters/walk_articulated/npc_story_mirella_down_right.png,review-or-quarantine,review-required; not-authorized-for-deletion
DUP-0468,b101952228d19b844a40bfb9f108415823c51e45786dc7f0c3f3e6b7595ab78d,19854,3,39708,asset-review/characters/walk_alternate/npc_quartermaster_up.png,review-or-quarantine,review-required; not-authorized-for-deletion
DUP-0468,b101952228d19b844a40bfb9f108415823c51e45786dc7f0c3f3e6b7595ab78d,19854,3,39708,asset-review/characters/walk_alternate/npc_quartermaster_up_left.png,review-or-quarantine,review-required; not-authorized-for-deletion
DUP-0468,b101952228d19b844a40bfb9f108415823c51e45786dc7f0c3f3e6b7595ab78d,19854,3,39708,asset-review/characters/walk_alternate/npc_quartermaster_up_right.png,review-or-quarantine,review-required; not-authorized-for-deletion
DUP-0469,b9e98f45ea763c5f0cda981d22fbc44ca101d36b70f3109bda9b8cb5d4f5d289,19847,3,39694,asset-review/characters/walk_articulated/npc_story_maelis_down.png,review-or-quarantine,review-required; not-authorized-for-deletion
DUP-0469,b9e98f45ea763c5f0cda981d22fbc44ca101d36b70f3109bda9b8cb5d4f5d289,19847,3,39694,asset-review/characters/walk_articulated/npc_story_maelis_down_left.png,review-or-quarantine,review-required; not-authorized-for-deletion
DUP-0469,b9e98f45ea763c5f0cda981d22fbc44ca101d36b70f3109bda9b8cb5d4f5d289,19847,3,39694,asset-review/characters/walk_articulated/npc_story_maelis_down_right.png,review-or-quarantine,review-required; not-authorized-for-deletion
DUP-0470,c9a50bed6121508627a1abb31ce4b585168837598da919ea0f3761322741e082,19835,3,39670,asset-review/characters/walk/npc_kael_up.png,review-or-quarantine,review-required; not-authorized-for-deletion
DUP-0470,c9a50bed6121508627a1abb31ce4b585168837598da919ea0f3761322741e082,19835,3,39670,asset-review/characters/walk/npc_kael_up_left.png,review-or-quarantine,review-required; not-authorized-for-deletion
DUP-0470,c9a50bed6121508627a1abb31ce4b585168837598da919ea0f3761322741e082,19835,3,39670,asset-review/characters/walk/npc_kael_up_right.png,review-or-quarantine,review-required; not-authorized-for-deletion
DUP-0471,08056a666f4184617c3738fbd6af5911a12a490badf3f4ed98ec5bddfeac2cd9,39483,2,39483,Java/assets/npcs/regional/npc_regional_temperate_artisan_f_model.png,runtime-folder-candidate,review-required; not-authorized-for-deletion
DUP-0471,08056a666f4184617c3738fbd6af5911a12a490badf3f4ed98ec5bddfeac2cd9,39483,2,39483,Java/assets/npcs/regional/npc_regional_temperate_artisan_f_model_down.png,runtime-folder-candidate,review-required; not-authorized-for-deletion
DUP-0472,d98f7186ea3e2a005959e205a76d7cff105394cf75005ec16de81d2eec182ff2,19635,3,39270,asset-review/characters/walk_articulated/npc_story_mirella_up.png,review-or-quarantine,review-required; not-authorized-for-deletion
DUP-0472,d98f7186ea3e2a005959e205a76d7cff105394cf75005ec16de81d2eec182ff2,19635,3,39270,asset-review/characters/walk_articulated/npc_story_mirella_up_left.png,review-or-quarantine,review-required; not-authorized-for-deletion
DUP-0472,d98f7186ea3e2a005959e205a76d7cff105394cf75005ec16de81d2eec182ff2,19635,3,39270,asset-review/characters/walk_articulated/npc_story_mirella_up_right.png,review-or-quarantine,review-required; not-authorized-for-deletion
DUP-0473,524aa67371a7a286603d3c200aea330a73adf610ef2068e169643d44f37c83f4,39207,2,39207,Java/assets/npcs/regional/npc_regional_temperate_guard_m_model.png,runtime-folder-candidate,review-required; not-authorized-for-deletion
DUP-0473,524aa67371a7a286603d3c200aea330a73adf610ef2068e169643d44f37c83f4,39207,2,39207,Java/assets/npcs/regional/npc_regional_temperate_guard_m_model_down.png,runtime-folder-candidate,review-required; not-authorized-for-deletion
DUP-0474,e284477338645bd1fa3c28bb3e9a2a19c690b8c2e257e6c18d86f102abc1e750,19598,3,39196,asset-review/characters/walk/npc_sable_down.png,review-or-quarantine,review-required; not-authorized-for-deletion
DUP-0474,e284477338645bd1fa3c28bb3e9a2a19c690b8c2e257e6c18d86f102abc1e750,19598,3,39196,asset-review/characters/walk/npc_sable_down_left.png,review-or-quarantine,review-required; not-authorized-for-deletion
DUP-0474,e284477338645bd1fa3c28bb3e9a2a19c690b8c2e257e6c18d86f102abc1e750,19598,3,39196,asset-review/characters/walk/npc_sable_down_right.png,review-or-quarantine,review-required; not-authorized-for-deletion
DUP-0475,cf070db3d072d81a58264b607cb91133a2afaa6b09ae263da609356d474f05c3,39159,2,39159,Java/assets/npcs/regional/npc_regional_marsh_miner_f_model.png,runtime-folder-candidate,review-required; not-authorized-for-deletion
DUP-0475,cf070db3d072d81a58264b607cb91133a2afaa6b09ae263da609356d474f05c3,39159,2,39159,Java/assets/npcs/regional/npc_regional_marsh_miner_f_model_down.png,runtime-folder-candidate,review-required; not-authorized-for-deletion
DUP-0476,10a5aa2a3a140eb8f8b3fe5a5685fbd678b2f126e20f7b1df24ef877d61f4721,19560,3,39120,asset-review/characters/walk_articulated/npc_story_maelis_up.png,review-or-quarantine,review-required; not-authorized-for-deletion
DUP-0476,10a5aa2a3a140eb8f8b3fe5a5685fbd678b2f126e20f7b1df24ef877d61f4721,19560,3,39120,asset-review/characters/walk_articulated/npc_story_maelis_up_left.png,review-or-quarantine,review-required; not-authorized-for-deletion
DUP-0476,10a5aa2a3a140eb8f8b3fe5a5685fbd678b2f126e20f7b1df24ef877d61f4721,19560,3,39120,asset-review/characters/walk_articulated/npc_story_maelis_up_right.png,review-or-quarantine,review-required; not-authorized-for-deletion
DUP-0477,e758dea2fbec5d2d56a03f8ef2ca9558891670888f812c1df2ff7a875b27c462,19487,3,38974,asset-review/characters/walk/npc_nyx_up.png,review-or-quarantine,review-required; not-authorized-for-deletion
DUP-0477,e758dea2fbec5d2d56a03f8ef2ca9558891670888f812c1df2ff7a875b27c462,19487,3,38974,asset-review/characters/walk/npc_nyx_up_left.png,review-or-quarantine,review-required; not-authorized-for-deletion
DUP-0477,e758dea2fbec5d2d56a03f8ef2ca9558891670888f812c1df2ff7a875b27c462,19487,3,38974,asset-review/characters/walk/npc_nyx_up_right.png,review-or-quarantine,review-required; not-authorized-for-deletion
DUP-0478,bc9672f1aa0aad37eec813989004fd7f5d5c289f34ff1428fb2ff9eb2a0c943f,38880,2,38880,Java/assets/npcs/regional/npc_regional_temperate_miner_m_model.png,runtime-folder-candidate,review-required; not-authorized-for-deletion
DUP-0478,bc9672f1aa0aad37eec813989004fd7f5d5c289f34ff1428fb2ff9eb2a0c943f,38880,2,38880,Java/assets/npcs/regional/npc_regional_temperate_miner_m_model_down.png,runtime-folder-candidate,review-required; not-authorized-for-deletion
DUP-0479,f756e0a24ca8c20782f8014b065c52ec0afec796ee3e8fd906357ba026ea2a7c,19344,3,38688,asset-review/characters/walk_articulated/npc_baker_up.png,review-or-quarantine,review-required; not-authorized-for-deletion
DUP-0479,f756e0a24ca8c20782f8014b065c52ec0afec796ee3e8fd906357ba026ea2a7c,19344,3,38688,asset-review/characters/walk_articulated/npc_baker_up_left.png,review-or-quarantine,review-required; not-authorized-for-deletion
DUP-0479,f756e0a24ca8c20782f8014b065c52ec0afec796ee3e8fd906357ba026ea2a7c,19344,3,38688,asset-review/characters/walk_articulated/npc_baker_up_right.png,review-or-quarantine,review-required; not-authorized-for-deletion
DUP-0480,84d87fd6ba7af6c7e21e799999ed5186369621901bbbf6800d218227be23c5b1,38671,2,38671,Java/assets/npcs/regional/npc_regional_desert_guard_m_model.png,runtime-folder-candidate,review-required; not-authorized-for-deletion
DUP-0480,84d87fd6ba7af6c7e21e799999ed5186369621901bbbf6800d218227be23c5b1,38671,2,38671,Java/assets/npcs/regional/npc_regional_desert_guard_m_model_down.png,runtime-folder-candidate,review-required; not-authorized-for-deletion
DUP-0481,a3e0057f0926568bc6259a536d5e62cdb99bdc7d293172426bf98fd3d54378cd,19329,3,38658,asset-review/characters/walk_articulated/npc_baker_down.png,review-or-quarantine,review-required; not-authorized-for-deletion
DUP-0481,a3e0057f0926568bc6259a536d5e62cdb99bdc7d293172426bf98fd3d54378cd,19329,3,38658,asset-review/characters/walk_articulated/npc_baker_down_left.png,review-or-quarantine,review-required; not-authorized-for-deletion
DUP-0481,a3e0057f0926568bc6259a536d5e62cdb99bdc7d293172426bf98fd3d54378cd,19329,3,38658,asset-review/characters/walk_articulated/npc_baker_down_right.png,review-or-quarantine,review-required; not-authorized-for-deletion
DUP-0482,9d4072607ccf7f481f7e8e4a6b605330e5b98a08dbd205162880d92c8ddd385d,38629,2,38629,Java/assets/interiors/props/specialized/interior_low_cupboard.png,runtime-folder-candidate,review-required; not-authorized-for-deletion
DUP-0482,9d4072607ccf7f481f7e8e4a6b605330e5b98a08dbd205162880d92c8ddd385d,38629,2,38629,asset-review/household-expansion/candidates/household/low_cupboard.png,review-or-quarantine,review-required; not-authorized-for-deletion
DUP-0483,a941878aed821dd8cc5b7455befb658cca305c8ec7ad5b7aa1e4fcc74b42e0ba,38509,2,38509,Java/assets/npcs/regional/npc_regional_temperate_healer_f_model.png,runtime-folder-candidate,review-required; not-authorized-for-deletion
DUP-0483,a941878aed821dd8cc5b7455befb658cca305c8ec7ad5b7aa1e4fcc74b42e0ba,38509,2,38509,Java/assets/npcs/regional/npc_regional_temperate_healer_f_model_down.png,runtime-folder-candidate,review-required; not-authorized-for-deletion
DUP-0484,4f58f44461ca6c5dac8a8ba125dc2133b3f997c36ea096e56e6d994c9a0dfa56,19249,3,38498,asset-review/characters/walk/npc_story_maelis_down.png,review-or-quarantine,review-required; not-authorized-for-deletion
DUP-0484,4f58f44461ca6c5dac8a8ba125dc2133b3f997c36ea096e56e6d994c9a0dfa56,19249,3,38498,asset-review/characters/walk/npc_story_maelis_down_left.png,review-or-quarantine,review-required; not-authorized-for-deletion
DUP-0484,4f58f44461ca6c5dac8a8ba125dc2133b3f997c36ea096e56e6d994c9a0dfa56,19249,3,38498,asset-review/characters/walk/npc_story_maelis_down_right.png,review-or-quarantine,review-required; not-authorized-for-deletion
DUP-0485,fd01f1017f624d8eaa92abd256ef288ff566a7fece49c1d99d967aab76f9d553,19244,3,38488,asset-review/characters/walk_articulated/npc_quartermaster_up.png,review-or-quarantine,review-required; not-authorized-for-deletion
DUP-0485,fd01f1017f624d8eaa92abd256ef288ff566a7fece49c1d99d967aab76f9d553,19244,3,38488,asset-review/characters/walk_articulated/npc_quartermaster_up_left.png,review-or-quarantine,review-required; not-authorized-for-deletion
DUP-0485,fd01f1017f624d8eaa92abd256ef288ff566a7fece49c1d99d967aab76f9d553,19244,3,38488,asset-review/characters/walk_articulated/npc_quartermaster_up_right.png,review-or-quarantine,review-required; not-authorized-for-deletion
DUP-0486,15494f75b4d63cd7e16ddb3240bb34909fb8692ca98d6ec8d47b94d4ce295ddb,19198,3,38396,asset-review/characters/walk/npc_baker_up.png,review-or-quarantine,review-required; not-authorized-for-deletion
DUP-0486,15494f75b4d63cd7e16ddb3240bb34909fb8692ca98d6ec8d47b94d4ce295ddb,19198,3,38396,asset-review/characters/walk/npc_baker_up_left.png,review-or-quarantine,review-required; not-authorized-for-deletion
DUP-0486,15494f75b4d63cd7e16ddb3240bb34909fb8692ca98d6ec8d47b94d4ce295ddb,19198,3,38396,asset-review/characters/walk/npc_baker_up_right.png,review-or-quarantine,review-required; not-authorized-for-deletion
DUP-0487,34c228ba187058515de81c638d1f01f2cd5c3c542112fb152d5ce7510e77eee7,38111,2,38111,Java/assets/npcs/regional/npc_regional_marsh_artisan_f_model.png,runtime-folder-candidate,review-required; not-authorized-for-deletion
DUP-0487,34c228ba187058515de81c638d1f01f2cd5c3c542112fb152d5ce7510e77eee7,38111,2,38111,Java/assets/npcs/regional/npc_regional_marsh_artisan_f_model_down.png,runtime-folder-candidate,review-required; not-authorized-for-deletion
DUP-0488,5dd54bbaa69254399ecefbbd76b491c98aef6d6df3e1ecd6bad829986bc9eff1,18991,3,37982,asset-review/characters/walk_articulated/npc_citizen_man_down.png,review-or-quarantine,review-required; not-authorized-for-deletion
DUP-0488,5dd54bbaa69254399ecefbbd76b491c98aef6d6df3e1ecd6bad829986bc9eff1,18991,3,37982,asset-review/characters/walk_articulated/npc_citizen_man_down_left.png,review-or-quarantine,review-required; not-authorized-for-deletion
DUP-0488,5dd54bbaa69254399ecefbbd76b491c98aef6d6df3e1ecd6bad829986bc9eff1,18991,3,37982,asset-review/characters/walk_articulated/npc_citizen_man_down_right.png,review-or-quarantine,review-required; not-authorized-for-deletion
DUP-0489,afa3554363191baf343cb43888e5adb0319cfd78d5f752b35b6dfc94782652cc,18986,3,37972,asset-review/characters/walk/npc_citizen_man_down.png,review-or-quarantine,review-required; not-authorized-for-deletion
DUP-0489,afa3554363191baf343cb43888e5adb0319cfd78d5f752b35b6dfc94782652cc,18986,3,37972,asset-review/characters/walk/npc_citizen_man_down_left.png,review-or-quarantine,review-required; not-authorized-for-deletion
DUP-0489,afa3554363191baf343cb43888e5adb0319cfd78d5f752b35b6dfc94782652cc,18986,3,37972,asset-review/characters/walk/npc_citizen_man_down_right.png,review-or-quarantine,review-required; not-authorized-for-deletion
DUP-0490,91475a360a35a1ad49878486a736dd42128bfff81e048635e9581a8526fe263b,18979,3,37958,asset-review/characters/walk/npc_story_maelis_up.png,review-or-quarantine,review-required; not-authorized-for-deletion
DUP-0490,91475a360a35a1ad49878486a736dd42128bfff81e048635e9581a8526fe263b,18979,3,37958,asset-review/characters/walk/npc_story_maelis_up_left.png,review-or-quarantine,review-required; not-authorized-for-deletion
DUP-0490,91475a360a35a1ad49878486a736dd42128bfff81e048635e9581a8526fe263b,18979,3,37958,asset-review/characters/walk/npc_story_maelis_up_right.png,review-or-quarantine,review-required; not-authorized-for-deletion
DUP-0491,42fd923a08a2338dc0f8c92ff89f659aed9b943a4a9edb8a2cda5a9c1793ee5e,37957,2,37957,Java/assets/npcs/regional/npc_regional_north_trader_f_model.png,runtime-folder-candidate,review-required; not-authorized-for-deletion
DUP-0491,42fd923a08a2338dc0f8c92ff89f659aed9b943a4a9edb8a2cda5a9c1793ee5e,37957,2,37957,Java/assets/npcs/regional/npc_regional_north_trader_f_model_down.png,runtime-folder-candidate,review-required; not-authorized-for-deletion
DUP-0492,c694cc0f607c4033607b93ebbfce440482abe648fb4243b40401983ae1945d46,18926,3,37852,asset-review/characters/walk_articulated/npc_citizen_man_up.png,review-or-quarantine,review-required; not-authorized-for-deletion
DUP-0492,c694cc0f607c4033607b93ebbfce440482abe648fb4243b40401983ae1945d46,18926,3,37852,asset-review/characters/walk_articulated/npc_citizen_man_up_left.png,review-or-quarantine,review-required; not-authorized-for-deletion
DUP-0492,c694cc0f607c4033607b93ebbfce440482abe648fb4243b40401983ae1945d46,18926,3,37852,asset-review/characters/walk_articulated/npc_citizen_man_up_right.png,review-or-quarantine,review-required; not-authorized-for-deletion
DUP-0493,c70319848fa474585ab4bfc36ef17572276233591d523a9c44592a80e9a64a4a,18916,3,37832,asset-review/characters/walk/npc_sable_up.png,review-or-quarantine,review-required; not-authorized-for-deletion
DUP-0493,c70319848fa474585ab4bfc36ef17572276233591d523a9c44592a80e9a64a4a,18916,3,37832,asset-review/characters/walk/npc_sable_up_left.png,review-or-quarantine,review-required; not-authorized-for-deletion
DUP-0493,c70319848fa474585ab4bfc36ef17572276233591d523a9c44592a80e9a64a4a,18916,3,37832,asset-review/characters/walk/npc_sable_up_right.png,review-or-quarantine,review-required; not-authorized-for-deletion
DUP-0494,01e97e258626b8be1b23d433ba00e1c3fb2a195a9f3ed344ea90d955d25588fd,18884,3,37768,asset-review/characters/walk/npc_citizen_man_up.png,review-or-quarantine,review-required; not-authorized-for-deletion
DUP-0494,01e97e258626b8be1b23d433ba00e1c3fb2a195a9f3ed344ea90d955d25588fd,18884,3,37768,asset-review/characters/walk/npc_citizen_man_up_left.png,review-or-quarantine,review-required; not-authorized-for-deletion
DUP-0494,01e97e258626b8be1b23d433ba00e1c3fb2a195a9f3ed344ea90d955d25588fd,18884,3,37768,asset-review/characters/walk/npc_citizen_man_up_right.png,review-or-quarantine,review-required; not-authorized-for-deletion
DUP-0495,b532f0a9735cb9116838a9e1b07b8625c293b323c32e1ac91e96589fcce13b1b,37715,2,37715,Java/assets/npcs/regional/npc_regional_marsh_healer_f_model.png,runtime-folder-candidate,review-required; not-authorized-for-deletion
DUP-0495,b532f0a9735cb9116838a9e1b07b8625c293b323c32e1ac91e96589fcce13b1b,37715,2,37715,Java/assets/npcs/regional/npc_regional_marsh_healer_f_model_down.png,runtime-folder-candidate,review-required; not-authorized-for-deletion
DUP-0496,e08e4200098975ecb04b128ce5f70a93541f584713a68b329d999f3d4da78427,18775,3,37550,asset-review/characters/walk_articulated/npc_story_ash_scribe_damar_down.png,review-or-quarantine,review-required; not-authorized-for-deletion
DUP-0496,e08e4200098975ecb04b128ce5f70a93541f584713a68b329d999f3d4da78427,18775,3,37550,asset-review/characters/walk_articulated/npc_story_ash_scribe_damar_down_left.png,review-or-quarantine,review-required; not-authorized-for-deletion
DUP-0496,e08e4200098975ecb04b128ce5f70a93541f584713a68b329d999f3d4da78427,18775,3,37550,asset-review/characters/walk_articulated/npc_story_ash_scribe_damar_down_right.png,review-or-quarantine,review-required; not-authorized-for-deletion
DUP-0497,b44074f5bf7648d1aa942150394eb1e234838ace05d40844668f61f08c016998,18726,3,37452,asset-review/characters/walk/npc_baker_down.png,review-or-quarantine,review-required; not-authorized-for-deletion
DUP-0497,b44074f5bf7648d1aa942150394eb1e234838ace05d40844668f61f08c016998,18726,3,37452,asset-review/characters/walk/npc_baker_down_left.png,review-or-quarantine,review-required; not-authorized-for-deletion
DUP-0497,b44074f5bf7648d1aa942150394eb1e234838ace05d40844668f61f08c016998,18726,3,37452,asset-review/characters/walk/npc_baker_down_right.png,review-or-quarantine,review-required; not-authorized-for-deletion
DUP-0498,62f0204eb07dea9c70cf57d7162b4ebd8b265af958bf3a58ca8552ba63c3570e,18630,3,37260,asset-review/characters/walk_articulated/npc_story_solari_down.png,review-or-quarantine,review-required; not-authorized-for-deletion
DUP-0498,62f0204eb07dea9c70cf57d7162b4ebd8b265af958bf3a58ca8552ba63c3570e,18630,3,37260,asset-review/characters/walk_articulated/npc_story_solari_down_left.png,review-or-quarantine,review-required; not-authorized-for-deletion
DUP-0498,62f0204eb07dea9c70cf57d7162b4ebd8b265af958bf3a58ca8552ba63c3570e,18630,3,37260,asset-review/characters/walk_articulated/npc_story_solari_down_right.png,review-or-quarantine,review-required; not-authorized-for-deletion
DUP-0499,b6cc09a500a0e683c411de937b8bab958623f7ce454d515f761f168902aa15ca,18590,3,37180,asset-review/characters/walk_articulated/npc_kael_down.png,review-or-quarantine,review-required; not-authorized-for-deletion
DUP-0499,b6cc09a500a0e683c411de937b8bab958623f7ce454d515f761f168902aa15ca,18590,3,37180,asset-review/characters/walk_articulated/npc_kael_down_left.png,review-or-quarantine,review-required; not-authorized-for-deletion
DUP-0499,b6cc09a500a0e683c411de937b8bab958623f7ce454d515f761f168902aa15ca,18590,3,37180,asset-review/characters/walk_articulated/npc_kael_down_right.png,review-or-quarantine,review-required; not-authorized-for-deletion
DUP-0500,52e349d67adc5a90939b2a4727b61a7f40ee1eece43c0b57655902c2bcb2fe49,18577,3,37154,asset-review/characters/walk/npc_story_mirella_down.png,review-or-quarantine,review-required; not-authorized-for-deletion
DUP-0500,52e349d67adc5a90939b2a4727b61a7f40ee1eece43c0b57655902c2bcb2fe49,18577,3,37154,asset-review/characters/walk/npc_story_mirella_down_left.png,review-or-quarantine,review-required; not-authorized-for-deletion
DUP-0500,52e349d67adc5a90939b2a4727b61a7f40ee1eece43c0b57655902c2bcb2fe49,18577,3,37154,asset-review/characters/walk/npc_story_mirella_down_right.png,review-or-quarantine,review-required; not-authorized-for-deletion
DUP-0501,3bd3878fea3820ee1f7d177896479f7c39b1f42dc83bbbbb9d95764591dd29a7,18576,3,37152,asset-review/characters/walk/npc_story_selene_down.png,review-or-quarantine,review-required; not-authorized-for-deletion
DUP-0501,3bd3878fea3820ee1f7d177896479f7c39b1f42dc83bbbbb9d95764591dd29a7,18576,3,37152,asset-review/characters/walk/npc_story_selene_down_left.png,review-or-quarantine,review-required; not-authorized-for-deletion
DUP-0501,3bd3878fea3820ee1f7d177896479f7c39b1f42dc83bbbbb9d95764591dd29a7,18576,3,37152,asset-review/characters/walk/npc_story_selene_down_right.png,review-or-quarantine,review-required; not-authorized-for-deletion
DUP-0502,70967a423ad38776d2224e9483058c65a02c7a01ec9615ed3b8e8440d194a3a9,18575,3,37150,asset-review/characters/walk_articulated/npc_story_vaelthara_down.png,review-or-quarantine,review-required; not-authorized-for-deletion
DUP-0502,70967a423ad38776d2224e9483058c65a02c7a01ec9615ed3b8e8440d194a3a9,18575,3,37150,asset-review/characters/walk_articulated/npc_story_vaelthara_down_left.png,review-or-quarantine,review-required; not-authorized-for-deletion
DUP-0502,70967a423ad38776d2224e9483058c65a02c7a01ec9615ed3b8e8440d194a3a9,18575,3,37150,asset-review/characters/walk_articulated/npc_story_vaelthara_down_right.png,review-or-quarantine,review-required; not-authorized-for-deletion
DUP-0503,096df7ca6f14697aad1da4fcc606ab273575114f459be486bf4274cbdda72ffd,18560,3,37120,asset-review/characters/walk/npc_nyx_down.png,review-or-quarantine,review-required; not-authorized-for-deletion
DUP-0503,096df7ca6f14697aad1da4fcc606ab273575114f459be486bf4274cbdda72ffd,18560,3,37120,asset-review/characters/walk/npc_nyx_down_left.png,review-or-quarantine,review-required; not-authorized-for-deletion
DUP-0503,096df7ca6f14697aad1da4fcc606ab273575114f459be486bf4274cbdda72ffd,18560,3,37120,asset-review/characters/walk/npc_nyx_down_right.png,review-or-quarantine,review-required; not-authorized-for-deletion
DUP-0504,94fa9f6558ee29a4d57f3e41ea06cd1577d18b1bd2cb8bdef423e0f2b37d67eb,18550,3,37100,asset-review/characters/walk_articulated/npc_story_ash_scribe_damar_up.png,review-or-quarantine,review-required; not-authorized-for-deletion
DUP-0504,94fa9f6558ee29a4d57f3e41ea06cd1577d18b1bd2cb8bdef423e0f2b37d67eb,18550,3,37100,asset-review/characters/walk_articulated/npc_story_ash_scribe_damar_up_left.png,review-or-quarantine,review-required; not-authorized-for-deletion
DUP-0504,94fa9f6558ee29a4d57f3e41ea06cd1577d18b1bd2cb8bdef423e0f2b37d67eb,18550,3,37100,asset-review/characters/walk_articulated/npc_story_ash_scribe_damar_up_right.png,review-or-quarantine,review-required; not-authorized-for-deletion
DUP-0505,daa2158e124df890b9c30bd92ab4077420ef04b634f5397be5df55a803f1fb1e,37084,2,37084,Java/assets/npcs/regional/npc_regional_north_artisan_m_model.png,runtime-folder-candidate,review-required; not-authorized-for-deletion
DUP-0505,daa2158e124df890b9c30bd92ab4077420ef04b634f5397be5df55a803f1fb1e,37084,2,37084,Java/assets/npcs/regional/npc_regional_north_artisan_m_model_down.png,runtime-folder-candidate,review-required; not-authorized-for-deletion
DUP-0506,83f998ef85342a2c5b923596f5fbc41aa2b7bb16119fe09ed7b22ac976af6f45,18403,3,36806,asset-review/characters/walk_articulated/npc_story_solari_up.png,review-or-quarantine,review-required; not-authorized-for-deletion
DUP-0506,83f998ef85342a2c5b923596f5fbc41aa2b7bb16119fe09ed7b22ac976af6f45,18403,3,36806,asset-review/characters/walk_articulated/npc_story_solari_up_left.png,review-or-quarantine,review-required; not-authorized-for-deletion
DUP-0506,83f998ef85342a2c5b923596f5fbc41aa2b7bb16119fe09ed7b22ac976af6f45,18403,3,36806,asset-review/characters/walk_articulated/npc_story_solari_up_right.png,review-or-quarantine,review-required; not-authorized-for-deletion
DUP-0507,9caea4323280df72f916e902546059e2f6260c4565c028b63ad369b967616261,18393,3,36786,asset-review/characters/walk/npc_story_selene_up.png,review-or-quarantine,review-required; not-authorized-for-deletion
DUP-0507,9caea4323280df72f916e902546059e2f6260c4565c028b63ad369b967616261,18393,3,36786,asset-review/characters/walk/npc_story_selene_up_left.png,review-or-quarantine,review-required; not-authorized-for-deletion
DUP-0507,9caea4323280df72f916e902546059e2f6260c4565c028b63ad369b967616261,18393,3,36786,asset-review/characters/walk/npc_story_selene_up_right.png,review-or-quarantine,review-required; not-authorized-for-deletion
DUP-0508,4cb53f9cbfb9d2da1aa1777f011a9f5844b5a33e78fba6dba987032122aac5e7,18382,3,36764,asset-review/characters/walk/npc_story_mirella_up.png,review-or-quarantine,review-required; not-authorized-for-deletion
DUP-0508,4cb53f9cbfb9d2da1aa1777f011a9f5844b5a33e78fba6dba987032122aac5e7,18382,3,36764,asset-review/characters/walk/npc_story_mirella_up_left.png,review-or-quarantine,review-required; not-authorized-for-deletion
DUP-0508,4cb53f9cbfb9d2da1aa1777f011a9f5844b5a33e78fba6dba987032122aac5e7,18382,3,36764,asset-review/characters/walk/npc_story_mirella_up_right.png,review-or-quarantine,review-required; not-authorized-for-deletion
DUP-0509,3df375f26aa19154bd4d44faa18ef96f3b84709b30ebaee2229fa72fc0c93ec1,18366,3,36732,asset-review/characters/walk/npc_story_ash_scribe_damar_down.png,review-or-quarantine,review-required; not-authorized-for-deletion
DUP-0509,3df375f26aa19154bd4d44faa18ef96f3b84709b30ebaee2229fa72fc0c93ec1,18366,3,36732,asset-review/characters/walk/npc_story_ash_scribe_damar_down_left.png,review-or-quarantine,review-required; not-authorized-for-deletion
DUP-0509,3df375f26aa19154bd4d44faa18ef96f3b84709b30ebaee2229fa72fc0c93ec1,18366,3,36732,asset-review/characters/walk/npc_story_ash_scribe_damar_down_right.png,review-or-quarantine,review-required; not-authorized-for-deletion
DUP-0510,736b1651568820d120f964041133692a52c1c8b9b80fb0ded39c33c11865c334,18297,3,36594,asset-review/characters/walk/npc_story_ash_scribe_damar_up.png,review-or-quarantine,review-required; not-authorized-for-deletion
DUP-0510,736b1651568820d120f964041133692a52c1c8b9b80fb0ded39c33c11865c334,18297,3,36594,asset-review/characters/walk/npc_story_ash_scribe_damar_up_left.png,review-or-quarantine,review-required; not-authorized-for-deletion
DUP-0510,736b1651568820d120f964041133692a52c1c8b9b80fb0ded39c33c11865c334,18297,3,36594,asset-review/characters/walk/npc_story_ash_scribe_damar_up_right.png,review-or-quarantine,review-required; not-authorized-for-deletion
DUP-0511,07aa350045de101264149ba467af4f55b5ad19a943e6ee13881dc0c68439060b,36543,2,36543,Java/assets/npcs/regional/npc_regional_marsh_guard_m_model.png,runtime-folder-candidate,review-required; not-authorized-for-deletion
DUP-0511,07aa350045de101264149ba467af4f55b5ad19a943e6ee13881dc0c68439060b,36543,2,36543,Java/assets/npcs/regional/npc_regional_marsh_guard_m_model_down.png,runtime-folder-candidate,review-required; not-authorized-for-deletion
DUP-0512,a41663123a7e11e6fcd86ea78fb37d563784d9ad32fd7ad280bfcb45f08a36cb,18202,3,36404,asset-review/characters/walk_articulated/npc_story_gravekeeper_hollis_down.png,review-or-quarantine,review-required; not-authorized-for-deletion
DUP-0512,a41663123a7e11e6fcd86ea78fb37d563784d9ad32fd7ad280bfcb45f08a36cb,18202,3,36404,asset-review/characters/walk_articulated/npc_story_gravekeeper_hollis_down_left.png,review-or-quarantine,review-required; not-authorized-for-deletion
DUP-0512,a41663123a7e11e6fcd86ea78fb37d563784d9ad32fd7ad280bfcb45f08a36cb,18202,3,36404,asset-review/characters/walk_articulated/npc_story_gravekeeper_hollis_down_right.png,review-or-quarantine,review-required; not-authorized-for-deletion
DUP-0513,facd8ee71eeebb7c1f4f26abc1abf5e0f525ecf2ea4b778de9294e83b69d4ec4,18176,3,36352,asset-review/characters/walk/npc_story_gravekeeper_hollis_down.png,review-or-quarantine,review-required; not-authorized-for-deletion
DUP-0513,facd8ee71eeebb7c1f4f26abc1abf5e0f525ecf2ea4b778de9294e83b69d4ec4,18176,3,36352,asset-review/characters/walk/npc_story_gravekeeper_hollis_down_left.png,review-or-quarantine,review-required; not-authorized-for-deletion
DUP-0513,facd8ee71eeebb7c1f4f26abc1abf5e0f525ecf2ea4b778de9294e83b69d4ec4,18176,3,36352,asset-review/characters/walk/npc_story_gravekeeper_hollis_down_right.png,review-or-quarantine,review-required; not-authorized-for-deletion
DUP-0514,674690ce0646a042af9742ae3e801006332823ae86868e54ad89f7b8f0f39612,12114,4,36342,Java/assets/npcs/npc_quartermaster_model.png,runtime-folder-candidate,review-required; not-authorized-for-deletion
DUP-0514,674690ce0646a042af9742ae3e801006332823ae86868e54ad89f7b8f0f39612,12114,4,36342,Java/assets/npcs/npc_quartermaster_model_down.png,runtime-folder-candidate,review-required; not-authorized-for-deletion
DUP-0514,674690ce0646a042af9742ae3e801006332823ae86868e54ad89f7b8f0f39612,12114,4,36342,asset-review/2026-09-22-npcs/before/Java/assets/npcs/npc_quartermaster_model.png,review-or-quarantine,review-required; not-authorized-for-deletion
DUP-0514,674690ce0646a042af9742ae3e801006332823ae86868e54ad89f7b8f0f39612,12114,4,36342,asset-review/2026-09-22-npcs/before/Java/assets/npcs/npc_quartermaster_model_down.png,review-or-quarantine,review-required; not-authorized-for-deletion
DUP-0515,3c0451572fdfb2465b5a52881809b575bf48e7b40775ab1cbc8d9f59c0760731,18157,3,36314,asset-review/characters/walk_articulated/npc_story_bellwright_nessa_down.png,review-or-quarantine,review-required; not-authorized-for-deletion
DUP-0515,3c0451572fdfb2465b5a52881809b575bf48e7b40775ab1cbc8d9f59c0760731,18157,3,36314,asset-review/characters/walk_articulated/npc_story_bellwright_nessa_down_left.png,review-or-quarantine,review-required; not-authorized-for-deletion
DUP-0515,3c0451572fdfb2465b5a52881809b575bf48e7b40775ab1cbc8d9f59c0760731,18157,3,36314,asset-review/characters/walk_articulated/npc_story_bellwright_nessa_down_right.png,review-or-quarantine,review-required; not-authorized-for-deletion
DUP-0516,3450e408eb92528370fe5fcef504e238fe53ac4a1d34fcb068052fc5470e2b29,18112,3,36224,asset-review/characters/walk_articulated/npc_story_vaelthara_up.png,review-or-quarantine,review-required; not-authorized-for-deletion
DUP-0516,3450e408eb92528370fe5fcef504e238fe53ac4a1d34fcb068052fc5470e2b29,18112,3,36224,asset-review/characters/walk_articulated/npc_story_vaelthara_up_left.png,review-or-quarantine,review-required; not-authorized-for-deletion
DUP-0516,3450e408eb92528370fe5fcef504e238fe53ac4a1d34fcb068052fc5470e2b29,18112,3,36224,asset-review/characters/walk_articulated/npc_story_vaelthara_up_right.png,review-or-quarantine,review-required; not-authorized-for-deletion
DUP-0517,e9dd7d97b74cdafb778d1f48d5be9d8ceed234603699e6c75070b188a051237b,35997,2,35997,Java/assets/npcs/regional/npc_regional_temperate_trader_f_model.png,runtime-folder-candidate,review-required; not-authorized-for-deletion
DUP-0517,e9dd7d97b74cdafb778d1f48d5be9d8ceed234603699e6c75070b188a051237b,35997,2,35997,Java/assets/npcs/regional/npc_regional_temperate_trader_f_model_down.png,runtime-folder-candidate,review-required; not-authorized-for-deletion
DUP-0518,8f80295817a68b09872fa7c1a6ca8335104dc844c2f8d211a24d39977b631745,17971,3,35942,asset-review/characters/walk/npc_innkeeper_down.png,review-or-quarantine,review-required; not-authorized-for-deletion
DUP-0518,8f80295817a68b09872fa7c1a6ca8335104dc844c2f8d211a24d39977b631745,17971,3,35942,asset-review/characters/walk/npc_innkeeper_down_left.png,review-or-quarantine,review-required; not-authorized-for-deletion
DUP-0518,8f80295817a68b09872fa7c1a6ca8335104dc844c2f8d211a24d39977b631745,17971,3,35942,asset-review/characters/walk/npc_innkeeper_down_right.png,review-or-quarantine,review-required; not-authorized-for-deletion
DUP-0519,293ff7255d6a876fa1bfbd7a1867ebc5183720daec57d428accfd80292c8457c,17958,3,35916,asset-review/characters/walk/npc_story_gravekeeper_hollis_up.png,review-or-quarantine,review-required; not-authorized-for-deletion
DUP-0519,293ff7255d6a876fa1bfbd7a1867ebc5183720daec57d428accfd80292c8457c,17958,3,35916,asset-review/characters/walk/npc_story_gravekeeper_hollis_up_left.png,review-or-quarantine,review-required; not-authorized-for-deletion
DUP-0519,293ff7255d6a876fa1bfbd7a1867ebc5183720daec57d428accfd80292c8457c,17958,3,35916,asset-review/characters/walk/npc_story_gravekeeper_hollis_up_right.png,review-or-quarantine,review-required; not-authorized-for-deletion
DUP-0520,12da3d51cd85b6ebbe2bb25085d9754c661a47d9e524388a3d130ffe3a7c2305,35887,2,35887,Java/assets/interiors/props/household/interior_washstand.png,runtime-folder-candidate,review-required; not-authorized-for-deletion
DUP-0520,12da3d51cd85b6ebbe2bb25085d9754c661a47d9e524388a3d130ffe3a7c2305,35887,2,35887,asset-review/household-expansion/candidates/household/washstand.png,review-or-quarantine,review-required; not-authorized-for-deletion
DUP-0521,76fa3fb57da4479a58e9a55cbc5399121b08216678df6960e1b35b0d5c8a4c22,17907,3,35814,asset-review/characters/walk/npc_story_bellwright_nessa_down.png,review-or-quarantine,review-required; not-authorized-for-deletion
DUP-0521,76fa3fb57da4479a58e9a55cbc5399121b08216678df6960e1b35b0d5c8a4c22,17907,3,35814,asset-review/characters/walk/npc_story_bellwright_nessa_down_left.png,review-or-quarantine,review-required; not-authorized-for-deletion
DUP-0521,76fa3fb57da4479a58e9a55cbc5399121b08216678df6960e1b35b0d5c8a4c22,17907,3,35814,asset-review/characters/walk/npc_story_bellwright_nessa_down_right.png,review-or-quarantine,review-required; not-authorized-for-deletion
DUP-0522,b63fda51559a5c3a049884d2613deaac05b3d188d6e7f33e2469c6baa3d56af3,17883,3,35766,asset-review/characters/walk_articulated/npc_story_bellwright_nessa_up.png,review-or-quarantine,review-required; not-authorized-for-deletion
DUP-0522,b63fda51559a5c3a049884d2613deaac05b3d188d6e7f33e2469c6baa3d56af3,17883,3,35766,asset-review/characters/walk_articulated/npc_story_bellwright_nessa_up_left.png,review-or-quarantine,review-required; not-authorized-for-deletion
DUP-0522,b63fda51559a5c3a049884d2613deaac05b3d188d6e7f33e2469c6baa3d56af3,17883,3,35766,asset-review/characters/walk_articulated/npc_story_bellwright_nessa_up_right.png,review-or-quarantine,review-required; not-authorized-for-deletion
DUP-0523,d9d8135ddf68fa2b1b304022ee4ac07c0334ea38d291f0c9d69ae9fd18c63d8e,17860,3,35720,asset-review/characters/walk/npc_innkeeper_up.png,review-or-quarantine,review-required; not-authorized-for-deletion
DUP-0523,d9d8135ddf68fa2b1b304022ee4ac07c0334ea38d291f0c9d69ae9fd18c63d8e,17860,3,35720,asset-review/characters/walk/npc_innkeeper_up_left.png,review-or-quarantine,review-required; not-authorized-for-deletion
DUP-0523,d9d8135ddf68fa2b1b304022ee4ac07c0334ea38d291f0c9d69ae9fd18c63d8e,17860,3,35720,asset-review/characters/walk/npc_innkeeper_up_right.png,review-or-quarantine,review-required; not-authorized-for-deletion
DUP-0524,c24452ce3b9977de043be51e33c748cb402fe15cad3d7b4c10db435289adc83b,17860,3,35720,asset-review/characters/walk_articulated/npc_innkeeper_up.png,review-or-quarantine,review-required; not-authorized-for-deletion
DUP-0524,c24452ce3b9977de043be51e33c748cb402fe15cad3d7b4c10db435289adc83b,17860,3,35720,asset-review/characters/walk_articulated/npc_innkeeper_up_left.png,review-or-quarantine,review-required; not-authorized-for-deletion
DUP-0524,c24452ce3b9977de043be51e33c748cb402fe15cad3d7b4c10db435289adc83b,17860,3,35720,asset-review/characters/walk_articulated/npc_innkeeper_up_right.png,review-or-quarantine,review-required; not-authorized-for-deletion
DUP-0525,9715d4c3aa2c13d889b1062e67819b2b092171d49702b43ffe707c9fe8126251,17807,3,35614,asset-review/characters/walk_articulated/npc_story_gravekeeper_hollis_up.png,review-or-quarantine,review-required; not-authorized-for-deletion
DUP-0525,9715d4c3aa2c13d889b1062e67819b2b092171d49702b43ffe707c9fe8126251,17807,3,35614,asset-review/characters/walk_articulated/npc_story_gravekeeper_hollis_up_left.png,review-or-quarantine,review-required; not-authorized-for-deletion
DUP-0525,9715d4c3aa2c13d889b1062e67819b2b092171d49702b43ffe707c9fe8126251,17807,3,35614,asset-review/characters/walk_articulated/npc_story_gravekeeper_hollis_up_right.png,review-or-quarantine,review-required; not-authorized-for-deletion
DUP-0526,8e6b64de8f8fa3ab2e494bbb1eeee42bbd182157878f7697e764edccbf65d093,35555,2,35555,Java/assets/npcs/regional/npc_regional_highland_healer_f_model.png,runtime-folder-candidate,review-required; not-authorized-for-deletion
DUP-0526,8e6b64de8f8fa3ab2e494bbb1eeee42bbd182157878f7697e764edccbf65d093,35555,2,35555,Java/assets/npcs/regional/npc_regional_highland_healer_f_model_down.png,runtime-folder-candidate,review-required; not-authorized-for-deletion
DUP-0527,55d29ea18f9d2027b7e35cf745d6838e337837da13060abdbecaf339b3929f4d,17726,3,35452,asset-review/characters/walk/npc_story_bellwright_nessa_up.png,review-or-quarantine,review-required; not-authorized-for-deletion
DUP-0527,55d29ea18f9d2027b7e35cf745d6838e337837da13060abdbecaf339b3929f4d,17726,3,35452,asset-review/characters/walk/npc_story_bellwright_nessa_up_left.png,review-or-quarantine,review-required; not-authorized-for-deletion
DUP-0527,55d29ea18f9d2027b7e35cf745d6838e337837da13060abdbecaf339b3929f4d,17726,3,35452,asset-review/characters/walk/npc_story_bellwright_nessa_up_right.png,review-or-quarantine,review-required; not-authorized-for-deletion
DUP-0528,ba24804938b43bd0605aa75e42a8d738e6ded0e7968a09852005dc10be16d4da,17660,3,35320,asset-review/characters/idle/npc_elowen_down.png,review-or-quarantine,review-required; not-authorized-for-deletion
DUP-0528,ba24804938b43bd0605aa75e42a8d738e6ded0e7968a09852005dc10be16d4da,17660,3,35320,asset-review/characters/idle/npc_elowen_down_left.png,review-or-quarantine,review-required; not-authorized-for-deletion
DUP-0528,ba24804938b43bd0605aa75e42a8d738e6ded0e7968a09852005dc10be16d4da,17660,3,35320,asset-review/characters/idle/npc_elowen_down_right.png,review-or-quarantine,review-required; not-authorized-for-deletion
DUP-0529,f69ec67e90bd6346f4775efd0c21c3e74b5b0b949fcb1bc67836f7be42a98195,35112,2,35112,Java/assets/npcs/regional/npc_regional_north_scholar_f_model.png,runtime-folder-candidate,review-required; not-authorized-for-deletion
DUP-0529,f69ec67e90bd6346f4775efd0c21c3e74b5b0b949fcb1bc67836f7be42a98195,35112,2,35112,Java/assets/npcs/regional/npc_regional_north_scholar_f_model_down.png,runtime-folder-candidate,review-required; not-authorized-for-deletion
DUP-0530,8c7bd23937592ff4911416606ec3d863d70cc6770ed5f5b9d2d3df5718772ced,35095,2,35095,Java/assets/interiors/props/household/interior_wall_landscape.png,runtime-folder-candidate,review-required; not-authorized-for-deletion
DUP-0530,8c7bd23937592ff4911416606ec3d863d70cc6770ed5f5b9d2d3df5718772ced,35095,2,35095,asset-review/household-expansion/candidates/household/wall_landscape.png,review-or-quarantine,review-required; not-authorized-for-deletion
DUP-0531,1a399d016d69faf1a654f7b9b168d7d2052da12a137c8cd8f5601bc202dfc4f2,35078,2,35078,Java/assets/npcs/regional/npc_regional_north_healer_f_model.png,runtime-folder-candidate,review-required; not-authorized-for-deletion
DUP-0531,1a399d016d69faf1a654f7b9b168d7d2052da12a137c8cd8f5601bc202dfc4f2,35078,2,35078,Java/assets/npcs/regional/npc_regional_north_healer_f_model_down.png,runtime-folder-candidate,review-required; not-authorized-for-deletion
DUP-0532,5c3362adfb9fb8c3a5ea85d0717c7d12e1bbfb5f87ee43fe7248478d1a820a6f,34967,2,34967,Java/assets/npcs/regional/npc_regional_north_miner_m_model.png,runtime-folder-candidate,review-required; not-authorized-for-deletion
DUP-0532,5c3362adfb9fb8c3a5ea85d0717c7d12e1bbfb5f87ee43fe7248478d1a820a6f,34967,2,34967,Java/assets/npcs/regional/npc_regional_north_miner_m_model_down.png,runtime-folder-candidate,review-required; not-authorized-for-deletion
DUP-0533,786136550df2eca1bb06ed1b30af1efed9a75e79263829bb70e78f28a90ff4bd,34885,2,34885,Java/assets/npcs/regional/npc_regional_temperate_scholar_f_model.png,runtime-folder-candidate,review-required; not-authorized-for-deletion
DUP-0533,786136550df2eca1bb06ed1b30af1efed9a75e79263829bb70e78f28a90ff4bd,34885,2,34885,Java/assets/npcs/regional/npc_regional_temperate_scholar_f_model_down.png,runtime-folder-candidate,review-required; not-authorized-for-deletion
DUP-0534,718a1406af0d6f483c46483d3c44794007d5dc2b8423d9f8155744ce01803a2c,34749,2,34749,Java/assets/npcs/regional/npc_regional_highland_artisan_m_model.png,runtime-folder-candidate,review-required; not-authorized-for-deletion
DUP-0534,718a1406af0d6f483c46483d3c44794007d5dc2b8423d9f8155744ce01803a2c,34749,2,34749,Java/assets/npcs/regional/npc_regional_highland_artisan_m_model_down.png,runtime-folder-candidate,review-required; not-authorized-for-deletion
DUP-0535,45dae6bc2d960c0ba26a9892a95481975bbe8cb58011d0f562a326beb32c45ea,17237,3,34474,asset-review/characters/walk/npc_kael_down.png,review-or-quarantine,review-required; not-authorized-for-deletion
DUP-0535,45dae6bc2d960c0ba26a9892a95481975bbe8cb58011d0f562a326beb32c45ea,17237,3,34474,asset-review/characters/walk/npc_kael_down_left.png,review-or-quarantine,review-required; not-authorized-for-deletion
DUP-0535,45dae6bc2d960c0ba26a9892a95481975bbe8cb58011d0f562a326beb32c45ea,17237,3,34474,asset-review/characters/walk/npc_kael_down_right.png,review-or-quarantine,review-required; not-authorized-for-deletion
DUP-0536,230fcb4ad9568ecfb2ba359e2598cc309ac8eba2b5b1b3dfbec159ba05d3a486,16991,3,33982,asset-review/characters/idle/npc_blacksmith_up.png,review-or-quarantine,review-required; not-authorized-for-deletion
DUP-0536,230fcb4ad9568ecfb2ba359e2598cc309ac8eba2b5b1b3dfbec159ba05d3a486,16991,3,33982,asset-review/characters/idle/npc_blacksmith_up_left.png,review-or-quarantine,review-required; not-authorized-for-deletion
DUP-0536,230fcb4ad9568ecfb2ba359e2598cc309ac8eba2b5b1b3dfbec159ba05d3a486,16991,3,33982,asset-review/characters/idle/npc_blacksmith_up_right.png,review-or-quarantine,review-required; not-authorized-for-deletion
DUP-0537,92965f08865c90da9d01bae0d0467e329bf7822712b146dad5df2095b276231f,33906,2,33906,Java/assets/npcs/regional/npc_regional_marsh_trader_f_model.png,runtime-folder-candidate,review-required; not-authorized-for-deletion
DUP-0537,92965f08865c90da9d01bae0d0467e329bf7822712b146dad5df2095b276231f,33906,2,33906,Java/assets/npcs/regional/npc_regional_marsh_trader_f_model_down.png,runtime-folder-candidate,review-required; not-authorized-for-deletion
DUP-0538,c559c16988b4183eb25d8c60162d4da2a05d20acd353cb11b1611ec8e013656d,16935,3,33870,asset-review/characters/idle/npc_blacksmith_down.png,review-or-quarantine,review-required; not-authorized-for-deletion
DUP-0538,c559c16988b4183eb25d8c60162d4da2a05d20acd353cb11b1611ec8e013656d,16935,3,33870,asset-review/characters/idle/npc_blacksmith_down_left.png,review-or-quarantine,review-required; not-authorized-for-deletion
DUP-0538,c559c16988b4183eb25d8c60162d4da2a05d20acd353cb11b1611ec8e013656d,16935,3,33870,asset-review/characters/idle/npc_blacksmith_down_right.png,review-or-quarantine,review-required; not-authorized-for-deletion
DUP-0539,0d177241c59e71bf4d3d3a6df48c71868c3d79ea1e625c5ec9daf3f2e82ce872,33843,2,33843,asset-review/2026-09-22-npcs/candidate-manifest.json,review-or-quarantine,review-required; not-authorized-for-deletion
DUP-0539,0d177241c59e71bf4d3d3a6df48c71868c3d79ea1e625c5ec9daf3f2e82ce872,33843,2,33843,asset-review/2026-09-22-npcs/repair-manifest.json,review-or-quarantine,review-required; not-authorized-for-deletion
DUP-0540,598bc23301a07486671c2f7400d177a4be470db08e915daba157ee728491134a,33718,2,33718,Java/assets/npcs/regional/npc_regional_highland_trader_f_model.png,runtime-folder-candidate,review-required; not-authorized-for-deletion
DUP-0540,598bc23301a07486671c2f7400d177a4be470db08e915daba157ee728491134a,33718,2,33718,Java/assets/npcs/regional/npc_regional_highland_trader_f_model_down.png,runtime-folder-candidate,review-required; not-authorized-for-deletion
DUP-0541,f3c81094a428f8e42fcd093f5d3edea72bbe0ddf8c1bc4aff84c86fcfda0d9d9,16806,3,33612,asset-review/characters/idle/npc_garruk_down.png,review-or-quarantine,review-required; not-authorized-for-deletion
DUP-0541,f3c81094a428f8e42fcd093f5d3edea72bbe0ddf8c1bc4aff84c86fcfda0d9d9,16806,3,33612,asset-review/characters/idle/npc_garruk_down_left.png,review-or-quarantine,review-required; not-authorized-for-deletion
DUP-0541,f3c81094a428f8e42fcd093f5d3edea72bbe0ddf8c1bc4aff84c86fcfda0d9d9,16806,3,33612,asset-review/characters/idle/npc_garruk_down_right.png,review-or-quarantine,review-required; not-authorized-for-deletion
DUP-0542,3edb47684bdb2850cfc51517588a7ef6582ab97837cf20e50ae25011d4db059a,11196,4,33588,Java/assets/npcs/npc_kael_model.png,runtime-folder-candidate,review-required; not-authorized-for-deletion
DUP-0542,3edb47684bdb2850cfc51517588a7ef6582ab97837cf20e50ae25011d4db059a,11196,4,33588,Java/assets/npcs/npc_kael_model_down.png,runtime-folder-candidate,review-required; not-authorized-for-deletion
DUP-0542,3edb47684bdb2850cfc51517588a7ef6582ab97837cf20e50ae25011d4db059a,11196,4,33588,asset-review/2026-09-22-npcs/before/Java/assets/npcs/npc_kael_model.png,review-or-quarantine,review-required; not-authorized-for-deletion
DUP-0542,3edb47684bdb2850cfc51517588a7ef6582ab97837cf20e50ae25011d4db059a,11196,4,33588,asset-review/2026-09-22-npcs/before/Java/assets/npcs/npc_kael_model_down.png,review-or-quarantine,review-required; not-authorized-for-deletion
DUP-0543,8ec2df3d090187e2eb5c875d3732d32cd448f17f5eaaaa7f6f0cb0c912ff09c1,33531,2,33531,Java/assets/npcs/regional/npc_regional_north_farmer_f_model.png,runtime-folder-candidate,review-required; not-authorized-for-deletion
DUP-0543,8ec2df3d090187e2eb5c875d3732d32cd448f17f5eaaaa7f6f0cb0c912ff09c1,33531,2,33531,Java/assets/npcs/regional/npc_regional_north_farmer_f_model_down.png,runtime-folder-candidate,review-required; not-authorized-for-deletion
DUP-0544,0325c9f150b07b9e7c79d3b2be0d4da156700ca40394da7cc49fec17845dc46c,33524,2,33524,Java/assets/npcs/regional/npc_regional_north_farmer_m_model.png,runtime-folder-candidate,review-required; not-authorized-for-deletion
DUP-0544,0325c9f150b07b9e7c79d3b2be0d4da156700ca40394da7cc49fec17845dc46c,33524,2,33524,Java/assets/npcs/regional/npc_regional_north_farmer_m_model_down.png,runtime-folder-candidate,review-required; not-authorized-for-deletion
DUP-0545,c12649443298ac12ce6a4fa67412dae6dbae6a83490b99f4126f9d1213e3d7e1,16670,3,33340,asset-review/characters/idle/npc_bartender_down.png,review-or-quarantine,review-required; not-authorized-for-deletion
DUP-0545,c12649443298ac12ce6a4fa67412dae6dbae6a83490b99f4126f9d1213e3d7e1,16670,3,33340,asset-review/characters/idle/npc_bartender_down_left.png,review-or-quarantine,review-required; not-authorized-for-deletion
DUP-0545,c12649443298ac12ce6a4fa67412dae6dbae6a83490b99f4126f9d1213e3d7e1,16670,3,33340,asset-review/characters/idle/npc_bartender_down_right.png,review-or-quarantine,review-required; not-authorized-for-deletion
DUP-0546,0108def8ca1275ecf88a9d74cc7a914303176076638607c9ed0b8c6c24b1c7cd,33335,2,33335,Java/assets/npcs/regional/npc_regional_desert_trader_f_model.png,runtime-folder-candidate,review-required; not-authorized-for-deletion
DUP-0546,0108def8ca1275ecf88a9d74cc7a914303176076638607c9ed0b8c6c24b1c7cd,33335,2,33335,Java/assets/npcs/regional/npc_regional_desert_trader_f_model_down.png,runtime-folder-candidate,review-required; not-authorized-for-deletion
DUP-0547,5bc128edbd774e8b8104a42ca0ea908cdc421e91301cd479e832e5dff1fab577,16645,3,33290,asset-review/characters/idle/npc_bartender_up.png,review-or-quarantine,review-required; not-authorized-for-deletion
DUP-0547,5bc128edbd774e8b8104a42ca0ea908cdc421e91301cd479e832e5dff1fab577,16645,3,33290,asset-review/characters/idle/npc_bartender_up_left.png,review-or-quarantine,review-required; not-authorized-for-deletion
DUP-0547,5bc128edbd774e8b8104a42ca0ea908cdc421e91301cd479e832e5dff1fab577,16645,3,33290,asset-review/characters/idle/npc_bartender_up_right.png,review-or-quarantine,review-required; not-authorized-for-deletion
DUP-0548,d62af569ab4947e5dd18a4b0766e18811b843bd04609b78858813fc1b4474e69,16587,3,33174,asset-review/characters/idle/npc_garruk_up.png,review-or-quarantine,review-required; not-authorized-for-deletion
DUP-0548,d62af569ab4947e5dd18a4b0766e18811b843bd04609b78858813fc1b4474e69,16587,3,33174,asset-review/characters/idle/npc_garruk_up_left.png,review-or-quarantine,review-required; not-authorized-for-deletion
DUP-0548,d62af569ab4947e5dd18a4b0766e18811b843bd04609b78858813fc1b4474e69,16587,3,33174,asset-review/characters/idle/npc_garruk_up_right.png,review-or-quarantine,review-required; not-authorized-for-deletion
DUP-0549,7259e4e9dba1cdda22a3258a2f3520c5ebf4fef20c4885bfe3a8ff9b1a22524c,33072,2,33072,Java/assets/npcs/regional/npc_regional_marsh_artisan_m_model.png,runtime-folder-candidate,review-required; not-authorized-for-deletion
DUP-0549,7259e4e9dba1cdda22a3258a2f3520c5ebf4fef20c4885bfe3a8ff9b1a22524c,33072,2,33072,Java/assets/npcs/regional/npc_regional_marsh_artisan_m_model_down.png,runtime-folder-candidate,review-required; not-authorized-for-deletion
DUP-0550,e6f98a6d68e991ae01f7007fd6f025edd436a7a7b1af651790b9b856416605b0,32659,2,32659,Java/assets/npcs/regional/npc_regional_temperate_farmer_f_model.png,runtime-folder-candidate,review-required; not-authorized-for-deletion
DUP-0550,e6f98a6d68e991ae01f7007fd6f025edd436a7a7b1af651790b9b856416605b0,32659,2,32659,Java/assets/npcs/regional/npc_regional_temperate_farmer_f_model_down.png,runtime-folder-candidate,review-required; not-authorized-for-deletion
DUP-0551,99dd9d302f9f04ee0dc723024b30e7f026bee22c3ef441aae3bcdb3191a81165,32569,2,32569,Java/assets/npcs/regional/npc_regional_desert_healer_f_model.png,runtime-folder-candidate,review-required; not-authorized-for-deletion
DUP-0551,99dd9d302f9f04ee0dc723024b30e7f026bee22c3ef441aae3bcdb3191a81165,32569,2,32569,Java/assets/npcs/regional/npc_regional_desert_healer_f_model_down.png,runtime-folder-candidate,review-required; not-authorized-for-deletion
DUP-0552,3f029aa69158173af853555cb28c214d55ce762e21ed1ec0c75d6b901f7f884f,32558,2,32558,Java/assets/npcs/regional/npc_regional_desert_artisan_m_model.png,runtime-folder-candidate,review-required; not-authorized-for-deletion
DUP-0552,3f029aa69158173af853555cb28c214d55ce762e21ed1ec0c75d6b901f7f884f,32558,2,32558,Java/assets/npcs/regional/npc_regional_desert_artisan_m_model_down.png,runtime-folder-candidate,review-required; not-authorized-for-deletion
DUP-0553,3d8e0b8a26647a6f89a52188bbed8fe7e6e3581b9a437b2c4d07165cfba5726c,16253,3,32506,asset-review/characters/walk_articulated/npc_story_selene_down.png,review-or-quarantine,review-required; not-authorized-for-deletion
DUP-0553,3d8e0b8a26647a6f89a52188bbed8fe7e6e3581b9a437b2c4d07165cfba5726c,16253,3,32506,asset-review/characters/walk_articulated/npc_story_selene_down_left.png,review-or-quarantine,review-required; not-authorized-for-deletion
DUP-0553,3d8e0b8a26647a6f89a52188bbed8fe7e6e3581b9a437b2c4d07165cfba5726c,16253,3,32506,asset-review/characters/walk_articulated/npc_story_selene_down_right.png,review-or-quarantine,review-required; not-authorized-for-deletion
DUP-0554,a15f172d2fb574e37cb4890c3f18910747860764335012a7e02f10edc9f34108,32409,2,32409,Java/assets/interiors/props/household/interior_wall_banner_lion.png,runtime-folder-candidate,review-required; not-authorized-for-deletion
DUP-0554,a15f172d2fb574e37cb4890c3f18910747860764335012a7e02f10edc9f34108,32409,2,32409,asset-review/household-expansion/candidates/household/wall_banner.png,review-or-quarantine,review-required; not-authorized-for-deletion
DUP-0555,e8a641c01a8c9ccfbe9a74f266c96dd877c7c33f08fa84064d7a7ec2231153a8,32365,2,32365,Java/assets/npcs/regional/npc_regional_desert_miner_m_model.png,runtime-folder-candidate,review-required; not-authorized-for-deletion
DUP-0555,e8a641c01a8c9ccfbe9a74f266c96dd877c7c33f08fa84064d7a7ec2231153a8,32365,2,32365,Java/assets/npcs/regional/npc_regional_desert_miner_m_model_down.png,runtime-folder-candidate,review-required; not-authorized-for-deletion
DUP-0556,661cf6dddcfe1a40f4827595061a14f70ab9f754ba7c35e1a1e8118bd74cc916,16117,3,32234,asset-review/characters/idle/npc_merchant_up.png,review-or-quarantine,review-required; not-authorized-for-deletion
DUP-0556,661cf6dddcfe1a40f4827595061a14f70ab9f754ba7c35e1a1e8118bd74cc916,16117,3,32234,asset-review/characters/idle/npc_merchant_up_left.png,review-or-quarantine,review-required; not-authorized-for-deletion
DUP-0556,661cf6dddcfe1a40f4827595061a14f70ab9f754ba7c35e1a1e8118bd74cc916,16117,3,32234,asset-review/characters/idle/npc_merchant_up_right.png,review-or-quarantine,review-required; not-authorized-for-deletion
DUP-0557,a42fcdc78c0617ecbb504da735edd0509fe218009b851e3a9a2f97cf81f2acf3,32219,2,32219,Java/assets/npcs/regional/npc_regional_marsh_miner_m_model.png,runtime-folder-candidate,review-required; not-authorized-for-deletion
DUP-0557,a42fcdc78c0617ecbb504da735edd0509fe218009b851e3a9a2f97cf81f2acf3,32219,2,32219,Java/assets/npcs/regional/npc_regional_marsh_miner_m_model_down.png,runtime-folder-candidate,review-required; not-authorized-for-deletion
DUP-0558,44484bf34ebfc2f018dccce0d70888b0705593d0c67e1d42d01ec647766987a1,16048,3,32096,asset-review/characters/walk_articulated/npc_story_selene_up.png,review-or-quarantine,review-required; not-authorized-for-deletion
DUP-0558,44484bf34ebfc2f018dccce0d70888b0705593d0c67e1d42d01ec647766987a1,16048,3,32096,asset-review/characters/walk_articulated/npc_story_selene_up_left.png,review-or-quarantine,review-required; not-authorized-for-deletion
DUP-0558,44484bf34ebfc2f018dccce0d70888b0705593d0c67e1d42d01ec647766987a1,16048,3,32096,asset-review/characters/walk_articulated/npc_story_selene_up_right.png,review-or-quarantine,review-required; not-authorized-for-deletion
DUP-0559,97702eff8e4017b7b75d7bc887e5681c06037272ad0e144ba15991cbfbe4df98,31863,2,31863,Java/assets/npcs/regional/npc_regional_highland_scholar_f_model.png,runtime-folder-candidate,review-required; not-authorized-for-deletion
DUP-0559,97702eff8e4017b7b75d7bc887e5681c06037272ad0e144ba15991cbfbe4df98,31863,2,31863,Java/assets/npcs/regional/npc_regional_highland_scholar_f_model_down.png,runtime-folder-candidate,review-required; not-authorized-for-deletion
DUP-0560,8baa717d64489530c674fa68e0b58529c74292e97c2bcf390e192cd7dfd71c75,15886,3,31772,asset-review/characters/idle/npc_merchant_down.png,review-or-quarantine,review-required; not-authorized-for-deletion
DUP-0560,8baa717d64489530c674fa68e0b58529c74292e97c2bcf390e192cd7dfd71c75,15886,3,31772,asset-review/characters/idle/npc_merchant_down_left.png,review-or-quarantine,review-required; not-authorized-for-deletion
DUP-0560,8baa717d64489530c674fa68e0b58529c74292e97c2bcf390e192cd7dfd71c75,15886,3,31772,asset-review/characters/idle/npc_merchant_down_right.png,review-or-quarantine,review-required; not-authorized-for-deletion
DUP-0561,451cebe5de1068f39b9701e28e94e0c4b279c366185ada6c71f8333c0269eddc,31635,2,31635,Java/assets/interiors/props/household/interior_wall_books.png,runtime-folder-candidate,review-required; not-authorized-for-deletion
DUP-0561,451cebe5de1068f39b9701e28e94e0c4b279c366185ada6c71f8333c0269eddc,31635,2,31635,asset-review/household-expansion/candidates/household/wall_books.png,review-or-quarantine,review-required; not-authorized-for-deletion
DUP-0562,95cc03e27350625a8fee9f457369fd1f3baa35dacfa866f7aab5b46edbe23e56,31594,2,31594,Java/assets/npcs/regional/npc_regional_desert_scholar_f_model.png,runtime-folder-candidate,review-required; not-authorized-for-deletion
DUP-0562,95cc03e27350625a8fee9f457369fd1f3baa35dacfa866f7aab5b46edbe23e56,31594,2,31594,Java/assets/npcs/regional/npc_regional_desert_scholar_f_model_down.png,runtime-folder-candidate,review-required; not-authorized-for-deletion
DUP-0563,1ae2ca4cb66a4d612d2fdde81a7502ca1a49e23f8332e932ea4dd26034b005eb,15782,3,31564,asset-review/characters/idle/npc_elowen_up.png,review-or-quarantine,review-required; not-authorized-for-deletion
DUP-0563,1ae2ca4cb66a4d612d2fdde81a7502ca1a49e23f8332e932ea4dd26034b005eb,15782,3,31564,asset-review/characters/idle/npc_elowen_up_left.png,review-or-quarantine,review-required; not-authorized-for-deletion
DUP-0563,1ae2ca4cb66a4d612d2fdde81a7502ca1a49e23f8332e932ea4dd26034b005eb,15782,3,31564,asset-review/characters/idle/npc_elowen_up_right.png,review-or-quarantine,review-required; not-authorized-for-deletion
DUP-0564,a226a382c3f33e7808acc83d3360ac593efc028cf0e3c8916c96f53c1400c0f4,15700,3,31400,asset-review/characters/idle/npc_mira_sunwarden_up.png,review-or-quarantine,review-required; not-authorized-for-deletion
DUP-0564,a226a382c3f33e7808acc83d3360ac593efc028cf0e3c8916c96f53c1400c0f4,15700,3,31400,asset-review/characters/idle/npc_mira_sunwarden_up_left.png,review-or-quarantine,review-required; not-authorized-for-deletion
DUP-0564,a226a382c3f33e7808acc83d3360ac593efc028cf0e3c8916c96f53c1400c0f4,15700,3,31400,asset-review/characters/idle/npc_mira_sunwarden_up_right.png,review-or-quarantine,review-required; not-authorized-for-deletion
DUP-0565,98b453b44004d9d9f29de0378854d2d9d3595bafc642aca61d72ef007d8ed253,15640,3,31280,asset-review/characters/walk/npc_quartermaster_down.png,review-or-quarantine,review-required; not-authorized-for-deletion
DUP-0565,98b453b44004d9d9f29de0378854d2d9d3595bafc642aca61d72ef007d8ed253,15640,3,31280,asset-review/characters/walk/npc_quartermaster_down_left.png,review-or-quarantine,review-required; not-authorized-for-deletion
DUP-0565,98b453b44004d9d9f29de0378854d2d9d3595bafc642aca61d72ef007d8ed253,15640,3,31280,asset-review/characters/walk/npc_quartermaster_down_right.png,review-or-quarantine,review-required; not-authorized-for-deletion
DUP-0566,3d85b4409669a8ef028b4a87a5558a8ddcc177dd62a424da1e8f8e05cb16a058,15629,3,31258,asset-review/characters/idle/npc_rowan_down.png,review-or-quarantine,review-required; not-authorized-for-deletion
DUP-0566,3d85b4409669a8ef028b4a87a5558a8ddcc177dd62a424da1e8f8e05cb16a058,15629,3,31258,asset-review/characters/idle/npc_rowan_down_left.png,review-or-quarantine,review-required; not-authorized-for-deletion
DUP-0566,3d85b4409669a8ef028b4a87a5558a8ddcc177dd62a424da1e8f8e05cb16a058,15629,3,31258,asset-review/characters/idle/npc_rowan_down_right.png,review-or-quarantine,review-required; not-authorized-for-deletion
DUP-0567,1b9b0dc68b2d58b430f4b3935df0f287a69557e1a75c2edee144dc7e8561343a,15574,3,31148,asset-review/characters/idle/npc_mira_sunwarden_down.png,review-or-quarantine,review-required; not-authorized-for-deletion
DUP-0567,1b9b0dc68b2d58b430f4b3935df0f287a69557e1a75c2edee144dc7e8561343a,15574,3,31148,asset-review/characters/idle/npc_mira_sunwarden_down_left.png,review-or-quarantine,review-required; not-authorized-for-deletion
DUP-0567,1b9b0dc68b2d58b430f4b3935df0f287a69557e1a75c2edee144dc7e8561343a,15574,3,31148,asset-review/characters/idle/npc_mira_sunwarden_down_right.png,review-or-quarantine,review-required; not-authorized-for-deletion
DUP-0568,37eeddd075ae1883d410aa855033131f709164852ea0921f8005804bdaa01616,15252,3,30504,asset-review/characters/idle/npc_story_elder_rowan_down.png,review-or-quarantine,review-required; not-authorized-for-deletion
DUP-0568,37eeddd075ae1883d410aa855033131f709164852ea0921f8005804bdaa01616,15252,3,30504,asset-review/characters/idle/npc_story_elder_rowan_down_left.png,review-or-quarantine,review-required; not-authorized-for-deletion
DUP-0568,37eeddd075ae1883d410aa855033131f709164852ea0921f8005804bdaa01616,15252,3,30504,asset-review/characters/idle/npc_story_elder_rowan_down_right.png,review-or-quarantine,review-required; not-authorized-for-deletion
DUP-0569,808aacb899af36430328db4302375100a6393e3047317dddcbd9a0fd89fc3783,15251,3,30502,asset-review/characters/idle/npc_rowan_up.png,review-or-quarantine,review-required; not-authorized-for-deletion
DUP-0569,808aacb899af36430328db4302375100a6393e3047317dddcbd9a0fd89fc3783,15251,3,30502,asset-review/characters/idle/npc_rowan_up_left.png,review-or-quarantine,review-required; not-authorized-for-deletion
DUP-0569,808aacb899af36430328db4302375100a6393e3047317dddcbd9a0fd89fc3783,15251,3,30502,asset-review/characters/idle/npc_rowan_up_right.png,review-or-quarantine,review-required; not-authorized-for-deletion
DUP-0570,6d8d90fdb44796e3267546ff01f9fabb6b6c68c291d0ca842e4de2cfff947283,15219,3,30438,asset-review/characters/idle/npc_vexa_down.png,review-or-quarantine,review-required; not-authorized-for-deletion
DUP-0570,6d8d90fdb44796e3267546ff01f9fabb6b6c68c291d0ca842e4de2cfff947283,15219,3,30438,asset-review/characters/idle/npc_vexa_down_left.png,review-or-quarantine,review-required; not-authorized-for-deletion
DUP-0570,6d8d90fdb44796e3267546ff01f9fabb6b6c68c291d0ca842e4de2cfff947283,15219,3,30438,asset-review/characters/idle/npc_vexa_down_right.png,review-or-quarantine,review-required; not-authorized-for-deletion
DUP-0571,7e763ce921078fec6d23075c57fa43faecfe06339b63ae236339df1de1f260a3,15137,3,30274,Java/assets/companions/vesper/npc_vesper.png,runtime-folder-candidate,review-required; not-authorized-for-deletion
DUP-0571,7e763ce921078fec6d23075c57fa43faecfe06339b63ae236339df1de1f260a3,15137,3,30274,Java/assets/companions/vesper/npc_vesper_model.png,runtime-folder-candidate,review-required; not-authorized-for-deletion
DUP-0571,7e763ce921078fec6d23075c57fa43faecfe06339b63ae236339df1de1f260a3,15137,3,30274,Java/assets/companions/vesper/npc_vesper_model_down.png,runtime-folder-candidate,review-required; not-authorized-for-deletion
DUP-0572,86201852f3aed50a5a929ca55050b16e8bd802a5aa7daf6d97c7365d81033745,15113,3,30226,asset-review/characters/idle/npc_torin_down.png,review-or-quarantine,review-required; not-authorized-for-deletion
DUP-0572,86201852f3aed50a5a929ca55050b16e8bd802a5aa7daf6d97c7365d81033745,15113,3,30226,asset-review/characters/idle/npc_torin_down_left.png,review-or-quarantine,review-required; not-authorized-for-deletion
DUP-0572,86201852f3aed50a5a929ca55050b16e8bd802a5aa7daf6d97c7365d81033745,15113,3,30226,asset-review/characters/idle/npc_torin_down_right.png,review-or-quarantine,review-required; not-authorized-for-deletion
DUP-0573,8835d7bd1e20c5e7637acfea7389ebeab2a77b221e0966710fe19f219b8af944,15075,3,30150,asset-review/characters/idle/npc_marla_up.png,review-or-quarantine,review-required; not-authorized-for-deletion
DUP-0573,8835d7bd1e20c5e7637acfea7389ebeab2a77b221e0966710fe19f219b8af944,15075,3,30150,asset-review/characters/idle/npc_marla_up_left.png,review-or-quarantine,review-required; not-authorized-for-deletion
DUP-0573,8835d7bd1e20c5e7637acfea7389ebeab2a77b221e0966710fe19f219b8af944,15075,3,30150,asset-review/characters/idle/npc_marla_up_right.png,review-or-quarantine,review-required; not-authorized-for-deletion
DUP-0574,e2481fa1dd3e907b5f5145e83b96df50fc6adc27a03569d11b1e95a8d9b98615,15057,3,30114,asset-review/characters/idle/npc_liora_down.png,review-or-quarantine,review-required; not-authorized-for-deletion
DUP-0574,e2481fa1dd3e907b5f5145e83b96df50fc6adc27a03569d11b1e95a8d9b98615,15057,3,30114,asset-review/characters/idle/npc_liora_down_left.png,review-or-quarantine,review-required; not-authorized-for-deletion
DUP-0574,e2481fa1dd3e907b5f5145e83b96df50fc6adc27a03569d11b1e95a8d9b98615,15057,3,30114,asset-review/characters/idle/npc_liora_down_right.png,review-or-quarantine,review-required; not-authorized-for-deletion
DUP-0575,fa4653c0c3ac211c09ee476db021979fb6d7e170bb25ee7c299ae72a4287170f,15050,3,30100,asset-review/characters/idle/npc_marla_down.png,review-or-quarantine,review-required; not-authorized-for-deletion
DUP-0575,fa4653c0c3ac211c09ee476db021979fb6d7e170bb25ee7c299ae72a4287170f,15050,3,30100,asset-review/characters/idle/npc_marla_down_left.png,review-or-quarantine,review-required; not-authorized-for-deletion
DUP-0575,fa4653c0c3ac211c09ee476db021979fb6d7e170bb25ee7c299ae72a4287170f,15050,3,30100,asset-review/characters/idle/npc_marla_down_right.png,review-or-quarantine,review-required; not-authorized-for-deletion
DUP-0576,9c4e95fe546d1f05efea1929f10284a75329e7465305222c95ec2a530259726f,15045,3,30090,asset-review/characters/idle/npc_story_elder_rowan_up.png,review-or-quarantine,review-required; not-authorized-for-deletion
DUP-0576,9c4e95fe546d1f05efea1929f10284a75329e7465305222c95ec2a530259726f,15045,3,30090,asset-review/characters/idle/npc_story_elder_rowan_up_left.png,review-or-quarantine,review-required; not-authorized-for-deletion
DUP-0576,9c4e95fe546d1f05efea1929f10284a75329e7465305222c95ec2a530259726f,15045,3,30090,asset-review/characters/idle/npc_story_elder_rowan_up_right.png,review-or-quarantine,review-required; not-authorized-for-deletion
DUP-0577,8d0b27f9e52287657d5c24baf45731bd9d80c737991e80639074c9377f42158c,30049,2,30049,Java/assets/npcs/regional/npc_regional_desert_farmer_m_model.png,runtime-folder-candidate,review-required; not-authorized-for-deletion
DUP-0577,8d0b27f9e52287657d5c24baf45731bd9d80c737991e80639074c9377f42158c,30049,2,30049,Java/assets/npcs/regional/npc_regional_desert_farmer_m_model_down.png,runtime-folder-candidate,review-required; not-authorized-for-deletion
DUP-0578,d3ebc7df725debd620a0be81397489817b4af7069dc8d7fa34733549b40a47d3,14954,3,29908,asset-review/characters/idle/npc_torin_up.png,review-or-quarantine,review-required; not-authorized-for-deletion
DUP-0578,d3ebc7df725debd620a0be81397489817b4af7069dc8d7fa34733549b40a47d3,14954,3,29908,asset-review/characters/idle/npc_torin_up_left.png,review-or-quarantine,review-required; not-authorized-for-deletion
DUP-0578,d3ebc7df725debd620a0be81397489817b4af7069dc8d7fa34733549b40a47d3,14954,3,29908,asset-review/characters/idle/npc_torin_up_right.png,review-or-quarantine,review-required; not-authorized-for-deletion
DUP-0579,60b762d6d7c3ac69378ebfb457242e47744b7236fc6c9f8640c1393fe729bda2,14889,3,29778,asset-review/characters/idle/npc_story_solari_down.png,review-or-quarantine,review-required; not-authorized-for-deletion
DUP-0579,60b762d6d7c3ac69378ebfb457242e47744b7236fc6c9f8640c1393fe729bda2,14889,3,29778,asset-review/characters/idle/npc_story_solari_down_left.png,review-or-quarantine,review-required; not-authorized-for-deletion
DUP-0579,60b762d6d7c3ac69378ebfb457242e47744b7236fc6c9f8640c1393fe729bda2,14889,3,29778,asset-review/characters/idle/npc_story_solari_down_right.png,review-or-quarantine,review-required; not-authorized-for-deletion
DUP-0580,7c2b7f619142511c9c1654dcba10df2b2dc99aacc2b1ae548e657b682e584960,14885,3,29770,asset-review/characters/walk/npc_quartermaster_up.png,review-or-quarantine,review-required; not-authorized-for-deletion
DUP-0580,7c2b7f619142511c9c1654dcba10df2b2dc99aacc2b1ae548e657b682e584960,14885,3,29770,asset-review/characters/walk/npc_quartermaster_up_left.png,review-or-quarantine,review-required; not-authorized-for-deletion
DUP-0580,7c2b7f619142511c9c1654dcba10df2b2dc99aacc2b1ae548e657b682e584960,14885,3,29770,asset-review/characters/walk/npc_quartermaster_up_right.png,review-or-quarantine,review-required; not-authorized-for-deletion
DUP-0581,94be03ceb77b599b1581e53a66345d48de0e82e1d8a2175f458fabd146687022,14798,3,29596,asset-review/characters/idle/npc_story_solari_up.png,review-or-quarantine,review-required; not-authorized-for-deletion
DUP-0581,94be03ceb77b599b1581e53a66345d48de0e82e1d8a2175f458fabd146687022,14798,3,29596,asset-review/characters/idle/npc_story_solari_up_left.png,review-or-quarantine,review-required; not-authorized-for-deletion
DUP-0581,94be03ceb77b599b1581e53a66345d48de0e82e1d8a2175f458fabd146687022,14798,3,29596,asset-review/characters/idle/npc_story_solari_up_right.png,review-or-quarantine,review-required; not-authorized-for-deletion
DUP-0582,83fc3a2a9faff60ebf198837e71ba09b6540462bd6772859a51b1cf57c96a1b4,14779,3,29558,asset-review/characters/idle/npc_story_vaelthara_down.png,review-or-quarantine,review-required; not-authorized-for-deletion
DUP-0582,83fc3a2a9faff60ebf198837e71ba09b6540462bd6772859a51b1cf57c96a1b4,14779,3,29558,asset-review/characters/idle/npc_story_vaelthara_down_left.png,review-or-quarantine,review-required; not-authorized-for-deletion
DUP-0582,83fc3a2a9faff60ebf198837e71ba09b6540462bd6772859a51b1cf57c96a1b4,14779,3,29558,asset-review/characters/idle/npc_story_vaelthara_down_right.png,review-or-quarantine,review-required; not-authorized-for-deletion
DUP-0583,55099a8ac45b5991935f89c1a30b5046911bc304db0ae26f8f2d7f7c0a7ab6be,29535,2,29535,Java/assets/interiors/props/household/interior_handcart.png,runtime-folder-candidate,review-required; not-authorized-for-deletion
DUP-0583,55099a8ac45b5991935f89c1a30b5046911bc304db0ae26f8f2d7f7c0a7ab6be,29535,2,29535,asset-review/household-expansion/candidates/directional/handcart_side.png,review-or-quarantine,review-required; not-authorized-for-deletion
DUP-0584,c1d34d17380918c31a728504146c88a6eb1a706365b6b8c7411895576b34cd98,14700,3,29400,asset-review/characters/idle/npc_ren_down.png,review-or-quarantine,review-required; not-authorized-for-deletion
DUP-0584,c1d34d17380918c31a728504146c88a6eb1a706365b6b8c7411895576b34cd98,14700,3,29400,asset-review/characters/idle/npc_ren_down_left.png,review-or-quarantine,review-required; not-authorized-for-deletion
DUP-0584,c1d34d17380918c31a728504146c88a6eb1a706365b6b8c7411895576b34cd98,14700,3,29400,asset-review/characters/idle/npc_ren_down_right.png,review-or-quarantine,review-required; not-authorized-for-deletion
DUP-0585,779e21ce501e4238db4bc51bce95154a139f710220ab859a48ce6aceb33d5e9a,29334,2,29334,Java/assets/npcs/regional/npc_regional_marsh_scholar_f_model.png,runtime-folder-candidate,review-required; not-authorized-for-deletion
DUP-0585,779e21ce501e4238db4bc51bce95154a139f710220ab859a48ce6aceb33d5e9a,29334,2,29334,Java/assets/npcs/regional/npc_regional_marsh_scholar_f_model_down.png,runtime-folder-candidate,review-required; not-authorized-for-deletion
DUP-0586,e1af67f0bf80c17cabec9b617ccb92af9f00612a48baca7ce1d49a63218c561e,29086,2,29086,Java/assets/npcs/regional/npc_regional_highland_miner_m_model.png,runtime-folder-candidate,review-required; not-authorized-for-deletion
DUP-0586,e1af67f0bf80c17cabec9b617ccb92af9f00612a48baca7ce1d49a63218c561e,29086,2,29086,Java/assets/npcs/regional/npc_regional_highland_miner_m_model_down.png,runtime-folder-candidate,review-required; not-authorized-for-deletion
DUP-0587,64ac876000687bf9b3ca29a164790ca0d274dc37cab173a74879344015a35c4f,14460,3,28920,asset-review/characters/idle/npc_citizen_woman_up.png,review-or-quarantine,review-required; not-authorized-for-deletion
DUP-0587,64ac876000687bf9b3ca29a164790ca0d274dc37cab173a74879344015a35c4f,14460,3,28920,asset-review/characters/idle/npc_citizen_woman_up_left.png,review-or-quarantine,review-required; not-authorized-for-deletion
DUP-0587,64ac876000687bf9b3ca29a164790ca0d274dc37cab173a74879344015a35c4f,14460,3,28920,asset-review/characters/idle/npc_citizen_woman_up_right.png,review-or-quarantine,review-required; not-authorized-for-deletion
DUP-0588,7cd3dedaa0dacdf5fa4b86fbb3fea6167ae2202305252e628b7110c68fee3ce2,14454,3,28908,asset-review/characters/idle/npc_story_vaelthara_up.png,review-or-quarantine,review-required; not-authorized-for-deletion
DUP-0588,7cd3dedaa0dacdf5fa4b86fbb3fea6167ae2202305252e628b7110c68fee3ce2,14454,3,28908,asset-review/characters/idle/npc_story_vaelthara_up_left.png,review-or-quarantine,review-required; not-authorized-for-deletion
DUP-0588,7cd3dedaa0dacdf5fa4b86fbb3fea6167ae2202305252e628b7110c68fee3ce2,14454,3,28908,asset-review/characters/idle/npc_story_vaelthara_up_right.png,review-or-quarantine,review-required; not-authorized-for-deletion
DUP-0589,f949ed6aca400d0f8623baf80b11267969a886fb6efccc56aba683f10a4f00ed,14437,3,28874,asset-review/characters/idle/npc_story_captain_elric_snowrest_down.png,review-or-quarantine,review-required; not-authorized-for-deletion
DUP-0589,f949ed6aca400d0f8623baf80b11267969a886fb6efccc56aba683f10a4f00ed,14437,3,28874,asset-review/characters/idle/npc_story_captain_elric_snowrest_down_left.png,review-or-quarantine,review-required; not-authorized-for-deletion
DUP-0589,f949ed6aca400d0f8623baf80b11267969a886fb6efccc56aba683f10a4f00ed,14437,3,28874,asset-review/characters/idle/npc_story_captain_elric_snowrest_down_right.png,review-or-quarantine,review-required; not-authorized-for-deletion
DUP-0590,698d8d1ba79b52243a20da20145b45006ce1d1609eeee18b0fe351eaee80bb3a,14412,3,28824,asset-review/characters/idle/npc_liora_up.png,review-or-quarantine,review-required; not-authorized-for-deletion
DUP-0590,698d8d1ba79b52243a20da20145b45006ce1d1609eeee18b0fe351eaee80bb3a,14412,3,28824,asset-review/characters/idle/npc_liora_up_left.png,review-or-quarantine,review-required; not-authorized-for-deletion
DUP-0590,698d8d1ba79b52243a20da20145b45006ce1d1609eeee18b0fe351eaee80bb3a,14412,3,28824,asset-review/characters/idle/npc_liora_up_right.png,review-or-quarantine,review-required; not-authorized-for-deletion
DUP-0591,2683e6a507c9c4cddba98697b7a8a95dec49e4367d56beda004f7e9e062446e4,28781,2,28781,Java/assets/npcs/regional/npc_regional_temperate_farmer_m_model.png,runtime-folder-candidate,review-required; not-authorized-for-deletion
DUP-0591,2683e6a507c9c4cddba98697b7a8a95dec49e4367d56beda004f7e9e062446e4,28781,2,28781,Java/assets/npcs/regional/npc_regional_temperate_farmer_m_model_down.png,runtime-folder-candidate,review-required; not-authorized-for-deletion
DUP-0592,489e9ee3c054973a685953c7071eea507dbcce7c5fed5742b897c0629f09b25d,14377,3,28754,asset-review/characters/idle/npc_story_captain_elric_snowrest_up.png,review-or-quarantine,review-required; not-authorized-for-deletion
DUP-0592,489e9ee3c054973a685953c7071eea507dbcce7c5fed5742b897c0629f09b25d,14377,3,28754,asset-review/characters/idle/npc_story_captain_elric_snowrest_up_left.png,review-or-quarantine,review-required; not-authorized-for-deletion
DUP-0592,489e9ee3c054973a685953c7071eea507dbcce7c5fed5742b897c0629f09b25d,14377,3,28754,asset-review/characters/idle/npc_story_captain_elric_snowrest_up_right.png,review-or-quarantine,review-required; not-authorized-for-deletion
DUP-0593,9fa7d94c9ae6ef52c3e12c7b58022693d217a45dde36ac177e829507a1903ddd,14305,3,28610,asset-review/characters/idle/npc_citizen_woman_down.png,review-or-quarantine,review-required; not-authorized-for-deletion
DUP-0593,9fa7d94c9ae6ef52c3e12c7b58022693d217a45dde36ac177e829507a1903ddd,14305,3,28610,asset-review/characters/idle/npc_citizen_woman_down_left.png,review-or-quarantine,review-required; not-authorized-for-deletion
DUP-0593,9fa7d94c9ae6ef52c3e12c7b58022693d217a45dde36ac177e829507a1903ddd,14305,3,28610,asset-review/characters/idle/npc_citizen_woman_down_right.png,review-or-quarantine,review-required; not-authorized-for-deletion
DUP-0594,68532829e963eba26cebf64c3be9d1825284d4e045492febadeedb525fe65fca,14302,3,28604,asset-review/characters/idle/npc_vexa_up.png,review-or-quarantine,review-required; not-authorized-for-deletion
DUP-0594,68532829e963eba26cebf64c3be9d1825284d4e045492febadeedb525fe65fca,14302,3,28604,asset-review/characters/idle/npc_vexa_up_left.png,review-or-quarantine,review-required; not-authorized-for-deletion
DUP-0594,68532829e963eba26cebf64c3be9d1825284d4e045492febadeedb525fe65fca,14302,3,28604,asset-review/characters/idle/npc_vexa_up_right.png,review-or-quarantine,review-required; not-authorized-for-deletion
DUP-0595,331eb4ba6bc1357dbb87a4731f45692a8a5ce8292ffab8dbd87895bc295182d7,14283,3,28566,asset-review/characters/idle/npc_citizen_man_up.png,review-or-quarantine,review-required; not-authorized-for-deletion
DUP-0595,331eb4ba6bc1357dbb87a4731f45692a8a5ce8292ffab8dbd87895bc295182d7,14283,3,28566,asset-review/characters/idle/npc_citizen_man_up_left.png,review-or-quarantine,review-required; not-authorized-for-deletion
DUP-0595,331eb4ba6bc1357dbb87a4731f45692a8a5ce8292ffab8dbd87895bc295182d7,14283,3,28566,asset-review/characters/idle/npc_citizen_man_up_right.png,review-or-quarantine,review-required; not-authorized-for-deletion
DUP-0596,917ce5f54ba0ff2907acf756b430243183697d355bce10261b39512f5f893889,28546,2,28546,Java/assets/npcs/regional/npc_regional_desert_farmer_f_model.png,runtime-folder-candidate,review-required; not-authorized-for-deletion
DUP-0596,917ce5f54ba0ff2907acf756b430243183697d355bce10261b39512f5f893889,28546,2,28546,Java/assets/npcs/regional/npc_regional_desert_farmer_f_model_down.png,runtime-folder-candidate,review-required; not-authorized-for-deletion
DUP-0597,1f4f5fec090d300b17af8d634e14f7a71f5d0e33ee101427dda0f54e36a52fef,14255,3,28510,asset-review/characters/idle/npc_citizen_man_down.png,review-or-quarantine,review-required; not-authorized-for-deletion
DUP-0597,1f4f5fec090d300b17af8d634e14f7a71f5d0e33ee101427dda0f54e36a52fef,14255,3,28510,asset-review/characters/idle/npc_citizen_man_down_left.png,review-or-quarantine,review-required; not-authorized-for-deletion
DUP-0597,1f4f5fec090d300b17af8d634e14f7a71f5d0e33ee101427dda0f54e36a52fef,14255,3,28510,asset-review/characters/idle/npc_citizen_man_down_right.png,review-or-quarantine,review-required; not-authorized-for-deletion
DUP-0598,72a4a5ba30d14c4cccaaf52087168d7afec6e2180dfe2b345e151a65c40fde02,14176,3,28352,asset-review/characters/idle/npc_story_odrick_down.png,review-or-quarantine,review-required; not-authorized-for-deletion
DUP-0598,72a4a5ba30d14c4cccaaf52087168d7afec6e2180dfe2b345e151a65c40fde02,14176,3,28352,asset-review/characters/idle/npc_story_odrick_down_left.png,review-or-quarantine,review-required; not-authorized-for-deletion
DUP-0598,72a4a5ba30d14c4cccaaf52087168d7afec6e2180dfe2b345e151a65c40fde02,14176,3,28352,asset-review/characters/idle/npc_story_odrick_down_right.png,review-or-quarantine,review-required; not-authorized-for-deletion
DUP-0599,db05aef8f4f33ba99a238d0a2a2fba0d98f2cbb56fe3896015b2a96bf43a49a1,14115,3,28230,Java/assets/companions/aria/npc_aria.png,runtime-folder-candidate,review-required; not-authorized-for-deletion
DUP-0599,db05aef8f4f33ba99a238d0a2a2fba0d98f2cbb56fe3896015b2a96bf43a49a1,14115,3,28230,Java/assets/companions/aria/npc_aria_model.png,runtime-folder-candidate,review-required; not-authorized-for-deletion
DUP-0599,db05aef8f4f33ba99a238d0a2a2fba0d98f2cbb56fe3896015b2a96bf43a49a1,14115,3,28230,Java/assets/companions/aria/npc_aria_model_down.png,runtime-folder-candidate,review-required; not-authorized-for-deletion
DUP-0600,2691491c4da105fc5858ad19fb562467005f7990de941b9b9f9d9e4474bfe533,14115,3,28230,asset-review/characters/idle/npc_story_ysra_down.png,review-or-quarantine,review-required; not-authorized-for-deletion
DUP-0600,2691491c4da105fc5858ad19fb562467005f7990de941b9b9f9d9e4474bfe533,14115,3,28230,asset-review/characters/idle/npc_story_ysra_down_left.png,review-or-quarantine,review-required; not-authorized-for-deletion
DUP-0600,2691491c4da105fc5858ad19fb562467005f7990de941b9b9f9d9e4474bfe533,14115,3,28230,asset-review/characters/idle/npc_story_ysra_down_right.png,review-or-quarantine,review-required; not-authorized-for-deletion
DUP-0601,44cde5eeefb302034d8954bea17dcaaef98e6e4d133d14fda8012d62b0b04f17,28172,2,28172,Java/assets/npcs/regional/npc_regional_highland_farmer_m_model.png,runtime-folder-candidate,review-required; not-authorized-for-deletion
DUP-0601,44cde5eeefb302034d8954bea17dcaaef98e6e4d133d14fda8012d62b0b04f17,28172,2,28172,Java/assets/npcs/regional/npc_regional_highland_farmer_m_model_down.png,runtime-folder-candidate,review-required; not-authorized-for-deletion
DUP-0602,015b2910817771541333fada0e471c61b41a98170dc2fe3ebc9da91456e7d7c3,14006,3,28012,asset-review/characters/idle/npc_story_odrick_up.png,review-or-quarantine,review-required; not-authorized-for-deletion
DUP-0602,015b2910817771541333fada0e471c61b41a98170dc2fe3ebc9da91456e7d7c3,14006,3,28012,asset-review/characters/idle/npc_story_odrick_up_left.png,review-or-quarantine,review-required; not-authorized-for-deletion
DUP-0602,015b2910817771541333fada0e471c61b41a98170dc2fe3ebc9da91456e7d7c3,14006,3,28012,asset-review/characters/idle/npc_story_odrick_up_right.png,review-or-quarantine,review-required; not-authorized-for-deletion
DUP-0603,1faaaf447cbc1d7a3a9133a86102205cfc80cea9579c3465633e6a39803b9446,28009,2,28009,Java/assets/npcs/regional/npc_regional_marsh_farmer_f_model.png,runtime-folder-candidate,review-required; not-authorized-for-deletion
DUP-0603,1faaaf447cbc1d7a3a9133a86102205cfc80cea9579c3465633e6a39803b9446,28009,2,28009,Java/assets/npcs/regional/npc_regional_marsh_farmer_f_model_down.png,runtime-folder-candidate,review-required; not-authorized-for-deletion
DUP-0604,834c8d1c7d1ec5e8461c424b6ed060ccce2b6146495d3c49b4df03ff45091ef0,27933,2,27933,Java/assets/interiors/props/household/interior_coat_stand.png,runtime-folder-candidate,review-required; not-authorized-for-deletion
DUP-0604,834c8d1c7d1ec5e8461c424b6ed060ccce2b6146495d3c49b4df03ff45091ef0,27933,2,27933,asset-review/household-expansion/candidates/household/coat_stand.png,review-or-quarantine,review-required; not-authorized-for-deletion
DUP-0605,b606d244ce1d535135e0c715d27eac115c9071d18b740180ec4ffddec5a9a83e,13953,3,27906,asset-review/characters/idle/npc_story_ysra_up.png,review-or-quarantine,review-required; not-authorized-for-deletion
DUP-0605,b606d244ce1d535135e0c715d27eac115c9071d18b740180ec4ffddec5a9a83e,13953,3,27906,asset-review/characters/idle/npc_story_ysra_up_left.png,review-or-quarantine,review-required; not-authorized-for-deletion
DUP-0605,b606d244ce1d535135e0c715d27eac115c9071d18b740180ec4ffddec5a9a83e,13953,3,27906,asset-review/characters/idle/npc_story_ysra_up_right.png,review-or-quarantine,review-required; not-authorized-for-deletion
DUP-0606,f3df904409b8a9ea6f218eb6ae338bfe2793ce4fcac1a9a3ec738a87d246c7a4,13949,3,27898,asset-review/characters/idle/npc_kael_up.png,review-or-quarantine,review-required; not-authorized-for-deletion
DUP-0606,f3df904409b8a9ea6f218eb6ae338bfe2793ce4fcac1a9a3ec738a87d246c7a4,13949,3,27898,asset-review/characters/idle/npc_kael_up_left.png,review-or-quarantine,review-required; not-authorized-for-deletion
DUP-0606,f3df904409b8a9ea6f218eb6ae338bfe2793ce4fcac1a9a3ec738a87d246c7a4,13949,3,27898,asset-review/characters/idle/npc_kael_up_right.png,review-or-quarantine,review-required; not-authorized-for-deletion
DUP-0607,e4df4ed2e46bf3a0a2e0adef35a59c8b2fac6e192179c175eae879779d4164dd,13828,3,27656,asset-review/characters/idle/npc_ren_up.png,review-or-quarantine,review-required; not-authorized-for-deletion
DUP-0607,e4df4ed2e46bf3a0a2e0adef35a59c8b2fac6e192179c175eae879779d4164dd,13828,3,27656,asset-review/characters/idle/npc_ren_up_left.png,review-or-quarantine,review-required; not-authorized-for-deletion
DUP-0607,e4df4ed2e46bf3a0a2e0adef35a59c8b2fac6e192179c175eae879779d4164dd,13828,3,27656,asset-review/characters/idle/npc_ren_up_right.png,review-or-quarantine,review-required; not-authorized-for-deletion
DUP-0608,10f8dcf51fd56ac86b67c381918d00a29b65dfab76bd386c61756e55a08864c5,13797,3,27594,asset-review/characters/idle/npc_baker_up.png,review-or-quarantine,review-required; not-authorized-for-deletion
DUP-0608,10f8dcf51fd56ac86b67c381918d00a29b65dfab76bd386c61756e55a08864c5,13797,3,27594,asset-review/characters/idle/npc_baker_up_left.png,review-or-quarantine,review-required; not-authorized-for-deletion
DUP-0608,10f8dcf51fd56ac86b67c381918d00a29b65dfab76bd386c61756e55a08864c5,13797,3,27594,asset-review/characters/idle/npc_baker_up_right.png,review-or-quarantine,review-required; not-authorized-for-deletion
DUP-0609,b3695b7a89cca45df926af991fec719ad7ca2e0f0dd2a6c17d27c6ec47cee5a8,27217,2,27217,Java/assets/npcs/regional/npc_regional_marsh_farmer_m_model.png,runtime-folder-candidate,review-required; not-authorized-for-deletion
DUP-0609,b3695b7a89cca45df926af991fec719ad7ca2e0f0dd2a6c17d27c6ec47cee5a8,27217,2,27217,Java/assets/npcs/regional/npc_regional_marsh_farmer_m_model_down.png,runtime-folder-candidate,review-required; not-authorized-for-deletion
DUP-0610,ae2ae32aef0b45fab3a9837425599844add2b016367449df7725df716e8b9aa8,13568,3,27136,asset-review/characters/idle/npc_sable_down.png,review-or-quarantine,review-required; not-authorized-for-deletion
DUP-0610,ae2ae32aef0b45fab3a9837425599844add2b016367449df7725df716e8b9aa8,13568,3,27136,asset-review/characters/idle/npc_sable_down_left.png,review-or-quarantine,review-required; not-authorized-for-deletion
DUP-0610,ae2ae32aef0b45fab3a9837425599844add2b016367449df7725df716e8b9aa8,13568,3,27136,asset-review/characters/idle/npc_sable_down_right.png,review-or-quarantine,review-required; not-authorized-for-deletion
DUP-0611,fc6820a7b42c1c258e11484f3edc015e392a517c0f9accd079526df8b970ca91,13545,3,27090,asset-review/characters/idle/npc_nyx_up.png,review-or-quarantine,review-required; not-authorized-for-deletion
DUP-0611,fc6820a7b42c1c258e11484f3edc015e392a517c0f9accd079526df8b970ca91,13545,3,27090,asset-review/characters/idle/npc_nyx_up_left.png,review-or-quarantine,review-required; not-authorized-for-deletion
DUP-0611,fc6820a7b42c1c258e11484f3edc015e392a517c0f9accd079526df8b970ca91,13545,3,27090,asset-review/characters/idle/npc_nyx_up_right.png,review-or-quarantine,review-required; not-authorized-for-deletion
DUP-0612,8c6b2964b18eb0bffa28ff7f55443e66cff19f894bd6a4e03e10f9d55e4e7b58,13435,3,26870,asset-review/characters/idle/npc_innkeeper_down.png,review-or-quarantine,review-required; not-authorized-for-deletion
DUP-0612,8c6b2964b18eb0bffa28ff7f55443e66cff19f894bd6a4e03e10f9d55e4e7b58,13435,3,26870,asset-review/characters/idle/npc_innkeeper_down_left.png,review-or-quarantine,review-required; not-authorized-for-deletion
DUP-0612,8c6b2964b18eb0bffa28ff7f55443e66cff19f894bd6a4e03e10f9d55e4e7b58,13435,3,26870,asset-review/characters/idle/npc_innkeeper_down_right.png,review-or-quarantine,review-required; not-authorized-for-deletion
DUP-0613,96299056fb7fe3f9c6c213ff128a358e7926de301e92a1a55d7329084966ae8f,13384,3,26768,asset-review/characters/idle/npc_baker_down.png,review-or-quarantine,review-required; not-authorized-for-deletion
DUP-0613,96299056fb7fe3f9c6c213ff128a358e7926de301e92a1a55d7329084966ae8f,13384,3,26768,asset-review/characters/idle/npc_baker_down_left.png,review-or-quarantine,review-required; not-authorized-for-deletion
DUP-0613,96299056fb7fe3f9c6c213ff128a358e7926de301e92a1a55d7329084966ae8f,13384,3,26768,asset-review/characters/idle/npc_baker_down_right.png,review-or-quarantine,review-required; not-authorized-for-deletion
DUP-0614,1177a8a9d1dc18f5baf15a7a8104be2a3c9776cb0307190314f65061630a6e26,26661,2,26661,Java/assets/npcs/regional/npc_regional_highland_farmer_f_model.png,runtime-folder-candidate,review-required; not-authorized-for-deletion
DUP-0614,1177a8a9d1dc18f5baf15a7a8104be2a3c9776cb0307190314f65061630a6e26,26661,2,26661,Java/assets/npcs/regional/npc_regional_highland_farmer_f_model_down.png,runtime-folder-candidate,review-required; not-authorized-for-deletion
DUP-0615,fd7a5416eeaa62f8736e85d328c09950ad23be6cc53dcb38eb9ca24c852f22cc,13273,3,26546,asset-review/characters/idle/npc_nyx_down.png,review-or-quarantine,review-required; not-authorized-for-deletion
DUP-0615,fd7a5416eeaa62f8736e85d328c09950ad23be6cc53dcb38eb9ca24c852f22cc,13273,3,26546,asset-review/characters/idle/npc_nyx_down_left.png,review-or-quarantine,review-required; not-authorized-for-deletion
DUP-0615,fd7a5416eeaa62f8736e85d328c09950ad23be6cc53dcb38eb9ca24c852f22cc,13273,3,26546,asset-review/characters/idle/npc_nyx_down_right.png,review-or-quarantine,review-required; not-authorized-for-deletion
DUP-0616,8594a467056290c7919bd349afbdcf7117d3079014bbe3f73eaf585dfb2a98b6,13147,3,26294,asset-review/characters/idle/npc_story_maelis_down.png,review-or-quarantine,review-required; not-authorized-for-deletion
DUP-0616,8594a467056290c7919bd349afbdcf7117d3079014bbe3f73eaf585dfb2a98b6,13147,3,26294,asset-review/characters/idle/npc_story_maelis_down_left.png,review-or-quarantine,review-required; not-authorized-for-deletion
DUP-0616,8594a467056290c7919bd349afbdcf7117d3079014bbe3f73eaf585dfb2a98b6,13147,3,26294,asset-review/characters/idle/npc_story_maelis_down_right.png,review-or-quarantine,review-required; not-authorized-for-deletion
DUP-0617,e5b5daa6d39c1e5487c18416a2ee4a156417291981900de456e7c5867edaee77,26261,2,26261,Java/assets/interiors/props/household/interior_pottery_cluster.png,runtime-folder-candidate,review-required; not-authorized-for-deletion
DUP-0617,e5b5daa6d39c1e5487c18416a2ee4a156417291981900de456e7c5867edaee77,26261,2,26261,asset-review/household-expansion/candidates/warehouse/pottery.png,review-or-quarantine,review-required; not-authorized-for-deletion
DUP-0618,7867f7d52a1d77da63b60b314a6afdfd2b16be3561e03321f5a2a651f0bdeeed,26247,2,26247,Java/assets/player/base/player.png,runtime-folder-candidate,review-required; not-authorized-for-deletion
DUP-0618,7867f7d52a1d77da63b60b314a6afdfd2b16be3561e03321f5a2a651f0bdeeed,26247,2,26247,Java/assets/player/base/player_battle.png,runtime-folder-candidate,review-required; not-authorized-for-deletion
DUP-0619,c8fde684a2d96bdf63333489d4a253d4bb0cb028c820cfc8903f6ba187b75034,12997,3,25994,asset-review/characters/idle/npc_kael_down.png,review-or-quarantine,review-required; not-authorized-for-deletion
DUP-0619,c8fde684a2d96bdf63333489d4a253d4bb0cb028c820cfc8903f6ba187b75034,12997,3,25994,asset-review/characters/idle/npc_kael_down_left.png,review-or-quarantine,review-required; not-authorized-for-deletion
DUP-0619,c8fde684a2d96bdf63333489d4a253d4bb0cb028c820cfc8903f6ba187b75034,12997,3,25994,asset-review/characters/idle/npc_kael_down_right.png,review-or-quarantine,review-required; not-authorized-for-deletion
DUP-0620,1ef91cad89c32be78de8a5ff5a328eb4efded332bb084c36e387f59a0995d664,25942,2,25942,Java/assets/interiors/props/household/interior_wall_mirror.png,runtime-folder-candidate,review-required; not-authorized-for-deletion
DUP-0620,1ef91cad89c32be78de8a5ff5a328eb4efded332bb084c36e387f59a0995d664,25942,2,25942,asset-review/household-expansion/candidates/household/wall_mirror.png,review-or-quarantine,review-required; not-authorized-for-deletion
DUP-0621,010a2919be5fcca08d2b50b034dbf23f0fbf4c514ad955b7f1485c0230fe86d7,12944,3,25888,asset-review/characters/idle/npc_story_maelis_up.png,review-or-quarantine,review-required; not-authorized-for-deletion
DUP-0621,010a2919be5fcca08d2b50b034dbf23f0fbf4c514ad955b7f1485c0230fe86d7,12944,3,25888,asset-review/characters/idle/npc_story_maelis_up_left.png,review-or-quarantine,review-required; not-authorized-for-deletion
DUP-0621,010a2919be5fcca08d2b50b034dbf23f0fbf4c514ad955b7f1485c0230fe86d7,12944,3,25888,asset-review/characters/idle/npc_story_maelis_up_right.png,review-or-quarantine,review-required; not-authorized-for-deletion
DUP-0622,b99eaa895baa9a25d64357a9a280c91d35e6c3905a49e53e42ee9f00f1ecd3f2,12862,3,25724,asset-review/characters/idle/npc_sable_up.png,review-or-quarantine,review-required; not-authorized-for-deletion
DUP-0622,b99eaa895baa9a25d64357a9a280c91d35e6c3905a49e53e42ee9f00f1ecd3f2,12862,3,25724,asset-review/characters/idle/npc_sable_up_left.png,review-or-quarantine,review-required; not-authorized-for-deletion
DUP-0622,b99eaa895baa9a25d64357a9a280c91d35e6c3905a49e53e42ee9f00f1ecd3f2,12862,3,25724,asset-review/characters/idle/npc_sable_up_right.png,review-or-quarantine,review-required; not-authorized-for-deletion
DUP-0623,84191628c56146d9f81eaed84891be7942dbc34b8d16c2dcd89216f2a69521cd,25323,2,25323,Java/assets/interiors/props/household/interior_armchair_green.png,runtime-folder-candidate,review-required; not-authorized-for-deletion
DUP-0623,84191628c56146d9f81eaed84891be7942dbc34b8d16c2dcd89216f2a69521cd,25323,2,25323,asset-review/household-expansion/candidates/household/chair_green.png,review-or-quarantine,review-required; not-authorized-for-deletion
DUP-0624,ddde02d0fe0547d557b01fd0e135d09e4c1505f9801edd7a97000af0589b62aa,12594,3,25188,Java/assets/story/npcs/vaelthara/npc_story_vaelthara.png,runtime-folder-candidate,review-required; not-authorized-for-deletion
DUP-0624,ddde02d0fe0547d557b01fd0e135d09e4c1505f9801edd7a97000af0589b62aa,12594,3,25188,Java/assets/story/npcs/vaelthara/npc_story_vaelthara_model.png,runtime-folder-candidate,review-required; not-authorized-for-deletion
DUP-0624,ddde02d0fe0547d557b01fd0e135d09e4c1505f9801edd7a97000af0589b62aa,12594,3,25188,Java/assets/story/npcs/vaelthara/npc_story_vaelthara_model_down.png,runtime-folder-candidate,review-required; not-authorized-for-deletion
DUP-0625,aac29eb1111b0b7b67b1f25aff7bccf3e3b0bb5b7910601947d23214263b3282,25134,2,25134,Java/assets/interiors/props/household/interior_wall_tools.png,runtime-folder-candidate,review-required; not-authorized-for-deletion
DUP-0625,aac29eb1111b0b7b67b1f25aff7bccf3e3b0bb5b7910601947d23214263b3282,25134,2,25134,asset-review/household-expansion/candidates/warehouse/wall_tools.png,review-or-quarantine,review-required; not-authorized-for-deletion
DUP-0626,df1cddb1ace859f08be59a669d046868d7d790f13bcdd91543644fa6f6ad6144,12546,3,25092,asset-review/characters/idle/npc_innkeeper_up.png,review-or-quarantine,review-required; not-authorized-for-deletion
DUP-0626,df1cddb1ace859f08be59a669d046868d7d790f13bcdd91543644fa6f6ad6144,12546,3,25092,asset-review/characters/idle/npc_innkeeper_up_left.png,review-or-quarantine,review-required; not-authorized-for-deletion
DUP-0626,df1cddb1ace859f08be59a669d046868d7d790f13bcdd91543644fa6f6ad6144,12546,3,25092,asset-review/characters/idle/npc_innkeeper_up_right.png,review-or-quarantine,review-required; not-authorized-for-deletion
DUP-0627,282939450494271c3ceca76e6bbba1f140c5153abeeddd152fe8e0f3fef2aa77,12523,3,25046,asset-review/characters/idle/npc_story_ash_scribe_damar_down.png,review-or-quarantine,review-required; not-authorized-for-deletion
DUP-0627,282939450494271c3ceca76e6bbba1f140c5153abeeddd152fe8e0f3fef2aa77,12523,3,25046,asset-review/characters/idle/npc_story_ash_scribe_damar_down_left.png,review-or-quarantine,review-required; not-authorized-for-deletion
DUP-0627,282939450494271c3ceca76e6bbba1f140c5153abeeddd152fe8e0f3fef2aa77,12523,3,25046,asset-review/characters/idle/npc_story_ash_scribe_damar_down_right.png,review-or-quarantine,review-required; not-authorized-for-deletion
DUP-0628,4e1d7a558924be26e9486972cc89a83e05f2cdb4616b62859fa269b4379f3983,12469,3,24938,asset-review/characters/idle/npc_story_ash_scribe_damar_up.png,review-or-quarantine,review-required; not-authorized-for-deletion
DUP-0628,4e1d7a558924be26e9486972cc89a83e05f2cdb4616b62859fa269b4379f3983,12469,3,24938,asset-review/characters/idle/npc_story_ash_scribe_damar_up_left.png,review-or-quarantine,review-required; not-authorized-for-deletion
DUP-0628,4e1d7a558924be26e9486972cc89a83e05f2cdb4616b62859fa269b4379f3983,12469,3,24938,asset-review/characters/idle/npc_story_ash_scribe_damar_up_right.png,review-or-quarantine,review-required; not-authorized-for-deletion
DUP-0629,20534f978c7c26705018aa32f0668ffb133ad70916858e366dfe75e7c679c262,12412,3,24824,Java/assets/story/npcs/elder_rowan/npc_story_elder_rowan.png,runtime-folder-candidate,review-required; not-authorized-for-deletion
DUP-0629,20534f978c7c26705018aa32f0668ffb133ad70916858e366dfe75e7c679c262,12412,3,24824,Java/assets/story/npcs/elder_rowan/npc_story_elder_rowan_model.png,runtime-folder-candidate,review-required; not-authorized-for-deletion
DUP-0629,20534f978c7c26705018aa32f0668ffb133ad70916858e366dfe75e7c679c262,12412,3,24824,Java/assets/story/npcs/elder_rowan/npc_story_elder_rowan_model_down.png,runtime-folder-candidate,review-required; not-authorized-for-deletion
DUP-0630,44a23d6e499140ad4654270f4f3ab5df3a632a4887c5f943c934bb8ef47529de,12198,3,24396,asset-review/characters/idle/npc_story_bellwright_nessa_down.png,review-or-quarantine,review-required; not-authorized-for-deletion
DUP-0630,44a23d6e499140ad4654270f4f3ab5df3a632a4887c5f943c934bb8ef47529de,12198,3,24396,asset-review/characters/idle/npc_story_bellwright_nessa_down_left.png,review-or-quarantine,review-required; not-authorized-for-deletion
DUP-0630,44a23d6e499140ad4654270f4f3ab5df3a632a4887c5f943c934bb8ef47529de,12198,3,24396,asset-review/characters/idle/npc_story_bellwright_nessa_down_right.png,review-or-quarantine,review-required; not-authorized-for-deletion
DUP-0631,4cceeb4d80c91a45fb919f187e322081e326251b18c0bc133d7b234aae7a3be2,12192,3,24384,asset-review/characters/idle/npc_story_mirella_down.png,review-or-quarantine,review-required; not-authorized-for-deletion
DUP-0631,4cceeb4d80c91a45fb919f187e322081e326251b18c0bc133d7b234aae7a3be2,12192,3,24384,asset-review/characters/idle/npc_story_mirella_down_left.png,review-or-quarantine,review-required; not-authorized-for-deletion
DUP-0631,4cceeb4d80c91a45fb919f187e322081e326251b18c0bc133d7b234aae7a3be2,12192,3,24384,asset-review/characters/idle/npc_story_mirella_down_right.png,review-or-quarantine,review-required; not-authorized-for-deletion
DUP-0632,8ce063d585c1671b1607623dd443db356da1af78d06d40733cde93f76143da22,12150,3,24300,Java/assets/story/npcs/solari/npc_story_solari.png,runtime-folder-candidate,review-required; not-authorized-for-deletion
DUP-0632,8ce063d585c1671b1607623dd443db356da1af78d06d40733cde93f76143da22,12150,3,24300,Java/assets/story/npcs/solari/npc_story_solari_model.png,runtime-folder-candidate,review-required; not-authorized-for-deletion
DUP-0632,8ce063d585c1671b1607623dd443db356da1af78d06d40733cde93f76143da22,12150,3,24300,Java/assets/story/npcs/solari/npc_story_solari_model_down.png,runtime-folder-candidate,review-required; not-authorized-for-deletion
DUP-0633,27c999a3627da6ace7b81a80dfe1c3b8afc1ee896638b6ccd3db6b858c67f4c1,12079,3,24158,asset-review/characters/idle/npc_story_bellwright_nessa_up.png,review-or-quarantine,review-required; not-authorized-for-deletion
DUP-0633,27c999a3627da6ace7b81a80dfe1c3b8afc1ee896638b6ccd3db6b858c67f4c1,12079,3,24158,asset-review/characters/idle/npc_story_bellwright_nessa_up_left.png,review-or-quarantine,review-required; not-authorized-for-deletion
DUP-0633,27c999a3627da6ace7b81a80dfe1c3b8afc1ee896638b6ccd3db6b858c67f4c1,12079,3,24158,asset-review/characters/idle/npc_story_bellwright_nessa_up_right.png,review-or-quarantine,review-required; not-authorized-for-deletion
DUP-0634,a4b41d5c7d90f3a058f539262aa25f067b8dcd6c62be1487d4812e4e37d77cda,12073,3,24146,asset-review/characters/idle/npc_story_mirella_up.png,review-or-quarantine,review-required; not-authorized-for-deletion
DUP-0634,a4b41d5c7d90f3a058f539262aa25f067b8dcd6c62be1487d4812e4e37d77cda,12073,3,24146,asset-review/characters/idle/npc_story_mirella_up_left.png,review-or-quarantine,review-required; not-authorized-for-deletion
DUP-0634,a4b41d5c7d90f3a058f539262aa25f067b8dcd6c62be1487d4812e4e37d77cda,12073,3,24146,asset-review/characters/idle/npc_story_mirella_up_right.png,review-or-quarantine,review-required; not-authorized-for-deletion
DUP-0635,d1db62e32df50916394912fa3152dc693c4bce11864f553532d81e906aefcf10,23906,2,23906,Java/assets/interiors/props/household/interior_wall_antlers.png,runtime-folder-candidate,review-required; not-authorized-for-deletion
DUP-0635,d1db62e32df50916394912fa3152dc693c4bce11864f553532d81e906aefcf10,23906,2,23906,asset-review/household-expansion/candidates/household/wall_antlers.png,review-or-quarantine,review-required; not-authorized-for-deletion
DUP-0636,ba2f03c37b8794de5f7e3aabc9cc701c999abbe069b0901f33a22bfdcab7228f,11940,3,23880,asset-review/characters/idle/npc_story_selene_down.png,review-or-quarantine,review-required; not-authorized-for-deletion
DUP-0636,ba2f03c37b8794de5f7e3aabc9cc701c999abbe069b0901f33a22bfdcab7228f,11940,3,23880,asset-review/characters/idle/npc_story_selene_down_left.png,review-or-quarantine,review-required; not-authorized-for-deletion
DUP-0636,ba2f03c37b8794de5f7e3aabc9cc701c999abbe069b0901f33a22bfdcab7228f,11940,3,23880,asset-review/characters/idle/npc_story_selene_down_right.png,review-or-quarantine,review-required; not-authorized-for-deletion
DUP-0637,df315bcb535e7a527600d2567e546b6ddea3fd6fff8cbc13c7296cb885510265,11887,3,23774,asset-review/characters/idle/npc_story_gravekeeper_hollis_down.png,review-or-quarantine,review-required; not-authorized-for-deletion
DUP-0637,df315bcb535e7a527600d2567e546b6ddea3fd6fff8cbc13c7296cb885510265,11887,3,23774,asset-review/characters/idle/npc_story_gravekeeper_hollis_down_left.png,review-or-quarantine,review-required; not-authorized-for-deletion
DUP-0637,df315bcb535e7a527600d2567e546b6ddea3fd6fff8cbc13c7296cb885510265,11887,3,23774,asset-review/characters/idle/npc_story_gravekeeper_hollis_down_right.png,review-or-quarantine,review-required; not-authorized-for-deletion
DUP-0638,c8c1865204aaed2a0722cef4c4f313ea52d433cdb949be7c00041bc74b64b645,11868,3,23736,Java/assets/story/npcs/ysra/npc_story_ysra.png,runtime-folder-candidate,review-required; not-authorized-for-deletion
DUP-0638,c8c1865204aaed2a0722cef4c4f313ea52d433cdb949be7c00041bc74b64b645,11868,3,23736,Java/assets/story/npcs/ysra/npc_story_ysra_model.png,runtime-folder-candidate,review-required; not-authorized-for-deletion
DUP-0638,c8c1865204aaed2a0722cef4c4f313ea52d433cdb949be7c00041bc74b64b645,11868,3,23736,Java/assets/story/npcs/ysra/npc_story_ysra_model_down.png,runtime-folder-candidate,review-required; not-authorized-for-deletion
DUP-0639,5d3c92131886a8277dd9a345b3377b03d314aa8efa498108dbd022d6dfe61606,11778,3,23556,asset-review/characters/idle/npc_story_selene_up.png,review-or-quarantine,review-required; not-authorized-for-deletion
DUP-0639,5d3c92131886a8277dd9a345b3377b03d314aa8efa498108dbd022d6dfe61606,11778,3,23556,asset-review/characters/idle/npc_story_selene_up_left.png,review-or-quarantine,review-required; not-authorized-for-deletion
DUP-0639,5d3c92131886a8277dd9a345b3377b03d314aa8efa498108dbd022d6dfe61606,11778,3,23556,asset-review/characters/idle/npc_story_selene_up_right.png,review-or-quarantine,review-required; not-authorized-for-deletion
DUP-0640,6a6c07671e021f70c38322139bbd0e706326d00ecf6851c3a91bde949ed18c52,11751,3,23502,asset-review/characters/idle/npc_story_gravekeeper_hollis_up.png,review-or-quarantine,review-required; not-authorized-for-deletion
DUP-0640,6a6c07671e021f70c38322139bbd0e706326d00ecf6851c3a91bde949ed18c52,11751,3,23502,asset-review/characters/idle/npc_story_gravekeeper_hollis_up_left.png,review-or-quarantine,review-required; not-authorized-for-deletion
DUP-0640,6a6c07671e021f70c38322139bbd0e706326d00ecf6851c3a91bde949ed18c52,11751,3,23502,asset-review/characters/idle/npc_story_gravekeeper_hollis_up_right.png,review-or-quarantine,review-required; not-authorized-for-deletion
DUP-0641,e43ac4395ca9ba0714f396ea630505cca4ed3a4017d07c2ae3dceb61137f4f06,23398,2,23398,Java/assets/interiors/props/household/interior_leaning_ladder.png,runtime-folder-candidate,review-required; not-authorized-for-deletion
DUP-0641,e43ac4395ca9ba0714f396ea630505cca4ed3a4017d07c2ae3dceb61137f4f06,23398,2,23398,asset-review/household-expansion/candidates/directional/ladder_front.png,review-or-quarantine,review-required; not-authorized-for-deletion
DUP-0642,48702993c7edc543878883b6988f67d7c3d98667370c149694271f1886ab5f54,23176,2,23176,Java/assets/interiors/props/household/interior_firewood_basket.png,runtime-folder-candidate,review-required; not-authorized-for-deletion
DUP-0642,48702993c7edc543878883b6988f67d7c3d98667370c149694271f1886ab5f54,23176,2,23176,asset-review/household-expansion/candidates/household/firewood_basket.png,review-or-quarantine,review-required; not-authorized-for-deletion
DUP-0643,2f37a5b12d6ef87714f7a53f3931614973f97ed11a7c47e53b5b71f3f96255fb,11586,3,23172,Java/assets/story/npcs/captain_elric_snowrest/npc_story_captain_elric_snowrest.png,runtime-folder-candidate,review-required; not-authorized-for-deletion
DUP-0643,2f37a5b12d6ef87714f7a53f3931614973f97ed11a7c47e53b5b71f3f96255fb,11586,3,23172,Java/assets/story/npcs/captain_elric_snowrest/npc_story_captain_elric_snowrest_model.png,runtime-folder-candidate,review-required; not-authorized-for-deletion
DUP-0643,2f37a5b12d6ef87714f7a53f3931614973f97ed11a7c47e53b5b71f3f96255fb,11586,3,23172,Java/assets/story/npcs/captain_elric_snowrest/npc_story_captain_elric_snowrest_model_down.png,runtime-folder-candidate,review-required; not-authorized-for-deletion
DUP-0644,7d0ab5dc8815145a03c288f0175a0a54a81f85e14637e3ec570f787f0f49583e,11432,3,22864,Java/assets/story/npcs/odrick/npc_story_odrick.png,runtime-folder-candidate,review-required; not-authorized-for-deletion
DUP-0644,7d0ab5dc8815145a03c288f0175a0a54a81f85e14637e3ec570f787f0f49583e,11432,3,22864,Java/assets/story/npcs/odrick/npc_story_odrick_model.png,runtime-folder-candidate,review-required; not-authorized-for-deletion
DUP-0644,7d0ab5dc8815145a03c288f0175a0a54a81f85e14637e3ec570f787f0f49583e,11432,3,22864,Java/assets/story/npcs/odrick/npc_story_odrick_model_down.png,runtime-folder-candidate,review-required; not-authorized-for-deletion
DUP-0645,5825b76bbf4773f269ab08d9c8210a16c79ac473085bf4cdfa83e9a32273be06,22212,2,22212,Java/assets/interiors/props/household/interior_tied_bales.png,runtime-folder-candidate,review-required; not-authorized-for-deletion
DUP-0645,5825b76bbf4773f269ab08d9c8210a16c79ac473085bf4cdfa83e9a32273be06,22212,2,22212,asset-review/household-expansion/candidates/warehouse/bales_stack.png,review-or-quarantine,review-required; not-authorized-for-deletion
DUP-0646,65b949526b86beb78c8cbbc06f46ab51bb5618c7bf5413eb3c0fc7d83e4553aa,11054,3,22108,asset-review/characters/idle/npc_quartermaster_down.png,review-or-quarantine,review-required; not-authorized-for-deletion
DUP-0646,65b949526b86beb78c8cbbc06f46ab51bb5618c7bf5413eb3c0fc7d83e4553aa,11054,3,22108,asset-review/characters/idle/npc_quartermaster_down_left.png,review-or-quarantine,review-required; not-authorized-for-deletion
DUP-0646,65b949526b86beb78c8cbbc06f46ab51bb5618c7bf5413eb3c0fc7d83e4553aa,11054,3,22108,asset-review/characters/idle/npc_quartermaster_down_right.png,review-or-quarantine,review-required; not-authorized-for-deletion
DUP-0647,f29cd0e500c41776922376d73d18c04fd5d4a998091606fc0e5a06a5208d3059,21935,2,21935,Java/assets/interiors/props/household/interior_wall_clock.png,runtime-folder-candidate,review-required; not-authorized-for-deletion
DUP-0647,f29cd0e500c41776922376d73d18c04fd5d4a998091606fc0e5a06a5208d3059,21935,2,21935,asset-review/household-expansion/candidates/household/wall_clock.png,review-or-quarantine,review-required; not-authorized-for-deletion
DUP-0648,a18db2dc32e5588fe661e32ca1823865db58697de9ee687ea0d4cfd300ad0dc2,21714,2,21714,Java/assets/interiors/interior_crates.png,runtime-folder-candidate,review-required; not-authorized-for-deletion
DUP-0648,a18db2dc32e5588fe661e32ca1823865db58697de9ee687ea0d4cfd300ad0dc2,21714,2,21714,asset-review/household-expansion/candidates/household/crates.png,review-or-quarantine,review-required; not-authorized-for-deletion
DUP-0649,dee19f54765b5b944b0a599cc89e1ebeb4eb8ef1982631de60d04b0da2a3e8f1,21181,2,21181,Java/assets/interiors/props/household/interior_wall_flower_painting.png,runtime-folder-candidate,review-required; not-authorized-for-deletion
DUP-0649,dee19f54765b5b944b0a599cc89e1ebeb4eb8ef1982631de60d04b0da2a3e8f1,21181,2,21181,asset-review/household-expansion/candidates/household/wall_flowers.png,review-or-quarantine,review-required; not-authorized-for-deletion
DUP-0650,1d15f3f4b0796b546a0f5476e08f9365854c513be517ee0d21417b2e08126e31,20709,2,20709,Java/assets/interiors/interior_barrels.png,runtime-folder-candidate,review-required; not-authorized-for-deletion
DUP-0650,1d15f3f4b0796b546a0f5476e08f9365854c513be517ee0d21417b2e08126e31,20709,2,20709,asset-review/household-expansion/candidates/warehouse/barrels.png,review-or-quarantine,review-required; not-authorized-for-deletion
DUP-0651,74aff93a04d3bf7890b293e2dd220f2ff22e9e56e8ea0435fcfe64b4defbe73b,10325,3,20650,asset-review/characters/walking-after.tsv,review-or-quarantine,review-required; not-authorized-for-deletion
DUP-0651,74aff93a04d3bf7890b293e2dd220f2ff22e9e56e8ea0435fcfe64b4defbe73b,10325,3,20650,asset-review/characters/walking-alternate.tsv,review-or-quarantine,review-required; not-authorized-for-deletion
DUP-0651,74aff93a04d3bf7890b293e2dd220f2ff22e9e56e8ea0435fcfe64b4defbe73b,10325,3,20650,asset-review/characters/walking-articulated.tsv,review-or-quarantine,review-required; not-authorized-for-deletion
DUP-0652,d48869d6ff8476393ca8c325792a17e6397970297db398c2e110f205c466c4e0,10288,3,20576,asset-review/characters/idle/npc_quartermaster_up.png,review-or-quarantine,review-required; not-authorized-for-deletion
DUP-0652,d48869d6ff8476393ca8c325792a17e6397970297db398c2e110f205c466c4e0,10288,3,20576,asset-review/characters/idle/npc_quartermaster_up_left.png,review-or-quarantine,review-required; not-authorized-for-deletion
DUP-0652,d48869d6ff8476393ca8c325792a17e6397970297db398c2e110f205c466c4e0,10288,3,20576,asset-review/characters/idle/npc_quartermaster_up_right.png,review-or-quarantine,review-required; not-authorized-for-deletion
DUP-0653,0030a423e7bba9e91e2abf712b859f18d9e0c3b1455668ac1da895e2cda14db4,10175,3,20350,Java/assets/story/npcs/maelis/npc_story_maelis.png,runtime-folder-candidate,review-required; not-authorized-for-deletion
DUP-0653,0030a423e7bba9e91e2abf712b859f18d9e0c3b1455668ac1da895e2cda14db4,10175,3,20350,Java/assets/story/npcs/maelis/npc_story_maelis_model.png,runtime-folder-candidate,review-required; not-authorized-for-deletion
DUP-0653,0030a423e7bba9e91e2abf712b859f18d9e0c3b1455668ac1da895e2cda14db4,10175,3,20350,Java/assets/story/npcs/maelis/npc_story_maelis_model_down.png,runtime-folder-candidate,review-required; not-authorized-for-deletion
DUP-0654,2d158c8f7cba89db825253a3cc81dafc9721f121dfa59d566f4af9ff060b269c,20125,2,20125,Java/assets/npcs/npc_orin_model_up.png,runtime-folder-candidate,review-required; not-authorized-for-deletion
DUP-0654,2d158c8f7cba89db825253a3cc81dafc9721f121dfa59d566f4af9ff060b269c,20125,2,20125,asset-review/2026-09-22-npcs/candidates/Java/assets/npcs/npc_orin_model_up.png,review-or-quarantine,review-required; not-authorized-for-deletion
DUP-0655,420601107ab1ddbfda047ea7f99bcc8a58a091fce17cdd20713ab2949f1b4c9f,19869,2,19869,Java/assets/interiors/props/household/interior_pallet.png,runtime-folder-candidate,review-required; not-authorized-for-deletion
DUP-0655,420601107ab1ddbfda047ea7f99bcc8a58a091fce17cdd20713ab2949f1b4c9f,19869,2,19869,asset-review/household-expansion/candidates/warehouse/pallet.png,review-or-quarantine,review-required; not-authorized-for-deletion
DUP-0656,0783640896064b4be9bdd310b08790fb1d4bb1fc5d1c88f9e5f99ca3964eccda,9801,3,19602,Java/assets/story/npcs/ash_scribe_damar/npc_story_ash_scribe_damar.png,runtime-folder-candidate,review-required; not-authorized-for-deletion
DUP-0656,0783640896064b4be9bdd310b08790fb1d4bb1fc5d1c88f9e5f99ca3964eccda,9801,3,19602,Java/assets/story/npcs/ash_scribe_damar/npc_story_ash_scribe_damar_model.png,runtime-folder-candidate,review-required; not-authorized-for-deletion
DUP-0656,0783640896064b4be9bdd310b08790fb1d4bb1fc5d1c88f9e5f99ca3964eccda,9801,3,19602,Java/assets/story/npcs/ash_scribe_damar/npc_story_ash_scribe_damar_model_down.png,runtime-folder-candidate,review-required; not-authorized-for-deletion
DUP-0657,9005f0111e8608733fc42f32fe53e8cba546043624ed9a881c2bcc4b1bad1075,19456,2,19456,Java/assets/npcs/npc_merchant_model_left.png,runtime-folder-candidate,review-required; not-authorized-for-deletion
DUP-0657,9005f0111e8608733fc42f32fe53e8cba546043624ed9a881c2bcc4b1bad1075,19456,2,19456,asset-review/2026-09-22-npcs/candidates/Java/assets/npcs/npc_merchant_model_left.png,review-or-quarantine,review-required; not-authorized-for-deletion
DUP-0658,39066e60c32ebd4fa8d2caf277a9b9f4a130eaf0b129cd9836c000a929f2b156,19443,2,19443,Java/assets/npcs/npc_merchant_model_right.png,runtime-folder-candidate,review-required; not-authorized-for-deletion
DUP-0658,39066e60c32ebd4fa8d2caf277a9b9f4a130eaf0b129cd9836c000a929f2b156,19443,2,19443,asset-review/2026-09-22-npcs/candidates/Java/assets/npcs/npc_merchant_model_right.png,review-or-quarantine,review-required; not-authorized-for-deletion
DUP-0659,7bb9de459b29d70914159c69404689fc7cb2170b22054591c9eb6cc59164cf27,19063,2,19063,asset-review/2026-09-22-npcs/before/Java/assets/npcs/npc_orin_model.png,review-or-quarantine,review-required; not-authorized-for-deletion
DUP-0659,7bb9de459b29d70914159c69404689fc7cb2170b22054591c9eb6cc59164cf27,19063,2,19063,asset-review/2026-09-22-npcs/before/Java/assets/npcs/npc_orin_model_down.png,review-or-quarantine,review-required; not-authorized-for-deletion
DUP-0660,e15cd0c9f633fc04dd73ef983dc81b19c594c34884814fdfe4bfe6ec58b0c318,18991,2,18991,Java/assets/npcs/npc_bartender_model_right.png,runtime-folder-candidate,review-required; not-authorized-for-deletion
DUP-0660,e15cd0c9f633fc04dd73ef983dc81b19c594c34884814fdfe4bfe6ec58b0c318,18991,2,18991,asset-review/2026-09-22-npcs/candidates/Java/assets/npcs/npc_bartender_model_right.png,review-or-quarantine,review-required; not-authorized-for-deletion
DUP-0661,7d0d07e3c6601a0b4a7339736d4aa29bef3f65bfae815af9d31499439c40fa95,18930,2,18930,Java/assets/interiors/props/household/interior_ironbound_chest.png,runtime-folder-candidate,review-required; not-authorized-for-deletion
DUP-0661,7d0d07e3c6601a0b4a7339736d4aa29bef3f65bfae815af9d31499439c40fa95,18930,2,18930,asset-review/household-expansion/candidates/directional/iron_chest_front.png,review-or-quarantine,review-required; not-authorized-for-deletion
DUP-0662,f44e61ffb435c45f337df035780c55df4f5ca8f8c6b108e8ded5dbb7ea3094f5,18864,2,18864,Java/assets/npcs/npc_blacksmith_model_up.png,runtime-folder-candidate,review-required; not-authorized-for-deletion
DUP-0662,f44e61ffb435c45f337df035780c55df4f5ca8f8c6b108e8ded5dbb7ea3094f5,18864,2,18864,asset-review/2026-09-22-npcs/candidates/Java/assets/npcs/npc_blacksmith_model_up.png,review-or-quarantine,review-required; not-authorized-for-deletion
DUP-0663,50e931baf199bacd2319e3b216b736daac5f8ccdbc3d776142203a80336c8e92,18833,2,18833,Java/assets/npcs/npc_garruk_model_up.png,runtime-folder-candidate,review-required; not-authorized-for-deletion
DUP-0663,50e931baf199bacd2319e3b216b736daac5f8ccdbc3d776142203a80336c8e92,18833,2,18833,asset-review/2026-09-22-npcs/before/Java/assets/npcs/npc_garruk_model_up.png,review-or-quarantine,review-required; not-authorized-for-deletion
DUP-0664,cbfec35649960088b90fad0c429e0b715f28412eee7c86def0217fd97b4c4b64,9333,3,18666,Java/assets/story/npcs/bellwright_nessa/npc_story_bellwright_nessa.png,runtime-folder-candidate,review-required; not-authorized-for-deletion
DUP-0664,cbfec35649960088b90fad0c429e0b715f28412eee7c86def0217fd97b4c4b64,9333,3,18666,Java/assets/story/npcs/bellwright_nessa/npc_story_bellwright_nessa_model.png,runtime-folder-candidate,review-required; not-authorized-for-deletion
DUP-0664,cbfec35649960088b90fad0c429e0b715f28412eee7c86def0217fd97b4c4b64,9333,3,18666,Java/assets/story/npcs/bellwright_nessa/npc_story_bellwright_nessa_model_down.png,runtime-folder-candidate,review-required; not-authorized-for-deletion
DUP-0665,4555ecd220747fc38fe0666f22ad537812221785de72811580e8aa4cac1d0e91,9302,3,18604,Java/assets/interiors/interior_wall_herb_rack.png,runtime-folder-candidate,review-required; not-authorized-for-deletion
DUP-0665,4555ecd220747fc38fe0666f22ad537812221785de72811580e8aa4cac1d0e91,9302,3,18604,asset-review/household-expansion/before/interior_wall_herb_rack.png,review-or-quarantine,review-required; not-authorized-for-deletion
DUP-0665,4555ecd220747fc38fe0666f22ad537812221785de72811580e8aa4cac1d0e91,9302,3,18604,asset-review/household-expansion/retained/interior_wall_herb_rack.png,review-or-quarantine,review-required; not-authorized-for-deletion
DUP-0666,d97e4d08530fbff040be970d356579c69d3507e638e1c0e1965f4a317e3f2863,18329,2,18329,Java/assets/npcs/npc_bartender_model_up.png,runtime-folder-candidate,review-required; not-authorized-for-deletion
DUP-0666,d97e4d08530fbff040be970d356579c69d3507e638e1c0e1965f4a317e3f2863,18329,2,18329,asset-review/2026-09-22-npcs/candidates/Java/assets/npcs/npc_bartender_model_up.png,review-or-quarantine,review-required; not-authorized-for-deletion
DUP-0667,7093f2e8b6c70e4ef661586cdb0ed928cc73c3ce232a2c6c74daa55ef2306c2a,18230,2,18230,Java/assets/interiors/props/household/interior_produce_fish.png,runtime-folder-candidate,review-required; not-authorized-for-deletion
DUP-0667,7093f2e8b6c70e4ef661586cdb0ed928cc73c3ce232a2c6c74daa55ef2306c2a,18230,2,18230,asset-review/household-expansion/candidates/warehouse/fish_crate.png,review-or-quarantine,review-required; not-authorized-for-deletion
DUP-0668,95789a7b8ee268d93eb62ec9b8128d885af9ed34d5d6f8efe3db45db05e116f4,18165,2,18165,Java/assets/npcs/npc_orin_model_left.png,runtime-folder-candidate,review-required; not-authorized-for-deletion
DUP-0668,95789a7b8ee268d93eb62ec9b8128d885af9ed34d5d6f8efe3db45db05e116f4,18165,2,18165,asset-review/2026-09-22-npcs/candidates/Java/assets/npcs/npc_orin_model_left.png,review-or-quarantine,review-required; not-authorized-for-deletion
DUP-0669,c3208b85de4ff682218f328eb2cea15b76028b148690e2ac51e75844550e94bb,18162,2,18162,Java/assets/npcs/npc_bartender_model_left.png,runtime-folder-candidate,review-required; not-authorized-for-deletion
DUP-0669,c3208b85de4ff682218f328eb2cea15b76028b148690e2ac51e75844550e94bb,18162,2,18162,asset-review/2026-09-22-npcs/candidates/Java/assets/npcs/npc_bartender_model_left.png,review-or-quarantine,review-required; not-authorized-for-deletion
DUP-0670,4bbba8e7578bbb4974f2d4943bf93c2970118f1dc29d30f9d5509d7d0baf79ab,18135,2,18135,Java/assets/npcs/npc_citizen_woman_model_right.png,runtime-folder-candidate,review-required; not-authorized-for-deletion
DUP-0670,4bbba8e7578bbb4974f2d4943bf93c2970118f1dc29d30f9d5509d7d0baf79ab,18135,2,18135,asset-review/2026-09-22-npcs/candidates/Java/assets/npcs/npc_citizen_woman_model_right.png,review-or-quarantine,review-required; not-authorized-for-deletion
DUP-0671,b220c28242da0f0b311542d5994d1207b927e0eb66bdb57f9854a9697d43226f,9060,3,18120,Java/assets/story/npcs/mirella/npc_story_mirella.png,runtime-folder-candidate,review-required; not-authorized-for-deletion
DUP-0671,b220c28242da0f0b311542d5994d1207b927e0eb66bdb57f9854a9697d43226f,9060,3,18120,Java/assets/story/npcs/mirella/npc_story_mirella_model.png,runtime-folder-candidate,review-required; not-authorized-for-deletion
DUP-0671,b220c28242da0f0b311542d5994d1207b927e0eb66bdb57f9854a9697d43226f,9060,3,18120,Java/assets/story/npcs/mirella/npc_story_mirella_model_down.png,runtime-folder-candidate,review-required; not-authorized-for-deletion
DUP-0672,5f0f1802e343cbbcb39a0fd4416393145c5ac249e67f6d691ae9439eda5c8225,18077,2,18077,Java/assets/npcs/npc_orin_model_right.png,runtime-folder-candidate,review-required; not-authorized-for-deletion
DUP-0672,5f0f1802e343cbbcb39a0fd4416393145c5ac249e67f6d691ae9439eda5c8225,18077,2,18077,asset-review/2026-09-22-npcs/candidates/Java/assets/npcs/npc_orin_model_right.png,review-or-quarantine,review-required; not-authorized-for-deletion
DUP-0673,e0cccd550f929e3d477cf9c225fb2a53e4ed5fc930c97da60d8c3375a95d8294,18069,2,18069,Java/assets/npcs/npc_elowen_model_up.png,runtime-folder-candidate,review-required; not-authorized-for-deletion
DUP-0673,e0cccd550f929e3d477cf9c225fb2a53e4ed5fc930c97da60d8c3375a95d8294,18069,2,18069,asset-review/2026-09-22-npcs/before/Java/assets/npcs/npc_elowen_model_up.png,review-or-quarantine,review-required; not-authorized-for-deletion
DUP-0674,23fa13b808c16ffd725d74c93295ac0e2d8627fe6a3f846619357f5f9041431f,17776,2,17776,Java/assets/npcs/npc_merchant_model_up.png,runtime-folder-candidate,review-required; not-authorized-for-deletion
DUP-0674,23fa13b808c16ffd725d74c93295ac0e2d8627fe6a3f846619357f5f9041431f,17776,2,17776,asset-review/2026-09-22-npcs/candidates/Java/assets/npcs/npc_merchant_model_up.png,review-or-quarantine,review-required; not-authorized-for-deletion
DUP-0675,d7388504737deff155a0fba2fd5e4a7327a21d777b7082a573f12be26145b8d6,17744,2,17744,Java/assets/interiors/props/household/interior_open_storage_bin.png,runtime-folder-candidate,review-required; not-authorized-for-deletion
DUP-0675,d7388504737deff155a0fba2fd5e4a7327a21d777b7082a573f12be26145b8d6,17744,2,17744,asset-review/household-expansion/candidates/directional/bin_wide.png,review-or-quarantine,review-required; not-authorized-for-deletion
DUP-0676,407544ae35ad71749e1cf759ebcca8da6849a59a42773290a6ee5624c8adb83b,17667,2,17667,Java/assets/npcs/npc_blacksmith_model_right.png,runtime-folder-candidate,review-required; not-authorized-for-deletion
DUP-0676,407544ae35ad71749e1cf759ebcca8da6849a59a42773290a6ee5624c8adb83b,17667,2,17667,asset-review/2026-09-22-npcs/candidates/Java/assets/npcs/npc_blacksmith_model_right.png,review-or-quarantine,review-required; not-authorized-for-deletion
DUP-0677,f7b3d0e32bc80f7b28e93120360a210c03da96cd9145d8d2e7dda0aeb46522b0,8833,3,17666,Java/assets/story/npcs/selene/npc_story_selene.png,runtime-folder-candidate,review-required; not-authorized-for-deletion
DUP-0677,f7b3d0e32bc80f7b28e93120360a210c03da96cd9145d8d2e7dda0aeb46522b0,8833,3,17666,Java/assets/story/npcs/selene/npc_story_selene_model.png,runtime-folder-candidate,review-required; not-authorized-for-deletion
DUP-0677,f7b3d0e32bc80f7b28e93120360a210c03da96cd9145d8d2e7dda0aeb46522b0,8833,3,17666,Java/assets/story/npcs/selene/npc_story_selene_model_down.png,runtime-folder-candidate,review-required; not-authorized-for-deletion
DUP-0678,d247c9ee3e701f8421681a47bc3184ed1f42a85b1e2985a24d8be1dd7baf8244,17642,2,17642,Java/assets/npcs/npc_elowen_model_left.png,runtime-folder-candidate,review-required; not-authorized-for-deletion
DUP-0678,d247c9ee3e701f8421681a47bc3184ed1f42a85b1e2985a24d8be1dd7baf8244,17642,2,17642,asset-review/2026-09-22-npcs/before/Java/assets/npcs/npc_elowen_model_right.png,review-or-quarantine,review-required; not-authorized-for-deletion
DUP-0679,28625f6bf7aaac36bad77d6afa1c9197bbef4ea2d79f36efdfc6e302b7ff2e87,8799,3,17598,Java/assets/story/npcs/gravekeeper_hollis/npc_story_gravekeeper_hollis.png,runtime-folder-candidate,review-required; not-authorized-for-deletion
DUP-0679,28625f6bf7aaac36bad77d6afa1c9197bbef4ea2d79f36efdfc6e302b7ff2e87,8799,3,17598,Java/assets/story/npcs/gravekeeper_hollis/npc_story_gravekeeper_hollis_model.png,runtime-folder-candidate,review-required; not-authorized-for-deletion
DUP-0679,28625f6bf7aaac36bad77d6afa1c9197bbef4ea2d79f36efdfc6e302b7ff2e87,8799,3,17598,Java/assets/story/npcs/gravekeeper_hollis/npc_story_gravekeeper_hollis_model_down.png,runtime-folder-candidate,review-required; not-authorized-for-deletion
DUP-0680,0ea245fcb8df87b4586853aa07cac22f75520af89c329bd96f958cf21379c6c3,17269,2,17269,Java/assets/npcs/npc_elowen_model_right.png,runtime-folder-candidate,review-required; not-authorized-for-deletion
DUP-0680,0ea245fcb8df87b4586853aa07cac22f75520af89c329bd96f958cf21379c6c3,17269,2,17269,asset-review/2026-09-22-npcs/before/Java/assets/npcs/npc_elowen_model_left.png,review-or-quarantine,review-required; not-authorized-for-deletion
DUP-0681,853f77d7b5429bd4f876814df20d8342aa3a99e159e5985319512d35c20a3de7,17241,2,17241,asset-review/2026-09-22-npcs/before/Java/assets/npcs/npc_blacksmith_model.png,review-or-quarantine,review-required; not-authorized-for-deletion
DUP-0681,853f77d7b5429bd4f876814df20d8342aa3a99e159e5985319512d35c20a3de7,17241,2,17241,asset-review/2026-09-22-npcs/before/Java/assets/npcs/npc_blacksmith_model_down.png,review-or-quarantine,review-required; not-authorized-for-deletion
DUP-0682,6c24a423fc5e36434bd0d29e9419087495747fd0276dfadd158993c656364920,17028,2,17028,Java/assets/npcs/npc_citizen_woman_model_left.png,runtime-folder-candidate,review-required; not-authorized-for-deletion
DUP-0682,6c24a423fc5e36434bd0d29e9419087495747fd0276dfadd158993c656364920,17028,2,17028,asset-review/2026-09-22-npcs/candidates/Java/assets/npcs/npc_citizen_woman_model_left.png,review-or-quarantine,review-required; not-authorized-for-deletion
DUP-0683,06edd0801b4c4a986e41fb28577b67e994e1c7c8db78d547dfb27376445fc6eb,16952,2,16952,asset-review/2026-09-22-npcs/before/Java/assets/npcs/npc_merchant_model.png,review-or-quarantine,review-required; not-authorized-for-deletion
DUP-0683,06edd0801b4c4a986e41fb28577b67e994e1c7c8db78d547dfb27376445fc6eb,16952,2,16952,asset-review/2026-09-22-npcs/before/Java/assets/npcs/npc_merchant_model_down.png,review-or-quarantine,review-required; not-authorized-for-deletion
DUP-0684,5399c1be7199815e3198322d4385e84d7ff5e1e322e6e0154db7abd6a9ab049a,16897,2,16897,Java/assets/npcs/npc_blacksmith_model_left.png,runtime-folder-candidate,review-required; not-authorized-for-deletion
DUP-0684,5399c1be7199815e3198322d4385e84d7ff5e1e322e6e0154db7abd6a9ab049a,16897,2,16897,asset-review/2026-09-22-npcs/candidates/Java/assets/npcs/npc_blacksmith_model_left.png,review-or-quarantine,review-required; not-authorized-for-deletion
DUP-0685,5bf7194b9105e92333ad115c60fe68cb605157aed58dc054f144dbbcab08d220,16881,2,16881,Java/assets/npcs/npc_mira_sunwarden_model_up.png,runtime-folder-candidate,review-required; not-authorized-for-deletion
DUP-0685,5bf7194b9105e92333ad115c60fe68cb605157aed58dc054f144dbbcab08d220,16881,2,16881,asset-review/2026-09-22-npcs/before/Java/assets/npcs/npc_mira_sunwarden_model_up.png,review-or-quarantine,review-required; not-authorized-for-deletion
DUP-0686,9e212d367c6ebe1f6fb34f644a3274ef7e83b9a0c932bbd5c63a33074529c40d,16773,2,16773,Java/assets/npcs/npc_rowan_model_up.png,runtime-folder-candidate,review-required; not-authorized-for-deletion
DUP-0686,9e212d367c6ebe1f6fb34f644a3274ef7e83b9a0c932bbd5c63a33074529c40d,16773,2,16773,asset-review/2026-09-22-npcs/before/Java/assets/npcs/npc_rowan_model_up.png,review-or-quarantine,review-required; not-authorized-for-deletion
DUP-0687,19094ac4d4f7a1c1d7ae0ff16c8a28e1bf51941719fc120945d32c649694fb25,16713,2,16713,Java/assets/npcs/npc_torin_model_up.png,runtime-folder-candidate,review-required; not-authorized-for-deletion
DUP-0687,19094ac4d4f7a1c1d7ae0ff16c8a28e1bf51941719fc120945d32c649694fb25,16713,2,16713,asset-review/2026-09-22-npcs/before/Java/assets/npcs/npc_torin_model_up.png,review-or-quarantine,review-required; not-authorized-for-deletion
DUP-0688,04fd307469026329b1e9c100e83f43a62eb919b72a38bc6ac063c2f6871b15ae,16501,2,16501,Java/assets/npcs/npc_marla_model_up.png,runtime-folder-candidate,review-required; not-authorized-for-deletion
DUP-0688,04fd307469026329b1e9c100e83f43a62eb919b72a38bc6ac063c2f6871b15ae,16501,2,16501,asset-review/2026-09-22-npcs/before/Java/assets/npcs/npc_marla_model_up.png,review-or-quarantine,review-required; not-authorized-for-deletion
DUP-0689,59b468694d8c75e254d29fe7a0c2c300f78e1e4b5a23b5e21e061c94b20ee016,16350,2,16350,Java/assets/interiors/props/household/interior_produce_apples.png,runtime-folder-candidate,review-required; not-authorized-for-deletion
DUP-0689,59b468694d8c75e254d29fe7a0c2c300f78e1e4b5a23b5e21e061c94b20ee016,16350,2,16350,asset-review/household-expansion/candidates/warehouse/apples_crate.png,review-or-quarantine,review-required; not-authorized-for-deletion
DUP-0690,042a126c6ca84c24ccbd28a3e6b433fca61919af4eafece3e29e646946bd9b92,16348,2,16348,Java/assets/npcs/npc_citizen_woman_model_up.png,runtime-folder-candidate,review-required; not-authorized-for-deletion
DUP-0690,042a126c6ca84c24ccbd28a3e6b433fca61919af4eafece3e29e646946bd9b92,16348,2,16348,asset-review/2026-09-22-npcs/candidates/Java/assets/npcs/npc_citizen_woman_model_up.png,review-or-quarantine,review-required; not-authorized-for-deletion
DUP-0691,d6e08fbb645e947c98eece4b4a18ec4c6fee4c063b13c6c5338d53b1acaf1b77,16277,2,16277,Java/assets/interiors/props/household/interior_produce_corn.png,runtime-folder-candidate,review-required; not-authorized-for-deletion
DUP-0691,d6e08fbb645e947c98eece4b4a18ec4c6fee4c063b13c6c5338d53b1acaf1b77,16277,2,16277,asset-review/household-expansion/candidates/warehouse/corn_crate.png,review-or-quarantine,review-required; not-authorized-for-deletion
DUP-0692,5d69546bedf62e1faf3e05cc5ff515d87aabc9295193e78ab94dba5977a70f7d,16269,2,16269,Java/assets/npcs/npc_garruk_model_right.png,runtime-folder-candidate,review-required; not-authorized-for-deletion
DUP-0692,5d69546bedf62e1faf3e05cc5ff515d87aabc9295193e78ab94dba5977a70f7d,16269,2,16269,asset-review/2026-09-22-npcs/before/Java/assets/npcs/npc_garruk_model_left.png,review-or-quarantine,review-required; not-authorized-for-deletion
DUP-0693,c02b1bde445f6f7e893e7e2847243dec711691d99ee2aa7f49f1ad933b9def2e,16263,2,16263,asset-review/2026-09-22-npcs/before/Java/assets/npcs/npc_bartender_model.png,review-or-quarantine,review-required; not-authorized-for-deletion
DUP-0693,c02b1bde445f6f7e893e7e2847243dec711691d99ee2aa7f49f1ad933b9def2e,16263,2,16263,asset-review/2026-09-22-npcs/before/Java/assets/npcs/npc_bartender_model_down.png,review-or-quarantine,review-required; not-authorized-for-deletion
DUP-0694,241800f9b2f599226bb0fa17c4fc4fa73312de470ccfc101965f5e383576cb3d,16251,2,16251,Java/assets/interiors/props/household/interior_tabletop_books.png,runtime-folder-candidate,review-required; not-authorized-for-deletion
DUP-0694,241800f9b2f599226bb0fa17c4fc4fa73312de470ccfc101965f5e383576cb3d,16251,2,16251,asset-review/household-expansion/candidates/household/tabletop_books.png,review-or-quarantine,review-required; not-authorized-for-deletion
DUP-0695,ff2137f301ba5ef3f8e01aa953b005e4478299b762f0c0703ba770e78a16cf5e,16022,2,16022,Java/assets/interiors/props/household/interior_produce_cabbages.png,runtime-folder-candidate,review-required; not-authorized-for-deletion
DUP-0695,ff2137f301ba5ef3f8e01aa953b005e4478299b762f0c0703ba770e78a16cf5e,16022,2,16022,asset-review/household-expansion/candidates/warehouse/cabbages_crate.png,review-or-quarantine,review-required; not-authorized-for-deletion
DUP-0696,0365ebeb2d7eb59aeac2b03559c7a5d93bc8e8aaa3637a62f900f72f7f87845a,15830,2,15830,Java/assets/interiors/props/household/interior_produce_potatoes.png,runtime-folder-candidate,review-required; not-authorized-for-deletion
DUP-0696,0365ebeb2d7eb59aeac2b03559c7a5d93bc8e8aaa3637a62f900f72f7f87845a,15830,2,15830,asset-review/household-expansion/candidates/warehouse/potato_crate.png,review-or-quarantine,review-required; not-authorized-for-deletion
DUP-0697,437929995e347f844196069e4b8453f997e4e45237617227dbbfd6b30c246130,15815,2,15815,Java/assets/npcs/npc_baker_model_up.png,runtime-folder-candidate,review-required; not-authorized-for-deletion
DUP-0697,437929995e347f844196069e4b8453f997e4e45237617227dbbfd6b30c246130,15815,2,15815,asset-review/2026-09-22-npcs/before/Java/assets/npcs/npc_baker_model_up.png,review-or-quarantine,review-required; not-authorized-for-deletion
DUP-0698,ab0da8671e2a3125ef6b01e468b1a4c15148e5a29912990bb7cca714c4e71af7,15702,2,15702,Java/assets/npcs/npc_vexa_model_up.png,runtime-folder-candidate,review-required; not-authorized-for-deletion
DUP-0698,ab0da8671e2a3125ef6b01e468b1a4c15148e5a29912990bb7cca714c4e71af7,15702,2,15702,asset-review/2026-09-22-npcs/before/Java/assets/npcs/npc_vexa_model_up.png,review-or-quarantine,review-required; not-authorized-for-deletion
DUP-0699,ae7704137f051793dfd4ef7eb1fd6c21af951ed903c5d8bfe82634c95f033aaf,15615,2,15615,Java/assets/npcs/npc_mira_sunwarden_model_left.png,runtime-folder-candidate,review-required; not-authorized-for-deletion
DUP-0699,ae7704137f051793dfd4ef7eb1fd6c21af951ed903c5d8bfe82634c95f033aaf,15615,2,15615,asset-review/2026-09-22-npcs/before/Java/assets/npcs/npc_mira_sunwarden_model_left.png,review-or-quarantine,review-required; not-authorized-for-deletion
DUP-0700,912c7fb5c46d875eaa29ee318f85902c3c0856a569725af2be8b2d9e7a586544,15473,2,15473,Java/assets/npcs/npc_mira_sunwarden_model_right.png,runtime-folder-candidate,review-required; not-authorized-for-deletion
DUP-0700,912c7fb5c46d875eaa29ee318f85902c3c0856a569725af2be8b2d9e7a586544,15473,2,15473,asset-review/2026-09-22-npcs/before/Java/assets/npcs/npc_mira_sunwarden_model_right.png,review-or-quarantine,review-required; not-authorized-for-deletion
DUP-0701,2ae81b3a88a4c28c5560d011b46357c049eb3a442a13b407e5e451819e1423fe,15228,2,15228,Java/assets/companions/calder/npc_calder_model.png,runtime-folder-candidate,review-required; not-authorized-for-deletion
DUP-0701,2ae81b3a88a4c28c5560d011b46357c049eb3a442a13b407e5e451819e1423fe,15228,2,15228,Java/assets/companions/calder/npc_calder_model_down.png,runtime-folder-candidate,review-required; not-authorized-for-deletion
DUP-0702,a790bb04d3c6131c3677ee888f4909c1c10bf77af347eb053ef5029aacd6f82b,15207,2,15207,Java/assets/npcs/npc_rowan_model_right.png,runtime-folder-candidate,review-required; not-authorized-for-deletion
DUP-0702,a790bb04d3c6131c3677ee888f4909c1c10bf77af347eb053ef5029aacd6f82b,15207,2,15207,asset-review/2026-09-22-npcs/before/Java/assets/npcs/npc_rowan_model_right.png,review-or-quarantine,review-required; not-authorized-for-deletion
DUP-0703,5ad67b0c047523ba5c5e210b3f2828db240ebf351ab3366949cd4549297a54d8,15186,2,15186,Java/assets/npcs/npc_rowan_model_left.png,runtime-folder-candidate,review-required; not-authorized-for-deletion
DUP-0703,5ad67b0c047523ba5c5e210b3f2828db240ebf351ab3366949cd4549297a54d8,15186,2,15186,asset-review/2026-09-22-npcs/before/Java/assets/npcs/npc_rowan_model_left.png,review-or-quarantine,review-required; not-authorized-for-deletion
DUP-0704,5a34a23bee569eac468fb8e89781167ae54ef72e58c8da1d75f6fd14b994cf7e,15140,2,15140,Java/assets/npcs/npc_marla_model_right.png,runtime-folder-candidate,review-required; not-authorized-for-deletion
DUP-0704,5a34a23bee569eac468fb8e89781167ae54ef72e58c8da1d75f6fd14b994cf7e,15140,2,15140,asset-review/2026-09-22-npcs/before/Java/assets/npcs/npc_marla_model_right.png,review-or-quarantine,review-required; not-authorized-for-deletion
DUP-0705,cf6d9c2bd0177bc9d6fed84c6d4b0318b92df756f3a04117700c99357c300feb,15137,2,15137,Java/assets/npcs/npc_vexa_model_left.png,runtime-folder-candidate,review-required; not-authorized-for-deletion
DUP-0705,cf6d9c2bd0177bc9d6fed84c6d4b0318b92df756f3a04117700c99357c300feb,15137,2,15137,asset-review/2026-09-22-npcs/before/Java/assets/npcs/npc_vexa_model_right.png,review-or-quarantine,review-required; not-authorized-for-deletion
DUP-0706,f8e22e8bc8f67a90d296d81d11187c9a514a819767fb6ef5f1ef7d9bd605c09d,15095,2,15095,Java/assets/companions/samir/npc_samir_model.png,runtime-folder-candidate,review-required; not-authorized-for-deletion
DUP-0706,f8e22e8bc8f67a90d296d81d11187c9a514a819767fb6ef5f1ef7d9bd605c09d,15095,2,15095,Java/assets/companions/samir/npc_samir_model_down.png,runtime-folder-candidate,review-required; not-authorized-for-deletion
DUP-0707,d4c6b4022f69326935b391631431ccdb3d898a1d7e72beb68a807e00a5b53bd5,15048,2,15048,Java/assets/npcs/npc_citizen_man_model_right.png,runtime-folder-candidate,review-required; not-authorized-for-deletion
DUP-0707,d4c6b4022f69326935b391631431ccdb3d898a1d7e72beb68a807e00a5b53bd5,15048,2,15048,asset-review/2026-09-22-npcs/candidates/Java/assets/npcs/npc_citizen_man_model_right.png,review-or-quarantine,review-required; not-authorized-for-deletion
DUP-0708,de27414d06475d648b512142fedc1b601b113909b4ccfc4d8f823308f26bb121,14932,2,14932,Java/assets/interiors/props/household/interior_stepladder.png,runtime-folder-candidate,review-required; not-authorized-for-deletion
DUP-0708,de27414d06475d648b512142fedc1b601b113909b4ccfc4d8f823308f26bb121,14932,2,14932,asset-review/household-expansion/candidates/warehouse/stepladder.png,review-or-quarantine,review-required; not-authorized-for-deletion
DUP-0709,debae93b6a52fdd1154e1a6b97bf97d94382b090416462a9916d5cfb5280a7af,14886,2,14886,Java/assets/npcs/npc_garruk_model_left.png,runtime-folder-candidate,review-required; not-authorized-for-deletion
DUP-0709,debae93b6a52fdd1154e1a6b97bf97d94382b090416462a9916d5cfb5280a7af,14886,2,14886,asset-review/2026-09-22-npcs/before/Java/assets/npcs/npc_garruk_model_right.png,review-or-quarantine,review-required; not-authorized-for-deletion
DUP-0710,efbae3fcfa99c3441c812782653fe84ba003d70b586e200f1b4f258c0d93bcf3,14874,2,14874,Java/assets/npcs/npc_liora_model_up.png,runtime-folder-candidate,review-required; not-authorized-for-deletion
DUP-0710,efbae3fcfa99c3441c812782653fe84ba003d70b586e200f1b4f258c0d93bcf3,14874,2,14874,asset-review/2026-09-22-npcs/before/Java/assets/npcs/npc_liora_model_up.png,review-or-quarantine,review-required; not-authorized-for-deletion
DUP-0711,f01feb33aa49dcb21aeeef977a196aae1168936e72531b40a920c350897248bb,14852,2,14852,Java/assets/npcs/npc_baker_model_left.png,runtime-folder-candidate,review-required; not-authorized-for-deletion
DUP-0711,f01feb33aa49dcb21aeeef977a196aae1168936e72531b40a920c350897248bb,14852,2,14852,asset-review/2026-09-22-npcs/before/Java/assets/npcs/npc_baker_model_left.png,review-or-quarantine,review-required; not-authorized-for-deletion
DUP-0712,2caa742485bcfda01b0f19c04b509c4185cfcb0840e79948a5baeeac59d6dcf0,14839,2,14839,Java/assets/npcs/npc_baker_model_right.png,runtime-folder-candidate,review-required; not-authorized-for-deletion
DUP-0712,2caa742485bcfda01b0f19c04b509c4185cfcb0840e79948a5baeeac59d6dcf0,14839,2,14839,asset-review/2026-09-22-npcs/before/Java/assets/npcs/npc_baker_model_right.png,review-or-quarantine,review-required; not-authorized-for-deletion
DUP-0713,7940f32cf3bc8436d5855d8910a40226284050a60ab70d486c5475aac70e9d5d,14819,2,14819,Java/assets/npcs/npc_citizen_man_model_up.png,runtime-folder-candidate,review-required; not-authorized-for-deletion
DUP-0713,7940f32cf3bc8436d5855d8910a40226284050a60ab70d486c5475aac70e9d5d,14819,2,14819,asset-review/2026-09-22-npcs/candidates/Java/assets/npcs/npc_citizen_man_model_up.png,review-or-quarantine,review-required; not-authorized-for-deletion
DUP-0714,44394ff1b7d1c92c8eb0dbe68e9b6b9a82cd77cbed931124f964e806532750db,14697,2,14697,Java/assets/interiors/props/household/interior_bottle_crate.png,runtime-folder-candidate,review-required; not-authorized-for-deletion
DUP-0714,44394ff1b7d1c92c8eb0dbe68e9b6b9a82cd77cbed931124f964e806532750db,14697,2,14697,asset-review/household-expansion/candidates/warehouse/bottle_crate.png,review-or-quarantine,review-required; not-authorized-for-deletion
DUP-0715,368b916a25a39788be152621be3ad8dcb3774986cb17d18a496be2a03c1a8e44,14628,2,14628,asset-review/2026-09-22-npcs/before/Java/assets/npcs/npc_citizen_woman_model.png,review-or-quarantine,review-required; not-authorized-for-deletion
DUP-0715,368b916a25a39788be152621be3ad8dcb3774986cb17d18a496be2a03c1a8e44,14628,2,14628,asset-review/2026-09-22-npcs/before/Java/assets/npcs/npc_citizen_woman_model_down.png,review-or-quarantine,review-required; not-authorized-for-deletion
DUP-0716,0e0c08f8d356ca1040eee99b055f839ee71a70b18beaaefe5cd9f266bf66cec0,14569,2,14569,Java/assets/npcs/npc_citizen_man_model_left.png,runtime-folder-candidate,review-required; not-authorized-for-deletion
DUP-0716,0e0c08f8d356ca1040eee99b055f839ee71a70b18beaaefe5cd9f266bf66cec0,14569,2,14569,asset-review/2026-09-22-npcs/candidates/Java/assets/npcs/npc_citizen_man_model_left.png,review-or-quarantine,review-required; not-authorized-for-deletion
DUP-0717,2df497a886587f41e22655c04e364bb38a1500c17ee4d4837768efc3e39c690f,14437,2,14437,Java/assets/npcs/npc_kael_model_up.png,runtime-folder-candidate,review-required; not-authorized-for-deletion
DUP-0717,2df497a886587f41e22655c04e364bb38a1500c17ee4d4837768efc3e39c690f,14437,2,14437,asset-review/2026-09-22-npcs/before/Java/assets/npcs/npc_kael_model_up.png,review-or-quarantine,review-required; not-authorized-for-deletion
DUP-0718,8dcd3d33dd276edad80f48b744f6f9b0c33c3918f41cfbfc3ea19280b5221e92,14398,2,14398,Java/assets/npcs/npc_ren_model_left.png,runtime-folder-candidate,review-required; not-authorized-for-deletion
DUP-0718,8dcd3d33dd276edad80f48b744f6f9b0c33c3918f41cfbfc3ea19280b5221e92,14398,2,14398,asset-review/2026-09-22-npcs/before/Java/assets/npcs/npc_ren_model_right.png,review-or-quarantine,review-required; not-authorized-for-deletion
DUP-0719,342fb11e50ca92867d73a3b2662b1bd28f709d6eafe49e367b7744d9e6c2fb52,14315,2,14315,Java/assets/interiors/props/household/interior_wall_parcels.png,runtime-folder-candidate,review-required; not-authorized-for-deletion
DUP-0719,342fb11e50ca92867d73a3b2662b1bd28f709d6eafe49e367b7744d9e6c2fb52,14315,2,14315,asset-review/household-expansion/candidates/warehouse/wall_parcels.png,review-or-quarantine,review-required; not-authorized-for-deletion
DUP-0720,991bfff4d3e9ef1c1ca33018840ecfffa3921d07eec876167ba0a0fc60c328f1,14262,2,14262,Java/assets/npcs/npc_marla_model_left.png,runtime-folder-candidate,review-required; not-authorized-for-deletion
DUP-0720,991bfff4d3e9ef1c1ca33018840ecfffa3921d07eec876167ba0a0fc60c328f1,14262,2,14262,asset-review/2026-09-22-npcs/before/Java/assets/npcs/npc_marla_model_left.png,review-or-quarantine,review-required; not-authorized-for-deletion
DUP-0721,27049f82e9abc9d43cb2fbf47992de92e69e84e2c62f7d4a970cf9648b644a43,14254,2,14254,Java/assets/npcs/npc_ren_model_up.png,runtime-folder-candidate,review-required; not-authorized-for-deletion
DUP-0721,27049f82e9abc9d43cb2fbf47992de92e69e84e2c62f7d4a970cf9648b644a43,14254,2,14254,asset-review/2026-09-22-npcs/before/Java/assets/npcs/npc_ren_model_up.png,review-or-quarantine,review-required; not-authorized-for-deletion
DUP-0722,716a65beda68177a6de0922ed0b1e47d4b63babff4f0d4f5890e50fdfc6cd65d,14239,2,14239,Java/assets/interiors/props/household/interior_tabletop_fruit.png,runtime-folder-candidate,review-required; not-authorized-for-deletion
DUP-0722,716a65beda68177a6de0922ed0b1e47d4b63babff4f0d4f5890e50fdfc6cd65d,14239,2,14239,asset-review/household-expansion/candidates/household/tabletop_fruit.png,review-or-quarantine,review-required; not-authorized-for-deletion
DUP-0723,d725108d2c694474f2d2b2a26e2771c68524e0498b182a23838a32422609ceca,14183,2,14183,Java/assets/interiors/props/household/interior_cask_on_side.png,runtime-folder-candidate,review-required; not-authorized-for-deletion
DUP-0723,d725108d2c694474f2d2b2a26e2771c68524e0498b182a23838a32422609ceca,14183,2,14183,asset-review/household-expansion/candidates/directional/cask_side.png,review-or-quarantine,review-required; not-authorized-for-deletion
DUP-0724,5903dbf3485af1845980726b78264a1371b62028a6446990f65de69edccab135,14058,2,14058,Java/assets/interiors/props/household/interior_tabletop_inkwell.png,runtime-folder-candidate,review-required; not-authorized-for-deletion
DUP-0724,5903dbf3485af1845980726b78264a1371b62028a6446990f65de69edccab135,14058,2,14058,asset-review/household-expansion/candidates/household/tabletop_ink.png,review-or-quarantine,review-required; not-authorized-for-deletion
DUP-0725,beae1b6d65ec6908a32141cea3ec853002726b0d65c0b001d48fd3836400fc83,14044,2,14044,Java/assets/interiors/props/household/interior_basket_empty.png,runtime-folder-candidate,review-required; not-authorized-for-deletion
DUP-0725,beae1b6d65ec6908a32141cea3ec853002726b0d65c0b001d48fd3836400fc83,14044,2,14044,asset-review/household-expansion/candidates/warehouse/basket_square.png,review-or-quarantine,review-required; not-authorized-for-deletion
DUP-0726,0cf9eb2aa26da12e1d4848bfff0386c6b3a2955066b2d590ef74cc4a5488e099,13960,2,13960,Java/assets/npcs/npc_vexa_model_right.png,runtime-folder-candidate,review-required; not-authorized-for-deletion
DUP-0726,0cf9eb2aa26da12e1d4848bfff0386c6b3a2955066b2d590ef74cc4a5488e099,13960,2,13960,asset-review/2026-09-22-npcs/before/Java/assets/npcs/npc_vexa_model_left.png,review-or-quarantine,review-required; not-authorized-for-deletion
DUP-0727,8668b1139d33fa6948035030527faa20c80d030631a9d1432abd879e1fbea3b8,13880,2,13880,Java/assets/npcs/npc_ren_model_right.png,runtime-folder-candidate,review-required; not-authorized-for-deletion
DUP-0727,8668b1139d33fa6948035030527faa20c80d030631a9d1432abd879e1fbea3b8,13880,2,13880,asset-review/2026-09-22-npcs/before/Java/assets/npcs/npc_ren_model_left.png,review-or-quarantine,review-required; not-authorized-for-deletion
DUP-0728,a6f4478572650476e8035015875a9393b3e016a6e892ba80df43030d9368e397,13859,2,13859,Java/assets/npcs/npc_kael_model_left.png,runtime-folder-candidate,review-required; not-authorized-for-deletion
DUP-0728,a6f4478572650476e8035015875a9393b3e016a6e892ba80df43030d9368e397,13859,2,13859,asset-review/2026-09-22-npcs/before/Java/assets/npcs/npc_kael_model_right.png,review-or-quarantine,review-required; not-authorized-for-deletion
DUP-0729,f04e0b4923431938b96d2d23c89b9b6e422a4daa6b9d9f2ffebfeba0c5eae458,13818,2,13818,Java/assets/npcs/npc_nyx_model_up.png,runtime-folder-candidate,review-required; not-authorized-for-deletion
DUP-0729,f04e0b4923431938b96d2d23c89b9b6e422a4daa6b9d9f2ffebfeba0c5eae458,13818,2,13818,asset-review/2026-09-22-npcs/before/Java/assets/npcs/npc_nyx_model_up.png,review-or-quarantine,review-required; not-authorized-for-deletion
DUP-0730,f1516e81c034581f33e29bfd76a72f99dec01ce28628c0084fda5279e052f19a,13781,2,13781,Java/assets/npcs/npc_innkeeper_model_up.png,runtime-folder-candidate,review-required; not-authorized-for-deletion
DUP-0730,f1516e81c034581f33e29bfd76a72f99dec01ce28628c0084fda5279e052f19a,13781,2,13781,asset-review/2026-09-22-npcs/before/Java/assets/npcs/npc_innkeeper_model_up.png,review-or-quarantine,review-required; not-authorized-for-deletion
DUP-0731,c1b4bf3f9659843b2c98d849dfdc365ddcc9020cad438f21d6c037bc4bc9bace,13725,2,13725,Java/assets/npcs/npc_torin_model_left.png,runtime-folder-candidate,review-required; not-authorized-for-deletion
DUP-0731,c1b4bf3f9659843b2c98d849dfdc365ddcc9020cad438f21d6c037bc4bc9bace,13725,2,13725,asset-review/2026-09-22-npcs/before/Java/assets/npcs/npc_torin_model_right.png,review-or-quarantine,review-required; not-authorized-for-deletion
DUP-0732,43caa656fbea667929b3522cd452d6c07e8b72221adde1f6c8b5a603b1fd4c9b,13718,2,13718,Java/assets/npcs/npc_kael_model_right.png,runtime-folder-candidate,review-required; not-authorized-for-deletion
DUP-0732,43caa656fbea667929b3522cd452d6c07e8b72221adde1f6c8b5a603b1fd4c9b,13718,2,13718,asset-review/2026-09-22-npcs/before/Java/assets/npcs/npc_kael_model_left.png,review-or-quarantine,review-required; not-authorized-for-deletion
DUP-0733,4444e7c28cb82e01ad85dd9625e19067097505a6e5992d02f32433b6b9d4279d,13709,2,13709,Java/assets/companions/maera/npc_maera_model.png,runtime-folder-candidate,review-required; not-authorized-for-deletion
DUP-0733,4444e7c28cb82e01ad85dd9625e19067097505a6e5992d02f32433b6b9d4279d,13709,2,13709,Java/assets/companions/maera/npc_maera_model_down.png,runtime-folder-candidate,review-required; not-authorized-for-deletion
DUP-0734,79d62e198558c8aaa409d06903d3a91e60ea7a32b38205f0567b3226a4cc4d22,13679,2,13679,Java/assets/npcs/npc_liora_model_left.png,runtime-folder-candidate,review-required; not-authorized-for-deletion
DUP-0734,79d62e198558c8aaa409d06903d3a91e60ea7a32b38205f0567b3226a4cc4d22,13679,2,13679,asset-review/2026-09-22-npcs/before/Java/assets/npcs/npc_liora_model_left.png,review-or-quarantine,review-required; not-authorized-for-deletion
DUP-0735,d292bf4ff7b2a4d9c7ecf5981e52a79b54047fdec7cbe01d7c88efa6d488263b,13581,2,13581,Java/assets/city/props/village/village_fence_12.png,runtime-folder-candidate,review-required; not-authorized-for-deletion
DUP-0735,d292bf4ff7b2a4d9c7ecf5981e52a79b54047fdec7cbe01d7c88efa6d488263b,13581,2,13581,Java/assets/city/props/village/village_fence_auto.png,runtime-folder-candidate,review-required; not-authorized-for-deletion
DUP-0736,b13797a5674201f5c04e844e226fe497cf33968b432fc8cfb99987f2dcf1c1e7,13577,2,13577,Java/assets/npcs/npc_torin_model_right.png,runtime-folder-candidate,review-required; not-authorized-for-deletion
DUP-0736,b13797a5674201f5c04e844e226fe497cf33968b432fc8cfb99987f2dcf1c1e7,13577,2,13577,asset-review/2026-09-22-npcs/before/Java/assets/npcs/npc_torin_model_left.png,review-or-quarantine,review-required; not-authorized-for-deletion
DUP-0737,a9680bf67fac7c649ede0ca5af8f51f83da91aa426605eeb79b9dcc8b958955d,13481,2,13481,Java/assets/npcs/npc_sable_model_right.png,runtime-folder-candidate,review-required; not-authorized-for-deletion
DUP-0737,a9680bf67fac7c649ede0ca5af8f51f83da91aa426605eeb79b9dcc8b958955d,13481,2,13481,asset-review/2026-09-22-npcs/before/Java/assets/npcs/npc_sable_model_right.png,review-or-quarantine,review-required; not-authorized-for-deletion
DUP-0738,4274d23f135eadbadeda0b6ed7e89a79158bf96bfdf598f7449e9b53eed35a77,13297,2,13297,Java/assets/npcs/npc_liora_model_right.png,runtime-folder-candidate,review-required; not-authorized-for-deletion
DUP-0738,4274d23f135eadbadeda0b6ed7e89a79158bf96bfdf598f7449e9b53eed35a77,13297,2,13297,asset-review/2026-09-22-npcs/before/Java/assets/npcs/npc_liora_model_right.png,review-or-quarantine,review-required; not-authorized-for-deletion
DUP-0739,77d4b93a9f817af20602c2b1a039d57ebe083d2caefef425fee17e060b285376,13278,2,13278,Java/assets/npcs/npc_orin.png,runtime-folder-candidate,review-required; not-authorized-for-deletion
DUP-0739,77d4b93a9f817af20602c2b1a039d57ebe083d2caefef425fee17e060b285376,13278,2,13278,asset-review/2026-09-22-npcs/candidates/Java/assets/npcs/npc_orin.png,review-or-quarantine,review-required; not-authorized-for-deletion
DUP-0740,c653716077291bfd52fa968d513243d079fdc52735c72545ddbe76a5134a6aa1,13231,2,13231,Java/assets/npcs/npc_innkeeper_model_right.png,runtime-folder-candidate,review-required; not-authorized-for-deletion
DUP-0740,c653716077291bfd52fa968d513243d079fdc52735c72545ddbe76a5134a6aa1,13231,2,13231,asset-review/2026-09-22-npcs/before/Java/assets/npcs/npc_innkeeper_model_right.png,review-or-quarantine,review-required; not-authorized-for-deletion
DUP-0741,c974adcac9faa03c58e366ee940d2485c97e20115a858a65dec9e4ec1829f321,13159,2,13159,Java/assets/interiors/props/household/interior_tabletop_scrolls.png,runtime-folder-candidate,review-required; not-authorized-for-deletion
DUP-0741,c974adcac9faa03c58e366ee940d2485c97e20115a858a65dec9e4ec1829f321,13159,2,13159,asset-review/household-expansion/candidates/household/tabletop_scrolls.png,review-or-quarantine,review-required; not-authorized-for-deletion
DUP-0742,24afdfe1b605a5ed0c949d60df809c98d1b9a8d5a6a3edad9aa6a98d687b8f91,13103,2,13103,Java/assets/npcs/npc_innkeeper_model_left.png,runtime-folder-candidate,review-required; not-authorized-for-deletion
DUP-0742,24afdfe1b605a5ed0c949d60df809c98d1b9a8d5a6a3edad9aa6a98d687b8f91,13103,2,13103,asset-review/2026-09-22-npcs/before/Java/assets/npcs/npc_innkeeper_model_left.png,review-or-quarantine,review-required; not-authorized-for-deletion
DUP-0743,b0098b19fde912ec5ac68c84f25ef0364efad2801c5faf73cc40765b14adf2f1,13079,2,13079,Java/assets/interiors/props/household/interior_basket_demijohn.png,runtime-folder-candidate,review-required; not-authorized-for-deletion
DUP-0743,b0098b19fde912ec5ac68c84f25ef0364efad2801c5faf73cc40765b14adf2f1,13079,2,13079,asset-review/household-expansion/candidates/warehouse/basket_demijohn.png,review-or-quarantine,review-required; not-authorized-for-deletion
DUP-0744,c36c23e902036dedce623e0caf7b04b12cd1ea7811e94fb3ea11f59219090a13,13001,2,13001,Java/assets/npcs/npc_nyx_model_left.png,runtime-folder-candidate,review-required; not-authorized-for-deletion
DUP-0744,c36c23e902036dedce623e0caf7b04b12cd1ea7811e94fb3ea11f59219090a13,13001,2,13001,asset-review/2026-09-22-npcs/before/Java/assets/npcs/npc_nyx_model_left.png,review-or-quarantine,review-required; not-authorized-for-deletion
DUP-0745,69dbfc38063fe90a2b9e04c94085eb0c25cda3c3969b7994736f34bd9bb2ad0c,12897,2,12897,Java/assets/npcs/npc_sable_model_left.png,runtime-folder-candidate,review-required; not-authorized-for-deletion
DUP-0745,69dbfc38063fe90a2b9e04c94085eb0c25cda3c3969b7994736f34bd9bb2ad0c,12897,2,12897,asset-review/2026-09-22-npcs/before/Java/assets/npcs/npc_sable_model_left.png,review-or-quarantine,review-required; not-authorized-for-deletion
DUP-0746,c76665cf8c853db59273c56ea62c816208f5eb392f1286aeb850476735ebf5fd,12891,2,12891,asset-review/2026-09-22-npcs/before/Java/assets/npcs/npc_citizen_man_model.png,review-or-quarantine,review-required; not-authorized-for-deletion
DUP-0746,c76665cf8c853db59273c56ea62c816208f5eb392f1286aeb850476735ebf5fd,12891,2,12891,asset-review/2026-09-22-npcs/before/Java/assets/npcs/npc_citizen_man_model_down.png,review-or-quarantine,review-required; not-authorized-for-deletion
DUP-0747,c0ebb213bc1e9618ba5185fc106e1f940ac0b075dd4873ee88e05866d2b8bf1b,12871,2,12871,Java/assets/npcs/npc_sable_model_up.png,runtime-folder-candidate,review-required; not-authorized-for-deletion
DUP-0747,c0ebb213bc1e9618ba5185fc106e1f940ac0b075dd4873ee88e05866d2b8bf1b,12871,2,12871,asset-review/2026-09-22-npcs/before/Java/assets/npcs/npc_sable_model_up.png,review-or-quarantine,review-required; not-authorized-for-deletion
DUP-0748,ba82a46d00b27c708ee828ea082aa84d2d83668740ad6fc9f1602c8f82c14c61,12792,2,12792,Java/assets/npcs/npc_nyx_model_right.png,runtime-folder-candidate,review-required; not-authorized-for-deletion
DUP-0748,ba82a46d00b27c708ee828ea082aa84d2d83668740ad6fc9f1602c8f82c14c61,12792,2,12792,asset-review/2026-09-22-npcs/before/Java/assets/npcs/npc_nyx_model_right.png,review-or-quarantine,review-required; not-authorized-for-deletion
DUP-0749,08e7d8d758b41818c9231e2bc5f6d16df007f1802212de90e59da33f61f6ccbc,12312,2,12312,Java/assets/companions/cassia/npc_cassia_model.png,runtime-folder-candidate,review-required; not-authorized-for-deletion
DUP-0749,08e7d8d758b41818c9231e2bc5f6d16df007f1802212de90e59da33f61f6ccbc,12312,2,12312,Java/assets/companions/cassia/npc_cassia_model_down.png,runtime-folder-candidate,review-required; not-authorized-for-deletion
DUP-0750,0dd86f8ebfc62baadf5a632b65e5ef64f47d3418baae122997c03a90aa50ecd6,12201,2,12201,Java/assets/companions/lyra/npc_lyra_model.png,runtime-folder-candidate,review-required; not-authorized-for-deletion
DUP-0750,0dd86f8ebfc62baadf5a632b65e5ef64f47d3418baae122997c03a90aa50ecd6,12201,2,12201,Java/assets/companions/lyra/npc_lyra_model_down.png,runtime-folder-candidate,review-required; not-authorized-for-deletion
DUP-0751,9ae11ad5292dda7a6ceb4dbb194424175347a463e70bbd7ac572af88dbe19a53,12156,2,12156,Java/assets/companions/rafiq/npc_rafiq_model.png,runtime-folder-candidate,review-required; not-authorized-for-deletion
DUP-0751,9ae11ad5292dda7a6ceb4dbb194424175347a463e70bbd7ac572af88dbe19a53,12156,2,12156,Java/assets/companions/rafiq/npc_rafiq_model_down.png,runtime-folder-candidate,review-required; not-authorized-for-deletion
DUP-0752,6b5818a7bd7b9601eda8fbdd3d6b5fc641773405bfafe909faade4506e314cc1,12116,2,12116,Java/assets/npcs/npc_garruk.png,runtime-folder-candidate,review-required; not-authorized-for-deletion
DUP-0752,6b5818a7bd7b9601eda8fbdd3d6b5fc641773405bfafe909faade4506e314cc1,12116,2,12116,asset-review/2026-09-22-npcs/before/Java/assets/npcs/npc_garruk.png,review-or-quarantine,review-required; not-authorized-for-deletion
DUP-0753,bf2b328d121b00316cbab94550debd3cf70f9d030717d1589fce55ec17be3e50,12075,2,12075,Java/assets/npcs/npc_blacksmith.png,runtime-folder-candidate,review-required; not-authorized-for-deletion
DUP-0753,bf2b328d121b00316cbab94550debd3cf70f9d030717d1589fce55ec17be3e50,12075,2,12075,asset-review/2026-09-22-npcs/candidates/Java/assets/npcs/npc_blacksmith.png,review-or-quarantine,review-required; not-authorized-for-deletion
DUP-0754,c88acdbb74dbe3fd7a4b7268c2e39a1aede00d59791da04f5b928d3abded8801,11969,2,11969,Java/assets/interiors/props/household/interior_tabletop_wine.png,runtime-folder-candidate,review-required; not-authorized-for-deletion
DUP-0754,c88acdbb74dbe3fd7a4b7268c2e39a1aede00d59791da04f5b928d3abded8801,11969,2,11969,asset-review/household-expansion/candidates/household/tabletop_wine.png,review-or-quarantine,review-required; not-authorized-for-deletion
DUP-0755,67d0f8306d020a87bdf27575bee64bf240f53807dacec031a68cece918d2b880,11507,2,11507,Java/assets/companions/seraphine/npc_seraphine_model.png,runtime-folder-candidate,review-required; not-authorized-for-deletion
DUP-0755,67d0f8306d020a87bdf27575bee64bf240f53807dacec031a68cece918d2b880,11507,2,11507,Java/assets/companions/seraphine/npc_seraphine_model_down.png,runtime-folder-candidate,review-required; not-authorized-for-deletion
DUP-0756,66f197b10152be724066955ede1bb055212ede6d96c19429aec44ddfdc7f3df4,11273,2,11273,Java/assets/npcs/npc_elowen.png,runtime-folder-candidate,review-required; not-authorized-for-deletion
DUP-0756,66f197b10152be724066955ede1bb055212ede6d96c19429aec44ddfdc7f3df4,11273,2,11273,asset-review/2026-09-22-npcs/before/Java/assets/npcs/npc_elowen.png,review-or-quarantine,review-required; not-authorized-for-deletion
DUP-0757,6db145333a8ce92ba1fce270b3ac4322016cc6a27a31c4075b7d39b68f3f83d2,11255,2,11255,Java/assets/interiors/props/household/interior_stool.png,runtime-folder-candidate,review-required; not-authorized-for-deletion
DUP-0757,6db145333a8ce92ba1fce270b3ac4322016cc6a27a31c4075b7d39b68f3f83d2,11255,2,11255,asset-review/household-expansion/candidates/household/stool.png,review-or-quarantine,review-required; not-authorized-for-deletion
DUP-0758,474521ffbfbec308176fadee63f9118ec41c09a62aa62f78cde2a46043613f60,11198,2,11198,Java/assets/npcs/npc_merchant.png,runtime-folder-candidate,review-required; not-authorized-for-deletion
DUP-0758,474521ffbfbec308176fadee63f9118ec41c09a62aa62f78cde2a46043613f60,11198,2,11198,asset-review/2026-09-22-npcs/candidates/Java/assets/npcs/npc_merchant.png,review-or-quarantine,review-required; not-authorized-for-deletion
DUP-0759,9eff1dd86bc5e5c177149b8f28a71933c2850ea7343bcd60b98021acb324429c,11109,2,11109,Java/assets/npcs/npc_bartender.png,runtime-folder-candidate,review-required; not-authorized-for-deletion
DUP-0759,9eff1dd86bc5e5c177149b8f28a71933c2850ea7343bcd60b98021acb324429c,11109,2,11109,asset-review/2026-09-22-npcs/candidates/Java/assets/npcs/npc_bartender.png,review-or-quarantine,review-required; not-authorized-for-deletion
DUP-0760,c292cf129ef38c3d0ca2d38c2d5e66695eab8c1ccff8cae7fdf19c32617d1580,10604,2,10604,Java/assets/npcs/npc_quartermaster_model_up.png,runtime-folder-candidate,review-required; not-authorized-for-deletion
DUP-0760,c292cf129ef38c3d0ca2d38c2d5e66695eab8c1ccff8cae7fdf19c32617d1580,10604,2,10604,asset-review/2026-09-22-npcs/before/Java/assets/npcs/npc_quartermaster_model_up.png,review-or-quarantine,review-required; not-authorized-for-deletion
DUP-0761,a9a6d08004df1b3e318546b4a43d093ffc537a08c1e885cf5ea09bebb286d9e0,5107,3,10214,Java/assets/interiors/interior_floor_flower_planter.png,runtime-folder-candidate,review-required; not-authorized-for-deletion
DUP-0761,a9a6d08004df1b3e318546b4a43d093ffc537a08c1e885cf5ea09bebb286d9e0,5107,3,10214,asset-review/household-expansion/before/interior_floor_flower_planter.png,review-or-quarantine,review-required; not-authorized-for-deletion
DUP-0761,a9a6d08004df1b3e318546b4a43d093ffc537a08c1e885cf5ea09bebb286d9e0,5107,3,10214,asset-review/household-expansion/retained/interior_floor_flower_planter.png,review-or-quarantine,review-required; not-authorized-for-deletion
DUP-0762,853e1f576b787e9b6ecad5e10c64d8a4712b667c76b3bf3a6941b01a94befadf,4989,3,9978,Java/assets/interiors/interior_round_table.png,runtime-folder-candidate,review-required; not-authorized-for-deletion
DUP-0762,853e1f576b787e9b6ecad5e10c64d8a4712b667c76b3bf3a6941b01a94befadf,4989,3,9978,asset-review/household-expansion/before/interior_round_table.png,review-or-quarantine,review-required; not-authorized-for-deletion
DUP-0762,853e1f576b787e9b6ecad5e10c64d8a4712b667c76b3bf3a6941b01a94befadf,4989,3,9978,asset-review/household-expansion/retained/interior_round_table.png,review-or-quarantine,review-required; not-authorized-for-deletion
DUP-0763,e35cb07feba4268ae13174f152043125ff47325a0c679230509c9b4a930d360f,9834,2,9834,Java/assets/npcs/npc_citizen_woman.png,runtime-folder-candidate,review-required; not-authorized-for-deletion
DUP-0763,e35cb07feba4268ae13174f152043125ff47325a0c679230509c9b4a930d360f,9834,2,9834,asset-review/2026-09-22-npcs/candidates/Java/assets/npcs/npc_citizen_woman.png,review-or-quarantine,review-required; not-authorized-for-deletion
DUP-0764,5684867761b8bfebb74f4c1f5f245d77bc64bb71c249e0a14229bc2a4dce5bb4,9807,2,9807,Java/assets/npcs/npc_citizen_man.png,runtime-folder-candidate,review-required; not-authorized-for-deletion
DUP-0764,5684867761b8bfebb74f4c1f5f245d77bc64bb71c249e0a14229bc2a4dce5bb4,9807,2,9807,asset-review/2026-09-22-npcs/candidates/Java/assets/npcs/npc_citizen_man.png,review-or-quarantine,review-required; not-authorized-for-deletion
DUP-0765,9f5b734f000e233b441200930a347dada85df598139ce0a46a0fbb10d2aa1204,9777,2,9777,Java/assets/npcs/npc_quartermaster_model_right.png,runtime-folder-candidate,review-required; not-authorized-for-deletion
DUP-0765,9f5b734f000e233b441200930a347dada85df598139ce0a46a0fbb10d2aa1204,9777,2,9777,asset-review/2026-09-22-npcs/before/Java/assets/npcs/npc_quartermaster_model_left.png,review-or-quarantine,review-required; not-authorized-for-deletion
DUP-0766,41732deceb0175b73cd6e19d5434ebad6d9d3aec808032170ca75be8f3a1671d,9768,2,9768,Java/assets/npcs/npc_quartermaster_model_left.png,runtime-folder-candidate,review-required; not-authorized-for-deletion
DUP-0766,41732deceb0175b73cd6e19d5434ebad6d9d3aec808032170ca75be8f3a1671d,9768,2,9768,asset-review/2026-09-22-npcs/before/Java/assets/npcs/npc_quartermaster_model_right.png,review-or-quarantine,review-required; not-authorized-for-deletion
DUP-0767,d69f7ba43e43ba84cfd8b6bc47e8a1fbc9e7a92b56bfe3ded6347c864d05016c,9755,2,9755,Java/assets/npcs/npc_rowan.png,runtime-folder-candidate,review-required; not-authorized-for-deletion
DUP-0767,d69f7ba43e43ba84cfd8b6bc47e8a1fbc9e7a92b56bfe3ded6347c864d05016c,9755,2,9755,asset-review/2026-09-22-npcs/before/Java/assets/npcs/npc_rowan.png,review-or-quarantine,review-required; not-authorized-for-deletion
DUP-0768,5aa32284056b9e4001e34d3eb1a48582f081353f04c95db8d5b838c4da0a0915,9697,2,9697,Java/assets/npcs/npc_vexa.png,runtime-folder-candidate,review-required; not-authorized-for-deletion
DUP-0768,5aa32284056b9e4001e34d3eb1a48582f081353f04c95db8d5b838c4da0a0915,9697,2,9697,asset-review/2026-09-22-npcs/before/Java/assets/npcs/npc_vexa.png,review-or-quarantine,review-required; not-authorized-for-deletion
DUP-0769,79c8a5c107c23c9e73e3c38a936206ccd20b76a3832adc3b8931d488f6b6e43c,9597,2,9597,Java/assets/npcs/npc_mira_sunwarden.png,runtime-folder-candidate,review-required; not-authorized-for-deletion
DUP-0769,79c8a5c107c23c9e73e3c38a936206ccd20b76a3832adc3b8931d488f6b6e43c,9597,2,9597,asset-review/2026-09-22-npcs/before/Java/assets/npcs/npc_mira_sunwarden.png,review-or-quarantine,review-required; not-authorized-for-deletion
DUP-0770,69c6107ef39cc50ccea9cdedeaed1944bc97a26982a615945d54eed4f2a13776,9542,2,9542,Java/assets/interiors/props/household/interior_coal_crate.png,runtime-folder-candidate,review-required; not-authorized-for-deletion
DUP-0770,69c6107ef39cc50ccea9cdedeaed1944bc97a26982a615945d54eed4f2a13776,9542,2,9542,asset-review/household-expansion/candidates/warehouse/coal_crate.png,review-or-quarantine,review-required; not-authorized-for-deletion
DUP-0771,9e496a14df1b1fc7d4ea632fc6d018987d0aa1fa82e6053f33b2133b0d8b4304,4710,3,9420,Java/assets/interiors/interior_floor_leafy_plant.png,runtime-folder-candidate,review-required; not-authorized-for-deletion
DUP-0771,9e496a14df1b1fc7d4ea632fc6d018987d0aa1fa82e6053f33b2133b0d8b4304,4710,3,9420,asset-review/household-expansion/before/interior_floor_leafy_plant.png,review-or-quarantine,review-required; not-authorized-for-deletion
DUP-0771,9e496a14df1b1fc7d4ea632fc6d018987d0aa1fa82e6053f33b2133b0d8b4304,4710,3,9420,asset-review/household-expansion/retained/interior_floor_leafy_plant.png,review-or-quarantine,review-required; not-authorized-for-deletion
DUP-0772,4da1015efabe7b27d64dae8ec433022d7a7a58bf93fc318f6bdf4182bb5a7854,9395,2,9395,Java/assets/npcs/npc_torin.png,runtime-folder-candidate,review-required; not-authorized-for-deletion
DUP-0772,4da1015efabe7b27d64dae8ec433022d7a7a58bf93fc318f6bdf4182bb5a7854,9395,2,9395,asset-review/2026-09-22-npcs/before/Java/assets/npcs/npc_torin.png,review-or-quarantine,review-required; not-authorized-for-deletion
DUP-0773,110ebe753e533ef9d5b4b65301eb7d6508416e3607e6e2dd77b0ed9d66c7d04c,9291,2,9291,Java/assets/npcs/npc_marla.png,runtime-folder-candidate,review-required; not-authorized-for-deletion
DUP-0773,110ebe753e533ef9d5b4b65301eb7d6508416e3607e6e2dd77b0ed9d66c7d04c,9291,2,9291,asset-review/2026-09-22-npcs/before/Java/assets/npcs/npc_marla.png,review-or-quarantine,review-required; not-authorized-for-deletion
DUP-0774,7d095f72e61337623128e5c170431d4c49f059dc9b837e085ba83f3ca7cb3289,9199,2,9199,Java/assets/interiors/props/household/interior_tabletop_jug.png,runtime-folder-candidate,review-required; not-authorized-for-deletion
DUP-0774,7d095f72e61337623128e5c170431d4c49f059dc9b837e085ba83f3ca7cb3289,9199,2,9199,asset-review/household-expansion/candidates/household/tabletop_jug.png,review-or-quarantine,review-required; not-authorized-for-deletion
DUP-0775,3837d869c9fe99ae2a547a8b127473173416b68501fd6f4eaaec128e6c709eab,9123,2,9123,Java/assets/npcs/npc_kael.png,runtime-folder-candidate,review-required; not-authorized-for-deletion
DUP-0775,3837d869c9fe99ae2a547a8b127473173416b68501fd6f4eaaec128e6c709eab,9123,2,9123,asset-review/2026-09-22-npcs/before/Java/assets/npcs/npc_kael.png,review-or-quarantine,review-required; not-authorized-for-deletion
DUP-0776,fbc260cb921c86f71ef4532aa8ba265ed210f651c89f8f58085bfef2c2ed2920,9053,2,9053,Java/assets/interiors/props/household/interior_bucket.png,runtime-folder-candidate,review-required; not-authorized-for-deletion
DUP-0776,fbc260cb921c86f71ef4532aa8ba265ed210f651c89f8f58085bfef2c2ed2920,9053,2,9053,asset-review/household-expansion/candidates/warehouse/bucket.png,review-or-quarantine,review-required; not-authorized-for-deletion
DUP-0777,2227140819e3b44379c81bb40abfc323d16414c1312c4f23e51db8c5bd02f114,9041,2,9041,Java/assets/npcs/npc_liora.png,runtime-folder-candidate,review-required; not-authorized-for-deletion
DUP-0777,2227140819e3b44379c81bb40abfc323d16414c1312c4f23e51db8c5bd02f114,9041,2,9041,asset-review/2026-09-22-npcs/before/Java/assets/npcs/npc_liora.png,review-or-quarantine,review-required; not-authorized-for-deletion
DUP-0778,249be8e8fff5923fc52b9954e7ac9712975f5fda48caa4104f9d79f7a8176359,9003,2,9003,Java/assets/npcs/npc_baker.png,runtime-folder-candidate,review-required; not-authorized-for-deletion
DUP-0778,249be8e8fff5923fc52b9954e7ac9712975f5fda48caa4104f9d79f7a8176359,9003,2,9003,asset-review/2026-09-22-npcs/before/Java/assets/npcs/npc_baker.png,review-or-quarantine,review-required; not-authorized-for-deletion
DUP-0779,ac32c2c8cf423183a6fe151cf907c573e59db91212937b9e5c036afafe274f90,8981,2,8981,Java/assets/npcs/npc_ren.png,runtime-folder-candidate,review-required; not-authorized-for-deletion
DUP-0779,ac32c2c8cf423183a6fe151cf907c573e59db91212937b9e5c036afafe274f90,8981,2,8981,asset-review/2026-09-22-npcs/before/Java/assets/npcs/npc_ren.png,review-or-quarantine,review-required; not-authorized-for-deletion
DUP-0780,248234b870690a7720147917c72636e16b5ea2e730e4f64ff78e9719d0565016,8851,2,8851,Java/assets/npcs/npc_innkeeper.png,runtime-folder-candidate,review-required; not-authorized-for-deletion
DUP-0780,248234b870690a7720147917c72636e16b5ea2e730e4f64ff78e9719d0565016,8851,2,8851,asset-review/2026-09-22-npcs/before/Java/assets/npcs/npc_innkeeper.png,review-or-quarantine,review-required; not-authorized-for-deletion
DUP-0781,61d24ad2b04ed36693f2a978f68024a6709148db995fc4b10c6a7821f125216e,4341,3,8682,Java/assets/terrain/mountain_massif_tile.png,runtime-folder-candidate,review-required; not-authorized-for-deletion
DUP-0781,61d24ad2b04ed36693f2a978f68024a6709148db995fc4b10c6a7821f125216e,4341,3,8682,asset-review/2026-09-22-sprite-integrity/unused/Java/assets/terrain/mountain_peak.png,review-or-quarantine,review-required; not-authorized-for-deletion
DUP-0781,61d24ad2b04ed36693f2a978f68024a6709148db995fc4b10c6a7821f125216e,4341,3,8682,asset-review/files/Java/assets/mountain/mountain_peak.png,review-or-quarantine,review-required; not-authorized-for-deletion
DUP-0782,debf2f0302b7abfcd56a3cd01a97a2d54df74417abd1690fef211c0ac50e5b58,8214,2,8214,Java/assets/interiors/props/household/interior_tabletop_tankard.png,runtime-folder-candidate,review-required; not-authorized-for-deletion
DUP-0782,debf2f0302b7abfcd56a3cd01a97a2d54df74417abd1690fef211c0ac50e5b58,8214,2,8214,asset-review/household-expansion/candidates/household/tabletop_tankard.png,review-or-quarantine,review-required; not-authorized-for-deletion
DUP-0783,e4b971f4f038625dfa4858fe249ec7ef2b429bdadb875ce232ef11203946c4d2,8182,2,8182,Java/assets/npcs/npc_sable.png,runtime-folder-candidate,review-required; not-authorized-for-deletion
DUP-0783,e4b971f4f038625dfa4858fe249ec7ef2b429bdadb875ce232ef11203946c4d2,8182,2,8182,asset-review/2026-09-22-npcs/before/Java/assets/npcs/npc_sable.png,review-or-quarantine,review-required; not-authorized-for-deletion
DUP-0784,b4185d7f30aefb27947f491d1688fc82cebed6409e7ccdbdb76e1a02b2291141,7910,2,7910,Java/assets/npcs/npc_nyx.png,runtime-folder-candidate,review-required; not-authorized-for-deletion
DUP-0784,b4185d7f30aefb27947f491d1688fc82cebed6409e7ccdbdb76e1a02b2291141,7910,2,7910,asset-review/2026-09-22-npcs/before/Java/assets/npcs/npc_nyx.png,review-or-quarantine,review-required; not-authorized-for-deletion
DUP-0785,be1ba5c3189141521212f5936f93f6abe4c396c28d6e8d8f1b3b77ee9b1f7747,7456,2,7456,Java/assets/interiors/props/modular_seating/interior_bench_v.png,runtime-folder-candidate,review-required; not-authorized-for-deletion
DUP-0785,be1ba5c3189141521212f5936f93f6abe4c396c28d6e8d8f1b3b77ee9b1f7747,7456,2,7456,asset-review/household-expansion/retained/interior_bench_v.png,review-or-quarantine,review-required; not-authorized-for-deletion
DUP-0786,9ab51ffd4a112cd43840989d16d6d2891708316561020592297443f3497350f9,7203,2,7203,Java/assets/interiors/props/household/interior_broom.png,runtime-folder-candidate,review-required; not-authorized-for-deletion
DUP-0786,9ab51ffd4a112cd43840989d16d6d2891708316561020592297443f3497350f9,7203,2,7203,asset-review/household-expansion/candidates/warehouse/broom.png,review-or-quarantine,review-required; not-authorized-for-deletion
DUP-0787,9b2298dcb25afaab7708a551211c515fc7c42315952fcf99ed6db641dd85247b,3601,3,7202,Java/assets/terrain/village.png,runtime-folder-candidate,review-required; not-authorized-for-deletion
DUP-0787,9b2298dcb25afaab7708a551211c515fc7c42315952fcf99ed6db641dd85247b,3601,3,7202,asset-review/2026-09-22_05-13-30-village-terrain/village_packed_earth.png,review-or-quarantine,review-required; not-authorized-for-deletion
DUP-0787,9b2298dcb25afaab7708a551211c515fc7c42315952fcf99ed6db641dd85247b,3601,3,7202,asset-review/regions/plank-walk-before.png,review-or-quarantine,review-required; not-authorized-for-deletion
DUP-0788,da5c45af48aec2a02cc77a62438993a51976109eb4cd40a18fcc62cc10c4219c,7019,2,7019,Java/assets/npcs/npc_quartermaster.png,runtime-folder-candidate,review-required; not-authorized-for-deletion
DUP-0788,da5c45af48aec2a02cc77a62438993a51976109eb4cd40a18fcc62cc10c4219c,7019,2,7019,asset-review/2026-09-22-npcs/before/Java/assets/npcs/npc_quartermaster.png,review-or-quarantine,review-required; not-authorized-for-deletion
DUP-0789,8682f252277e78e046f59ec50154b021caa860e6fcb7b06ef09c229783f85173,6863,2,6863,Java/assets/interiors/props/modular_seating/interior_bench_h.png,runtime-folder-candidate,review-required; not-authorized-for-deletion
DUP-0789,8682f252277e78e046f59ec50154b021caa860e6fcb7b06ef09c229783f85173,6863,2,6863,asset-review/household-expansion/retained/interior_bench_h.png,review-or-quarantine,review-required; not-authorized-for-deletion
DUP-0790,b2879de0dc775792aafe48df7315a137fd0b264f1322fcd3047547b8564ad490,6694,2,6694,Java/assets/interiors/interior_cooking_station.png,runtime-folder-candidate,review-required; not-authorized-for-deletion
DUP-0790,b2879de0dc775792aafe48df7315a137fd0b264f1322fcd3047547b8564ad490,6694,2,6694,asset-review/household-expansion/retained/interior_cooking_station.png,review-or-quarantine,review-required; not-authorized-for-deletion
DUP-0791,9cdf5f7513550fd3033d0bf530069f2ba1403bf1e698e43653fecc8cad303c3c,6010,2,6010,Java/assets/terrain/grass.png,runtime-folder-candidate,review-required; not-authorized-for-deletion
DUP-0791,9cdf5f7513550fd3033d0bf530069f2ba1403bf1e698e43653fecc8cad303c3c,6010,2,6010,asset-review/files/Java/assets/grass/grass.png,review-or-quarantine,review-required; not-authorized-for-deletion
DUP-0792,47004896f33a7e37e3e0c185291ba606e8f370647a92456938aa053d8d9c5d26,5884,2,5884,asset-review/regional-buildings/WesternReachWorldTest.log,review-or-quarantine,review-required; not-authorized-for-deletion
DUP-0792,47004896f33a7e37e3e0c185291ba606e8f370647a92456938aa053d8d9c5d26,5884,2,5884,asset-review/regions/WesternReachWorldTest.log,review-or-quarantine,review-required; not-authorized-for-deletion
DUP-0793,c23a26c1baccfc71ae913962d4552773b08292ef773d1b2af1d630cac05fde59,5844,2,5844,Java/assets/terrain/forest.png,runtime-folder-candidate,review-required; not-authorized-for-deletion
DUP-0793,c23a26c1baccfc71ae913962d4552773b08292ef773d1b2af1d630cac05fde59,5844,2,5844,asset-review/files/Java/assets/forest/forest.png,review-or-quarantine,review-required; not-authorized-for-deletion
DUP-0794,1b14b005785372479dd554c05973d0078d5de3c193e46839fcdc69c8d30abd5d,5827,2,5827,Java/assets/grass/deco_grass_stone_stack.png,runtime-folder-candidate,review-required; not-authorized-for-deletion
DUP-0794,1b14b005785372479dd554c05973d0078d5de3c193e46839fcdc69c8d30abd5d,5827,2,5827,asset-review/files/Java/assets/deco/deco_rocks.png,review-or-quarantine,review-required; not-authorized-for-deletion
DUP-0795,9831246723f979dc10f75b38687f74c02eaf881d4b99d6df6351ef6eb005dd44,5729,2,5729,Java/assets/interiors/props/specialized/interior_grain_sacks_v.png,runtime-folder-candidate,review-required; not-authorized-for-deletion
DUP-0795,9831246723f979dc10f75b38687f74c02eaf881d4b99d6df6351ef6eb005dd44,5729,2,5729,asset-review/household-expansion/retained/interior_grain_sacks_v.png,review-or-quarantine,review-required; not-authorized-for-deletion
DUP-0796,522f5e93f148a5b8c0fe360600f132157a25f2f9bf1b0a520f7da04f77a95885,5715,2,5715,Java/assets/interiors/interior_rug_teal.png,runtime-folder-candidate,review-required; not-authorized-for-deletion
DUP-0796,522f5e93f148a5b8c0fe360600f132157a25f2f9bf1b0a520f7da04f77a95885,5715,2,5715,asset-review/household-expansion/retained/interior_rug_teal.png,review-or-quarantine,review-required; not-authorized-for-deletion
DUP-0797,64d9db8ab9acab0dcdf03c2f5465ccb470f05b3c5bcd707730368347398a2725,5672,2,5672,Java/assets/interiors/interior_rug_red.png,runtime-folder-candidate,review-required; not-authorized-for-deletion
DUP-0797,64d9db8ab9acab0dcdf03c2f5465ccb470f05b3c5bcd707730368347398a2725,5672,2,5672,asset-review/household-expansion/retained/interior_rug_red.png,review-or-quarantine,review-required; not-authorized-for-deletion
DUP-0798,8b597afe5951a767c5fcf1e53845c3f8ddfe74f01e21d2c326cf8267e68eebbc,5671,2,5671,Java/assets/terrain/dungeon_torch_floor.png,runtime-folder-candidate,review-required; not-authorized-for-deletion
DUP-0798,8b597afe5951a767c5fcf1e53845c3f8ddfe74f01e21d2c326cf8267e68eebbc,5671,2,5671,asset-review/2026-09-22_06-45-00-dungeon-floors/replacement_dungeon_torch_floor.png,review-or-quarantine,review-required; not-authorized-for-deletion
DUP-0799,7ece228f4befe2161baff79c673db0a8631b1a01d7a618efbeeefd0b0632a646,2739,3,5478,Java/assets/desert/deco_cactus.png,runtime-folder-candidate,review-required; not-authorized-for-deletion
DUP-0799,7ece228f4befe2161baff79c673db0a8631b1a01d7a618efbeeefd0b0632a646,2739,3,5478,asset-review/2026-09-22-sprite-integrity/unused/Java/assets/deco/deco_imagen_cactus_cluster.png,review-or-quarantine,review-required; not-authorized-for-deletion
DUP-0799,7ece228f4befe2161baff79c673db0a8631b1a01d7a618efbeeefd0b0632a646,2739,3,5478,asset-review/files/Java/assets/deco/deco_cactus.png,review-or-quarantine,review-required; not-authorized-for-deletion
DUP-0800,719131da321f76e852fef5d4a1c818007fb6009e5a727a06c3d3f4d738a0bb12,5439,2,5439,asset-review/2026-09-22-sprite-integrity/unused/Java/assets/deco/deco_imagen_mushroom_circle.png,review-or-quarantine,review-required; not-authorized-for-deletion
DUP-0800,719131da321f76e852fef5d4a1c818007fb6009e5a727a06c3d3f4d738a0bb12,5439,2,5439,asset-review/files/Java/assets/deco/deco_mushrooms.png,review-or-quarantine,review-required; not-authorized-for-deletion
DUP-0801,94079d22723686f55ad96d8167c4fd10946e6d69d274280a2c0f3a1bbe01f385,5351,2,5351,Java/assets/terrain/dungeon_crypt_floor.png,runtime-folder-candidate,review-required; not-authorized-for-deletion
DUP-0801,94079d22723686f55ad96d8167c4fd10946e6d69d274280a2c0f3a1bbe01f385,5351,2,5351,asset-review/2026-09-22_06-45-00-dungeon-floors/replacement_dungeon_crypt_floor.png,review-or-quarantine,review-required; not-authorized-for-deletion
DUP-0802,31240d2feb002990ca82d9f1200f66fbe24391f129af8b63dc212b0a21ca1eff,5271,2,5271,asset-review/flora-refresh/before/forest/deco_forest_mushrooms.png,review-or-quarantine,review-required; not-authorized-for-deletion
DUP-0802,31240d2feb002990ca82d9f1200f66fbe24391f129af8b63dc212b0a21ca1eff,5271,2,5271,asset-review/flora-refresh/before/marsh/deco_mushrooms.png,review-or-quarantine,review-required; not-authorized-for-deletion
DUP-0803,61da38de32676781b2f0124437b30d9c480294c689eacf90b9c6656a00a251ef,5250,2,5250,Java/assets/terrain/dungeon_moss_floor.png,runtime-folder-candidate,review-required; not-authorized-for-deletion
DUP-0803,61da38de32676781b2f0124437b30d9c480294c689eacf90b9c6656a00a251ef,5250,2,5250,asset-review/2026-09-22_06-45-00-dungeon-floors/replacement_dungeon_moss_floor.png,review-or-quarantine,review-required; not-authorized-for-deletion
DUP-0804,797a0ff586ef20c01f509041e7e765837cfa36e3259869c47d18d015d98f4c38,5098,2,5098,Java/assets/interiors/props/modular_seating/interior_table_h_middle.png,runtime-folder-candidate,review-required; not-authorized-for-deletion
DUP-0804,797a0ff586ef20c01f509041e7e765837cfa36e3259869c47d18d015d98f4c38,5098,2,5098,asset-review/household-expansion/retained/interior_table_h_middle.png,review-or-quarantine,review-required; not-authorized-for-deletion
DUP-0805,13b7d64f54a6ca6c82db23b9645647d9bbcd42e130c6ea57cf7b9ddc723dbf05,5064,2,5064,Java/assets/terrain/dungeon_rubble_floor.png,runtime-folder-candidate,review-required; not-authorized-for-deletion
DUP-0805,13b7d64f54a6ca6c82db23b9645647d9bbcd42e130c6ea57cf7b9ddc723dbf05,5064,2,5064,asset-review/2026-09-22_06-45-00-dungeon-floors/replacement_dungeon_rubble_floor.png,review-or-quarantine,review-required; not-authorized-for-deletion
DUP-0806,161779d19a9c015f8103f283a75ed4643eca8924cf61acf636f6cd5df1a3cf88,5048,2,5048,Java/assets/terrain/tundra.png,runtime-folder-candidate,review-required; not-authorized-for-deletion
DUP-0806,161779d19a9c015f8103f283a75ed4643eca8924cf61acf636f6cd5df1a3cf88,5048,2,5048,asset-review/files/Java/assets/tundra/tundra.png,review-or-quarantine,review-required; not-authorized-for-deletion
DUP-0807,2906360c70a47a401f99912b23dbe3c8ca8e9a875846f4dcb35b298f829e3a72,5040,2,5040,Java/assets/terrain/dungeon_boss_sigil_floor.png,runtime-folder-candidate,review-required; not-authorized-for-deletion
DUP-0807,2906360c70a47a401f99912b23dbe3c8ca8e9a875846f4dcb35b298f829e3a72,5040,2,5040,asset-review/2026-09-22_06-45-00-dungeon-floors/replacement_dungeon_boss_sigil_floor.png,review-or-quarantine,review-required; not-authorized-for-deletion
DUP-0808,e54151c19e70fe56798659711055b60d07481fd06de38cdc0028dc47b616f35b,4941,2,4941,Java/assets/deco/deco_imagen_milestone.png,runtime-folder-candidate,review-required; not-authorized-for-deletion
DUP-0808,e54151c19e70fe56798659711055b60d07481fd06de38cdc0028dc47b616f35b,4941,2,4941,Java/assets/road/deco_road_milestone.png,runtime-folder-candidate,review-required; not-authorized-for-deletion
DUP-0809,0aee912932436348c5d69f9f890aceb86152935a3c085f5e39d23a686b3dc8ac,4731,2,4731,Java/assets/deco/deco_imagen_signpost.png,runtime-folder-candidate,review-required; not-authorized-for-deletion
DUP-0809,0aee912932436348c5d69f9f890aceb86152935a3c085f5e39d23a686b3dc8ac,4731,2,4731,Java/assets/road/deco_road_signpost.png,runtime-folder-candidate,review-required; not-authorized-for-deletion
DUP-0810,572b87db8fce4f2fc61fee439c216e1a277c2ab1b482042a44d8f48c5add694e,4685,2,4685,Java/assets/interiors/interior_tabletop_candle.png,runtime-folder-candidate,review-required; not-authorized-for-deletion
DUP-0810,572b87db8fce4f2fc61fee439c216e1a277c2ab1b482042a44d8f48c5add694e,4685,2,4685,asset-review/household-expansion/retained/interior_tabletop_candle.png,review-or-quarantine,review-required; not-authorized-for-deletion
DUP-0811,3f6335a5442ef6a59dfd133446013947ceda1f79aab67b2ab59c3f4ef7f8799b,4626,2,4626,asset-review/2026-09-23-trees/originals/deco_tree_blue_pine.png,review-or-quarantine,review-required; not-authorized-for-deletion
DUP-0811,3f6335a5442ef6a59dfd133446013947ceda1f79aab67b2ab59c3f4ef7f8799b,4626,2,4626,asset-review/files/Java/assets/deco/deco_snow_pine.png,review-or-quarantine,review-required; not-authorized-for-deletion
DUP-0812,14bddce5c49f66be86b282412fd6bef5670a76891575514f56e88122f6c6984c,4376,2,4376,Java/assets/terrain/mountain.png,runtime-folder-candidate,review-required; not-authorized-for-deletion
DUP-0812,14bddce5c49f66be86b282412fd6bef5670a76891575514f56e88122f6c6984c,4376,2,4376,asset-review/files/Java/assets/mountain/mountain.png,review-or-quarantine,review-required; not-authorized-for-deletion
DUP-0813,5cd52f995e2d85e7277ede7b4bc127f74e043da393694051a0d463e74708133a,4243,2,4243,Java/assets/terrain/road.png,runtime-folder-candidate,review-required; not-authorized-for-deletion
DUP-0813,5cd52f995e2d85e7277ede7b4bc127f74e043da393694051a0d463e74708133a,4243,2,4243,asset-review/files/Java/assets/road/road.png,review-or-quarantine,review-required; not-authorized-for-deletion
DUP-0814,8d701a4adda8f2be5cf2fa0e3efb896e985e02bb34ecfd47a70570c987b8675a,4235,2,4235,Java/assets/items/item_palm_shade.png,runtime-folder-candidate,review-required; not-authorized-for-deletion
DUP-0814,8d701a4adda8f2be5cf2fa0e3efb896e985e02bb34ecfd47a70570c987b8675a,4235,2,4235,Java/assets/items/material_palm_frond.png,runtime-folder-candidate,review-required; not-authorized-for-deletion
DUP-0815,105a5fd9970a3285093fd25604a3fcfd6a50131dafdbbff6d20457bb78665d82,4187,2,4187,Java/assets/interiors/props/modular_seating/interior_study_desk_h.png,runtime-folder-candidate,review-required; not-authorized-for-deletion
DUP-0815,105a5fd9970a3285093fd25604a3fcfd6a50131dafdbbff6d20457bb78665d82,4187,2,4187,asset-review/household-expansion/retained/interior_study_desk_h.png,review-or-quarantine,review-required; not-authorized-for-deletion
DUP-0816,abd8b44ad59df5f8967669bfa755435ef1d4f14bd5262bdfd846a2bd5bad0ba7,4147,2,4147,asset-review/2026-09-22_05-35-57-desert-surfaces/Java/assets/terrain/desert.png,review-or-quarantine,review-required; not-authorized-for-deletion
DUP-0816,abd8b44ad59df5f8967669bfa755435ef1d4f14bd5262bdfd846a2bd5bad0ba7,4147,2,4147,asset-review/files/Java/assets/desert/desert.png,review-or-quarantine,review-required; not-authorized-for-deletion
DUP-0817,a9677b0bd9dc26a8a1965f32d6bc205ad13609e5ed5c8d22b9d54b133e2d4241,4111,2,4111,Java/assets/interiors/interior_shop_counter.png,runtime-folder-candidate,review-required; not-authorized-for-deletion
DUP-0817,a9677b0bd9dc26a8a1965f32d6bc205ad13609e5ed5c8d22b9d54b133e2d4241,4111,2,4111,asset-review/household-expansion/retained/interior_shop_counter.png,review-or-quarantine,review-required; not-authorized-for-deletion
DUP-0818,c887d62d9d22bc438904c2c8ba2a698fc77aa22bd7bac55903195dac3fe911f8,4095,2,4095,Java/assets/terrain/water.png,runtime-folder-candidate,review-required; not-authorized-for-deletion
DUP-0818,c887d62d9d22bc438904c2c8ba2a698fc77aa22bd7bac55903195dac3fe911f8,4095,2,4095,asset-review/files/Java/assets/water/water.png,review-or-quarantine,review-required; not-authorized-for-deletion
DUP-0819,44e1df6f52677e2793589014bfdd072fb26d33ce16e46341fe9e5c089e8ee16d,4052,2,4052,Java/assets/interiors/interior_rug_runner.png,runtime-folder-candidate,review-required; not-authorized-for-deletion
DUP-0819,44e1df6f52677e2793589014bfdd072fb26d33ce16e46341fe9e5c089e8ee16d,4052,2,4052,asset-review/household-expansion/retained/interior_rug_runner.png,review-or-quarantine,review-required; not-authorized-for-deletion
DUP-0820,e55a96358c3336cd403ed5cd31bafa403a9778f5d2a7e3ea3017c099a68622ea,4025,2,4025,asset-review/2026-09-23-trees/originals/deco_tree_young.png,review-or-quarantine,review-required; not-authorized-for-deletion
DUP-0820,e55a96358c3336cd403ed5cd31bafa403a9778f5d2a7e3ea3017c099a68622ea,4025,2,4025,asset-review/files/Java/assets/deco/deco_pine_sapling.png,review-or-quarantine,review-required; not-authorized-for-deletion
DUP-0821,a9fd445216865d8d84ddb73d5d9083a56cda6020344f746770b096e55951fe79,3985,2,3985,Java/assets/terrain/badlands.png,runtime-folder-candidate,review-required; not-authorized-for-deletion
DUP-0821,a9fd445216865d8d84ddb73d5d9083a56cda6020344f746770b096e55951fe79,3985,2,3985,asset-review/files/Java/assets/badlands/badlands.png,review-or-quarantine,review-required; not-authorized-for-deletion
DUP-0822,407b720568e53187f419a88f675f307712b6e46dfe348eed8435f98fcdf37398,3949,2,3949,Java/assets/terrain/marsh.png,runtime-folder-candidate,review-required; not-authorized-for-deletion
DUP-0822,407b720568e53187f419a88f675f307712b6e46dfe348eed8435f98fcdf37398,3949,2,3949,asset-review/files/Java/assets/marsh/marsh.png,review-or-quarantine,review-required; not-authorized-for-deletion
DUP-0823,cd3200a3d0db168bcd07ef3ce22394b944b0bcb2be63eaaa43ea89df79e46c1d,3832,2,3832,Java/assets/interiors/interior_chair_south.png,runtime-folder-candidate,review-required; not-authorized-for-deletion
DUP-0823,cd3200a3d0db168bcd07ef3ce22394b944b0bcb2be63eaaa43ea89df79e46c1d,3832,2,3832,asset-review/household-expansion/retained/interior_chair_south.png,review-or-quarantine,review-required; not-authorized-for-deletion
DUP-0824,ccf1db2eb3efa3ae5f73a02238c8be68c4bfda8b5a5dab9a000c9dd785fbaeee,3366,2,3366,Java/assets/terrain/city.png,runtime-folder-candidate,review-required; not-authorized-for-deletion
DUP-0824,ccf1db2eb3efa3ae5f73a02238c8be68c4bfda8b5a5dab9a000c9dd785fbaeee,3366,2,3366,Java/assets/terrain/town_herringbone_cobble.png,runtime-folder-candidate,review-required; not-authorized-for-deletion
DUP-0825,82b5c0be4e56adf0652157a84f8adb6f564646f0712b45ef532fbbd06659cfde,3355,2,3355,Java/assets/mountain/deco_mountain_rocks.png,runtime-folder-candidate,review-required; not-authorized-for-deletion
DUP-0825,82b5c0be4e56adf0652157a84f8adb6f564646f0712b45ef532fbbd06659cfde,3355,2,3355,Java/assets/mountain/deco_rocks.png,runtime-folder-candidate,review-required; not-authorized-for-deletion
DUP-0826,2dab853af154b6d96ac7ea0a675dcc5efc277c7299a52e1ee76d8ebd1b95dc07,3273,2,3273,Java/assets/terrain/dungeon.png,runtime-folder-candidate,review-required; not-authorized-for-deletion
DUP-0826,2dab853af154b6d96ac7ea0a675dcc5efc277c7299a52e1ee76d8ebd1b95dc07,3273,2,3273,Java/assets/terrain/dungeon_cracked_flagstone.png,runtime-folder-candidate,review-required; not-authorized-for-deletion
DUP-0827,62e28b88e1191e0bb86174c108f6f89f7e6f1bc06d8563cd9e88258a03380f36,2851,2,2851,Java/assets/interiors/interior_chair_west.png,runtime-folder-candidate,review-required; not-authorized-for-deletion
DUP-0827,62e28b88e1191e0bb86174c108f6f89f7e6f1bc06d8563cd9e88258a03380f36,2851,2,2851,asset-review/household-expansion/retained/interior_chair_west.png,review-or-quarantine,review-required; not-authorized-for-deletion
DUP-0828,d184a544bef93f3371aaf3dc1988e7b7c0f3f25e01e1df21fafa9a763c8465d2,2558,2,2558,Java/assets/interiors/props/modular_seating/interior_chair_south_alt.png,runtime-folder-candidate,review-required; not-authorized-for-deletion
DUP-0828,d184a544bef93f3371aaf3dc1988e7b7c0f3f25e01e1df21fafa9a763c8465d2,2558,2,2558,asset-review/household-expansion/retained/interior_chair_south_alt.png,review-or-quarantine,review-required; not-authorized-for-deletion
DUP-0829,f0fae6528aa7432d1822c4e8cbb277fbbd3f2fb2c2145b088cc3ea45038c52d6,2382,2,2382,asset-review/regional-buildings/HearthlandsWorldTest.log,review-or-quarantine,review-required; not-authorized-for-deletion
DUP-0829,f0fae6528aa7432d1822c4e8cbb277fbbd3f2fb2c2145b088cc3ea45038c52d6,2382,2,2382,asset-review/regions/HearthlandsWorldTest.log,review-or-quarantine,review-required; not-authorized-for-deletion
DUP-0830,e0c18a6a8d48da87994c100bbb324c758d413e95f0fa5135bd0738a692b4d56f,3,384,1149,Java/assets/companions/aria/animations/npc_aria_model_down_idle_anim.frames,required-per-asset-metadata,review-required; not-authorized-for-deletion
DUP-0830,e0c18a6a8d48da87994c100bbb324c758d413e95f0fa5135bd0738a692b4d56f,3,384,1149,Java/assets/companions/aria/animations/npc_aria_model_down_left_idle_anim.frames,required-per-asset-metadata,review-required; not-authorized-for-deletion
DUP-0830,e0c18a6a8d48da87994c100bbb324c758d413e95f0fa5135bd0738a692b4d56f,3,384,1149,Java/assets/companions/aria/animations/npc_aria_model_down_left_walk_anim.frames,required-per-asset-metadata,review-required; not-authorized-for-deletion
DUP-0830,e0c18a6a8d48da87994c100bbb324c758d413e95f0fa5135bd0738a692b4d56f,3,384,1149,Java/assets/companions/aria/animations/npc_aria_model_down_right_idle_anim.frames,required-per-asset-metadata,review-required; not-authorized-for-deletion
DUP-0830,e0c18a6a8d48da87994c100bbb324c758d413e95f0fa5135bd0738a692b4d56f,3,384,1149,Java/assets/companions/aria/animations/npc_aria_model_down_right_walk_anim.frames,required-per-asset-metadata,review-required; not-authorized-for-deletion
DUP-0830,e0c18a6a8d48da87994c100bbb324c758d413e95f0fa5135bd0738a692b4d56f,3,384,1149,Java/assets/companions/aria/animations/npc_aria_model_down_walk_anim.frames,required-per-asset-metadata,review-required; not-authorized-for-deletion
DUP-0830,e0c18a6a8d48da87994c100bbb324c758d413e95f0fa5135bd0738a692b4d56f,3,384,1149,Java/assets/companions/aria/animations/npc_aria_model_left_idle_anim.frames,required-per-asset-metadata,review-required; not-authorized-for-deletion
DUP-0830,e0c18a6a8d48da87994c100bbb324c758d413e95f0fa5135bd0738a692b4d56f,3,384,1149,Java/assets/companions/aria/animations/npc_aria_model_left_walk_anim.frames,required-per-asset-metadata,review-required; not-authorized-for-deletion
DUP-0830,e0c18a6a8d48da87994c100bbb324c758d413e95f0fa5135bd0738a692b4d56f,3,384,1149,Java/assets/companions/aria/animations/npc_aria_model_right_idle_anim.frames,required-per-asset-metadata,review-required; not-authorized-for-deletion
DUP-0830,e0c18a6a8d48da87994c100bbb324c758d413e95f0fa5135bd0738a692b4d56f,3,384,1149,Java/assets/companions/aria/animations/npc_aria_model_right_walk_anim.frames,required-per-asset-metadata,review-required; not-authorized-for-deletion
DUP-0830,e0c18a6a8d48da87994c100bbb324c758d413e95f0fa5135bd0738a692b4d56f,3,384,1149,Java/assets/companions/aria/animations/npc_aria_model_up_idle_anim.frames,required-per-asset-metadata,review-required; not-authorized-for-deletion
DUP-0830,e0c18a6a8d48da87994c100bbb324c758d413e95f0fa5135bd0738a692b4d56f,3,384,1149,Java/assets/companions/aria/animations/npc_aria_model_up_left_idle_anim.frames,required-per-asset-metadata,review-required; not-authorized-for-deletion
DUP-0830,e0c18a6a8d48da87994c100bbb324c758d413e95f0fa5135bd0738a692b4d56f,3,384,1149,Java/assets/companions/aria/animations/npc_aria_model_up_left_walk_anim.frames,required-per-asset-metadata,review-required; not-authorized-for-deletion
DUP-0830,e0c18a6a8d48da87994c100bbb324c758d413e95f0fa5135bd0738a692b4d56f,3,384,1149,Java/assets/companions/aria/animations/npc_aria_model_up_right_idle_anim.frames,required-per-asset-metadata,review-required; not-authorized-for-deletion
DUP-0830,e0c18a6a8d48da87994c100bbb324c758d413e95f0fa5135bd0738a692b4d56f,3,384,1149,Java/assets/companions/aria/animations/npc_aria_model_up_right_walk_anim.frames,required-per-asset-metadata,review-required; not-authorized-for-deletion
DUP-0830,e0c18a6a8d48da87994c100bbb324c758d413e95f0fa5135bd0738a692b4d56f,3,384,1149,Java/assets/companions/aria/animations/npc_aria_model_up_walk_anim.frames,required-per-asset-metadata,review-required; not-authorized-for-deletion
DUP-0830,e0c18a6a8d48da87994c100bbb324c758d413e95f0fa5135bd0738a692b4d56f,3,384,1149,Java/assets/companions/calder/animations/npc_calder_model_down_idle_anim.frames,required-per-asset-metadata,review-required; not-authorized-for-deletion
DUP-0830,e0c18a6a8d48da87994c100bbb324c758d413e95f0fa5135bd0738a692b4d56f,3,384,1149,Java/assets/companions/calder/animations/npc_calder_model_down_left_idle_anim.frames,required-per-asset-metadata,review-required; not-authorized-for-deletion
DUP-0830,e0c18a6a8d48da87994c100bbb324c758d413e95f0fa5135bd0738a692b4d56f,3,384,1149,Java/assets/companions/calder/animations/npc_calder_model_down_left_walk_anim.frames,required-per-asset-metadata,review-required; not-authorized-for-deletion
DUP-0830,e0c18a6a8d48da87994c100bbb324c758d413e95f0fa5135bd0738a692b4d56f,3,384,1149,Java/assets/companions/calder/animations/npc_calder_model_down_right_idle_anim.frames,required-per-asset-metadata,review-required; not-authorized-for-deletion
DUP-0830,e0c18a6a8d48da87994c100bbb324c758d413e95f0fa5135bd0738a692b4d56f,3,384,1149,Java/assets/companions/calder/animations/npc_calder_model_down_right_walk_anim.frames,required-per-asset-metadata,review-required; not-authorized-for-deletion
DUP-0830,e0c18a6a8d48da87994c100bbb324c758d413e95f0fa5135bd0738a692b4d56f,3,384,1149,Java/assets/companions/calder/animations/npc_calder_model_down_walk_anim.frames,required-per-asset-metadata,review-required; not-authorized-for-deletion
DUP-0830,e0c18a6a8d48da87994c100bbb324c758d413e95f0fa5135bd0738a692b4d56f,3,384,1149,Java/assets/companions/calder/animations/npc_calder_model_left_idle_anim.frames,required-per-asset-metadata,review-required; not-authorized-for-deletion
DUP-0830,e0c18a6a8d48da87994c100bbb324c758d413e95f0fa5135bd0738a692b4d56f,3,384,1149,Java/assets/companions/calder/animations/npc_calder_model_left_walk_anim.frames,required-per-asset-metadata,review-required; not-authorized-for-deletion
DUP-0830,e0c18a6a8d48da87994c100bbb324c758d413e95f0fa5135bd0738a692b4d56f,3,384,1149,Java/assets/companions/calder/animations/npc_calder_model_right_idle_anim.frames,required-per-asset-metadata,review-required; not-authorized-for-deletion
DUP-0830,e0c18a6a8d48da87994c100bbb324c758d413e95f0fa5135bd0738a692b4d56f,3,384,1149,Java/assets/companions/calder/animations/npc_calder_model_right_walk_anim.frames,required-per-asset-metadata,review-required; not-authorized-for-deletion
DUP-0830,e0c18a6a8d48da87994c100bbb324c758d413e95f0fa5135bd0738a692b4d56f,3,384,1149,Java/assets/companions/calder/animations/npc_calder_model_up_idle_anim.frames,required-per-asset-metadata,review-required; not-authorized-for-deletion
DUP-0830,e0c18a6a8d48da87994c100bbb324c758d413e95f0fa5135bd0738a692b4d56f,3,384,1149,Java/assets/companions/calder/animations/npc_calder_model_up_left_idle_anim.frames,required-per-asset-metadata,review-required; not-authorized-for-deletion
DUP-0830,e0c18a6a8d48da87994c100bbb324c758d413e95f0fa5135bd0738a692b4d56f,3,384,1149,Java/assets/companions/calder/animations/npc_calder_model_up_left_walk_anim.frames,required-per-asset-metadata,review-required; not-authorized-for-deletion
DUP-0830,e0c18a6a8d48da87994c100bbb324c758d413e95f0fa5135bd0738a692b4d56f,3,384,1149,Java/assets/companions/calder/animations/npc_calder_model_up_right_idle_anim.frames,required-per-asset-metadata,review-required; not-authorized-for-deletion
DUP-0830,e0c18a6a8d48da87994c100bbb324c758d413e95f0fa5135bd0738a692b4d56f,3,384,1149,Java/assets/companions/calder/animations/npc_calder_model_up_right_walk_anim.frames,required-per-asset-metadata,review-required; not-authorized-for-deletion
DUP-0830,e0c18a6a8d48da87994c100bbb324c758d413e95f0fa5135bd0738a692b4d56f,3,384,1149,Java/assets/companions/calder/animations/npc_calder_model_up_walk_anim.frames,required-per-asset-metadata,review-required; not-authorized-for-deletion
DUP-0830,e0c18a6a8d48da87994c100bbb324c758d413e95f0fa5135bd0738a692b4d56f,3,384,1149,Java/assets/companions/cassia/animations/npc_cassia_model_down_idle_anim.frames,required-per-asset-metadata,review-required; not-authorized-for-deletion
DUP-0830,e0c18a6a8d48da87994c100bbb324c758d413e95f0fa5135bd0738a692b4d56f,3,384,1149,Java/assets/companions/cassia/animations/npc_cassia_model_down_left_idle_anim.frames,required-per-asset-metadata,review-required; not-authorized-for-deletion
DUP-0830,e0c18a6a8d48da87994c100bbb324c758d413e95f0fa5135bd0738a692b4d56f,3,384,1149,Java/assets/companions/cassia/animations/npc_cassia_model_down_left_walk_anim.frames,required-per-asset-metadata,review-required; not-authorized-for-deletion
DUP-0830,e0c18a6a8d48da87994c100bbb324c758d413e95f0fa5135bd0738a692b4d56f,3,384,1149,Java/assets/companions/cassia/animations/npc_cassia_model_down_right_idle_anim.frames,required-per-asset-metadata,review-required; not-authorized-for-deletion
DUP-0830,e0c18a6a8d48da87994c100bbb324c758d413e95f0fa5135bd0738a692b4d56f,3,384,1149,Java/assets/companions/cassia/animations/npc_cassia_model_down_right_walk_anim.frames,required-per-asset-metadata,review-required; not-authorized-for-deletion
DUP-0830,e0c18a6a8d48da87994c100bbb324c758d413e95f0fa5135bd0738a692b4d56f,3,384,1149,Java/assets/companions/cassia/animations/npc_cassia_model_down_walk_anim.frames,required-per-asset-metadata,review-required; not-authorized-for-deletion
DUP-0830,e0c18a6a8d48da87994c100bbb324c758d413e95f0fa5135bd0738a692b4d56f,3,384,1149,Java/assets/companions/cassia/animations/npc_cassia_model_left_idle_anim.frames,required-per-asset-metadata,review-required; not-authorized-for-deletion
DUP-0830,e0c18a6a8d48da87994c100bbb324c758d413e95f0fa5135bd0738a692b4d56f,3,384,1149,Java/assets/companions/cassia/animations/npc_cassia_model_left_walk_anim.frames,required-per-asset-metadata,review-required; not-authorized-for-deletion
DUP-0830,e0c18a6a8d48da87994c100bbb324c758d413e95f0fa5135bd0738a692b4d56f,3,384,1149,Java/assets/companions/cassia/animations/npc_cassia_model_right_idle_anim.frames,required-per-asset-metadata,review-required; not-authorized-for-deletion
DUP-0830,e0c18a6a8d48da87994c100bbb324c758d413e95f0fa5135bd0738a692b4d56f,3,384,1149,Java/assets/companions/cassia/animations/npc_cassia_model_right_walk_anim.frames,required-per-asset-metadata,review-required; not-authorized-for-deletion
DUP-0830,e0c18a6a8d48da87994c100bbb324c758d413e95f0fa5135bd0738a692b4d56f,3,384,1149,Java/assets/companions/cassia/animations/npc_cassia_model_up_idle_anim.frames,required-per-asset-metadata,review-required; not-authorized-for-deletion
DUP-0830,e0c18a6a8d48da87994c100bbb324c758d413e95f0fa5135bd0738a692b4d56f,3,384,1149,Java/assets/companions/cassia/animations/npc_cassia_model_up_left_idle_anim.frames,required-per-asset-metadata,review-required; not-authorized-for-deletion
DUP-0830,e0c18a6a8d48da87994c100bbb324c758d413e95f0fa5135bd0738a692b4d56f,3,384,1149,Java/assets/companions/cassia/animations/npc_cassia_model_up_left_walk_anim.frames,required-per-asset-metadata,review-required; not-authorized-for-deletion
DUP-0830,e0c18a6a8d48da87994c100bbb324c758d413e95f0fa5135bd0738a692b4d56f,3,384,1149,Java/assets/companions/cassia/animations/npc_cassia_model_up_right_idle_anim.frames,required-per-asset-metadata,review-required; not-authorized-for-deletion
DUP-0830,e0c18a6a8d48da87994c100bbb324c758d413e95f0fa5135bd0738a692b4d56f,3,384,1149,Java/assets/companions/cassia/animations/npc_cassia_model_up_right_walk_anim.frames,required-per-asset-metadata,review-required; not-authorized-for-deletion
DUP-0830,e0c18a6a8d48da87994c100bbb324c758d413e95f0fa5135bd0738a692b4d56f,3,384,1149,Java/assets/companions/cassia/animations/npc_cassia_model_up_walk_anim.frames,required-per-asset-metadata,review-required; not-authorized-for-deletion
DUP-0830,e0c18a6a8d48da87994c100bbb324c758d413e95f0fa5135bd0738a692b4d56f,3,384,1149,Java/assets/companions/lyra/animations/npc_lyra_model_down_idle_anim.frames,required-per-asset-metadata,review-required; not-authorized-for-deletion
DUP-0830,e0c18a6a8d48da87994c100bbb324c758d413e95f0fa5135bd0738a692b4d56f,3,384,1149,Java/assets/companions/lyra/animations/npc_lyra_model_down_left_idle_anim.frames,required-per-asset-metadata,review-required; not-authorized-for-deletion
DUP-0830,e0c18a6a8d48da87994c100bbb324c758d413e95f0fa5135bd0738a692b4d56f,3,384,1149,Java/assets/companions/lyra/animations/npc_lyra_model_down_left_walk_anim.frames,required-per-asset-metadata,review-required; not-authorized-for-deletion
DUP-0830,e0c18a6a8d48da87994c100bbb324c758d413e95f0fa5135bd0738a692b4d56f,3,384,1149,Java/assets/companions/lyra/animations/npc_lyra_model_down_right_idle_anim.frames,required-per-asset-metadata,review-required; not-authorized-for-deletion
DUP-0830,e0c18a6a8d48da87994c100bbb324c758d413e95f0fa5135bd0738a692b4d56f,3,384,1149,Java/assets/companions/lyra/animations/npc_lyra_model_down_right_walk_anim.frames,required-per-asset-metadata,review-required; not-authorized-for-deletion
DUP-0830,e0c18a6a8d48da87994c100bbb324c758d413e95f0fa5135bd0738a692b4d56f,3,384,1149,Java/assets/companions/lyra/animations/npc_lyra_model_down_walk_anim.frames,required-per-asset-metadata,review-required; not-authorized-for-deletion
DUP-0830,e0c18a6a8d48da87994c100bbb324c758d413e95f0fa5135bd0738a692b4d56f,3,384,1149,Java/assets/companions/lyra/animations/npc_lyra_model_left_idle_anim.frames,required-per-asset-metadata,review-required; not-authorized-for-deletion
DUP-0830,e0c18a6a8d48da87994c100bbb324c758d413e95f0fa5135bd0738a692b4d56f,3,384,1149,Java/assets/companions/lyra/animations/npc_lyra_model_left_walk_anim.frames,required-per-asset-metadata,review-required; not-authorized-for-deletion
DUP-0830,e0c18a6a8d48da87994c100bbb324c758d413e95f0fa5135bd0738a692b4d56f,3,384,1149,Java/assets/companions/lyra/animations/npc_lyra_model_right_idle_anim.frames,required-per-asset-metadata,review-required; not-authorized-for-deletion
DUP-0830,e0c18a6a8d48da87994c100bbb324c758d413e95f0fa5135bd0738a692b4d56f,3,384,1149,Java/assets/companions/lyra/animations/npc_lyra_model_right_walk_anim.frames,required-per-asset-metadata,review-required; not-authorized-for-deletion
DUP-0830,e0c18a6a8d48da87994c100bbb324c758d413e95f0fa5135bd0738a692b4d56f,3,384,1149,Java/assets/companions/lyra/animations/npc_lyra_model_up_idle_anim.frames,required-per-asset-metadata,review-required; not-authorized-for-deletion
DUP-0830,e0c18a6a8d48da87994c100bbb324c758d413e95f0fa5135bd0738a692b4d56f,3,384,1149,Java/assets/companions/lyra/animations/npc_lyra_model_up_left_idle_anim.frames,required-per-asset-metadata,review-required; not-authorized-for-deletion
DUP-0830,e0c18a6a8d48da87994c100bbb324c758d413e95f0fa5135bd0738a692b4d56f,3,384,1149,Java/assets/companions/lyra/animations/npc_lyra_model_up_left_walk_anim.frames,required-per-asset-metadata,review-required; not-authorized-for-deletion
DUP-0830,e0c18a6a8d48da87994c100bbb324c758d413e95f0fa5135bd0738a692b4d56f,3,384,1149,Java/assets/companions/lyra/animations/npc_lyra_model_up_right_idle_anim.frames,required-per-asset-metadata,review-required; not-authorized-for-deletion
DUP-0830,e0c18a6a8d48da87994c100bbb324c758d413e95f0fa5135bd0738a692b4d56f,3,384,1149,Java/assets/companions/lyra/animations/npc_lyra_model_up_right_walk_anim.frames,required-per-asset-metadata,review-required; not-authorized-for-deletion
DUP-0830,e0c18a6a8d48da87994c100bbb324c758d413e95f0fa5135bd0738a692b4d56f,3,384,1149,Java/assets/companions/lyra/animations/npc_lyra_model_up_walk_anim.frames,required-per-asset-metadata,review-required; not-authorized-for-deletion
DUP-0830,e0c18a6a8d48da87994c100bbb324c758d413e95f0fa5135bd0738a692b4d56f,3,384,1149,Java/assets/companions/maera/animations/npc_maera_model_down_idle_anim.frames,required-per-asset-metadata,review-required; not-authorized-for-deletion
DUP-0830,e0c18a6a8d48da87994c100bbb324c758d413e95f0fa5135bd0738a692b4d56f,3,384,1149,Java/assets/companions/maera/animations/npc_maera_model_down_left_idle_anim.frames,required-per-asset-metadata,review-required; not-authorized-for-deletion
DUP-0830,e0c18a6a8d48da87994c100bbb324c758d413e95f0fa5135bd0738a692b4d56f,3,384,1149,Java/assets/companions/maera/animations/npc_maera_model_down_left_walk_anim.frames,required-per-asset-metadata,review-required; not-authorized-for-deletion
DUP-0830,e0c18a6a8d48da87994c100bbb324c758d413e95f0fa5135bd0738a692b4d56f,3,384,1149,Java/assets/companions/maera/animations/npc_maera_model_down_right_idle_anim.frames,required-per-asset-metadata,review-required; not-authorized-for-deletion
DUP-0830,e0c18a6a8d48da87994c100bbb324c758d413e95f0fa5135bd0738a692b4d56f,3,384,1149,Java/assets/companions/maera/animations/npc_maera_model_down_right_walk_anim.frames,required-per-asset-metadata,review-required; not-authorized-for-deletion
DUP-0830,e0c18a6a8d48da87994c100bbb324c758d413e95f0fa5135bd0738a692b4d56f,3,384,1149,Java/assets/companions/maera/animations/npc_maera_model_down_walk_anim.frames,required-per-asset-metadata,review-required; not-authorized-for-deletion
DUP-0830,e0c18a6a8d48da87994c100bbb324c758d413e95f0fa5135bd0738a692b4d56f,3,384,1149,Java/assets/companions/maera/animations/npc_maera_model_left_idle_anim.frames,required-per-asset-metadata,review-required; not-authorized-for-deletion
DUP-0830,e0c18a6a8d48da87994c100bbb324c758d413e95f0fa5135bd0738a692b4d56f,3,384,1149,Java/assets/companions/maera/animations/npc_maera_model_left_walk_anim.frames,required-per-asset-metadata,review-required; not-authorized-for-deletion
DUP-0830,e0c18a6a8d48da87994c100bbb324c758d413e95f0fa5135bd0738a692b4d56f,3,384,1149,Java/assets/companions/maera/animations/npc_maera_model_right_idle_anim.frames,required-per-asset-metadata,review-required; not-authorized-for-deletion
DUP-0830,e0c18a6a8d48da87994c100bbb324c758d413e95f0fa5135bd0738a692b4d56f,3,384,1149,Java/assets/companions/maera/animations/npc_maera_model_right_walk_anim.frames,required-per-asset-metadata,review-required; not-authorized-for-deletion
DUP-0830,e0c18a6a8d48da87994c100bbb324c758d413e95f0fa5135bd0738a692b4d56f,3,384,1149,Java/assets/companions/maera/animations/npc_maera_model_up_idle_anim.frames,required-per-asset-metadata,review-required; not-authorized-for-deletion
DUP-0830,e0c18a6a8d48da87994c100bbb324c758d413e95f0fa5135bd0738a692b4d56f,3,384,1149,Java/assets/companions/maera/animations/npc_maera_model_up_left_idle_anim.frames,required-per-asset-metadata,review-required; not-authorized-for-deletion
DUP-0830,e0c18a6a8d48da87994c100bbb324c758d413e95f0fa5135bd0738a692b4d56f,3,384,1149,Java/assets/companions/maera/animations/npc_maera_model_up_left_walk_anim.frames,required-per-asset-metadata,review-required; not-authorized-for-deletion
DUP-0830,e0c18a6a8d48da87994c100bbb324c758d413e95f0fa5135bd0738a692b4d56f,3,384,1149,Java/assets/companions/maera/animations/npc_maera_model_up_right_idle_anim.frames,required-per-asset-metadata,review-required; not-authorized-for-deletion
DUP-0830,e0c18a6a8d48da87994c100bbb324c758d413e95f0fa5135bd0738a692b4d56f,3,384,1149,Java/assets/companions/maera/animations/npc_maera_model_up_right_walk_anim.frames,required-per-asset-metadata,review-required; not-authorized-for-deletion
DUP-0830,e0c18a6a8d48da87994c100bbb324c758d413e95f0fa5135bd0738a692b4d56f,3,384,1149,Java/assets/companions/maera/animations/npc_maera_model_up_walk_anim.frames,required-per-asset-metadata,review-required; not-authorized-for-deletion
DUP-0830,e0c18a6a8d48da87994c100bbb324c758d413e95f0fa5135bd0738a692b4d56f,3,384,1149,Java/assets/companions/rafiq/animations/npc_rafiq_model_down_idle_anim.frames,required-per-asset-metadata,review-required; not-authorized-for-deletion
DUP-0830,e0c18a6a8d48da87994c100bbb324c758d413e95f0fa5135bd0738a692b4d56f,3,384,1149,Java/assets/companions/rafiq/animations/npc_rafiq_model_down_left_idle_anim.frames,required-per-asset-metadata,review-required; not-authorized-for-deletion
DUP-0830,e0c18a6a8d48da87994c100bbb324c758d413e95f0fa5135bd0738a692b4d56f,3,384,1149,Java/assets/companions/rafiq/animations/npc_rafiq_model_down_left_walk_anim.frames,required-per-asset-metadata,review-required; not-authorized-for-deletion
DUP-0830,e0c18a6a8d48da87994c100bbb324c758d413e95f0fa5135bd0738a692b4d56f,3,384,1149,Java/assets/companions/rafiq/animations/npc_rafiq_model_down_right_idle_anim.frames,required-per-asset-metadata,review-required; not-authorized-for-deletion
DUP-0830,e0c18a6a8d48da87994c100bbb324c758d413e95f0fa5135bd0738a692b4d56f,3,384,1149,Java/assets/companions/rafiq/animations/npc_rafiq_model_down_right_walk_anim.frames,required-per-asset-metadata,review-required; not-authorized-for-deletion
DUP-0830,e0c18a6a8d48da87994c100bbb324c758d413e95f0fa5135bd0738a692b4d56f,3,384,1149,Java/assets/companions/rafiq/animations/npc_rafiq_model_down_walk_anim.frames,required-per-asset-metadata,review-required; not-authorized-for-deletion
DUP-0830,e0c18a6a8d48da87994c100bbb324c758d413e95f0fa5135bd0738a692b4d56f,3,384,1149,Java/assets/companions/rafiq/animations/npc_rafiq_model_left_idle_anim.frames,required-per-asset-metadata,review-required; not-authorized-for-deletion
DUP-0830,e0c18a6a8d48da87994c100bbb324c758d413e95f0fa5135bd0738a692b4d56f,3,384,1149,Java/assets/companions/rafiq/animations/npc_rafiq_model_left_walk_anim.frames,required-per-asset-metadata,review-required; not-authorized-for-deletion
DUP-0830,e0c18a6a8d48da87994c100bbb324c758d413e95f0fa5135bd0738a692b4d56f,3,384,1149,Java/assets/companions/rafiq/animations/npc_rafiq_model_right_idle_anim.frames,required-per-asset-metadata,review-required; not-authorized-for-deletion
DUP-0830,e0c18a6a8d48da87994c100bbb324c758d413e95f0fa5135bd0738a692b4d56f,3,384,1149,Java/assets/companions/rafiq/animations/npc_rafiq_model_right_walk_anim.frames,required-per-asset-metadata,review-required; not-authorized-for-deletion
DUP-0830,e0c18a6a8d48da87994c100bbb324c758d413e95f0fa5135bd0738a692b4d56f,3,384,1149,Java/assets/companions/rafiq/animations/npc_rafiq_model_up_idle_anim.frames,required-per-asset-metadata,review-required; not-authorized-for-deletion
DUP-0830,e0c18a6a8d48da87994c100bbb324c758d413e95f0fa5135bd0738a692b4d56f,3,384,1149,Java/assets/companions/rafiq/animations/npc_rafiq_model_up_left_idle_anim.frames,required-per-asset-metadata,review-required; not-authorized-for-deletion
DUP-0830,e0c18a6a8d48da87994c100bbb324c758d413e95f0fa5135bd0738a692b4d56f,3,384,1149,Java/assets/companions/rafiq/animations/npc_rafiq_model_up_left_walk_anim.frames,required-per-asset-metadata,review-required; not-authorized-for-deletion
DUP-0830,e0c18a6a8d48da87994c100bbb324c758d413e95f0fa5135bd0738a692b4d56f,3,384,1149,Java/assets/companions/rafiq/animations/npc_rafiq_model_up_right_idle_anim.frames,required-per-asset-metadata,review-required; not-authorized-for-deletion
DUP-0830,e0c18a6a8d48da87994c100bbb324c758d413e95f0fa5135bd0738a692b4d56f,3,384,1149,Java/assets/companions/rafiq/animations/npc_rafiq_model_up_right_walk_anim.frames,required-per-asset-metadata,review-required; not-authorized-for-deletion
DUP-0830,e0c18a6a8d48da87994c100bbb324c758d413e95f0fa5135bd0738a692b4d56f,3,384,1149,Java/assets/companions/rafiq/animations/npc_rafiq_model_up_walk_anim.frames,required-per-asset-metadata,review-required; not-authorized-for-deletion
DUP-0830,e0c18a6a8d48da87994c100bbb324c758d413e95f0fa5135bd0738a692b4d56f,3,384,1149,Java/assets/companions/samir/animations/npc_samir_model_down_idle_anim.frames,required-per-asset-metadata,review-required; not-authorized-for-deletion
DUP-0830,e0c18a6a8d48da87994c100bbb324c758d413e95f0fa5135bd0738a692b4d56f,3,384,1149,Java/assets/companions/samir/animations/npc_samir_model_down_left_idle_anim.frames,required-per-asset-metadata,review-required; not-authorized-for-deletion
DUP-0830,e0c18a6a8d48da87994c100bbb324c758d413e95f0fa5135bd0738a692b4d56f,3,384,1149,Java/assets/companions/samir/animations/npc_samir_model_down_left_walk_anim.frames,required-per-asset-metadata,review-required; not-authorized-for-deletion
DUP-0830,e0c18a6a8d48da87994c100bbb324c758d413e95f0fa5135bd0738a692b4d56f,3,384,1149,Java/assets/companions/samir/animations/npc_samir_model_down_right_idle_anim.frames,required-per-asset-metadata,review-required; not-authorized-for-deletion
DUP-0830,e0c18a6a8d48da87994c100bbb324c758d413e95f0fa5135bd0738a692b4d56f,3,384,1149,Java/assets/companions/samir/animations/npc_samir_model_down_right_walk_anim.frames,required-per-asset-metadata,review-required; not-authorized-for-deletion
DUP-0830,e0c18a6a8d48da87994c100bbb324c758d413e95f0fa5135bd0738a692b4d56f,3,384,1149,Java/assets/companions/samir/animations/npc_samir_model_down_walk_anim.frames,required-per-asset-metadata,review-required; not-authorized-for-deletion
DUP-0830,e0c18a6a8d48da87994c100bbb324c758d413e95f0fa5135bd0738a692b4d56f,3,384,1149,Java/assets/companions/samir/animations/npc_samir_model_left_idle_anim.frames,required-per-asset-metadata,review-required; not-authorized-for-deletion
DUP-0830,e0c18a6a8d48da87994c100bbb324c758d413e95f0fa5135bd0738a692b4d56f,3,384,1149,Java/assets/companions/samir/animations/npc_samir_model_left_walk_anim.frames,required-per-asset-metadata,review-required; not-authorized-for-deletion
DUP-0830,e0c18a6a8d48da87994c100bbb324c758d413e95f0fa5135bd0738a692b4d56f,3,384,1149,Java/assets/companions/samir/animations/npc_samir_model_right_idle_anim.frames,required-per-asset-metadata,review-required; not-authorized-for-deletion
DUP-0830,e0c18a6a8d48da87994c100bbb324c758d413e95f0fa5135bd0738a692b4d56f,3,384,1149,Java/assets/companions/samir/animations/npc_samir_model_right_walk_anim.frames,required-per-asset-metadata,review-required; not-authorized-for-deletion
DUP-0830,e0c18a6a8d48da87994c100bbb324c758d413e95f0fa5135bd0738a692b4d56f,3,384,1149,Java/assets/companions/samir/animations/npc_samir_model_up_idle_anim.frames,required-per-asset-metadata,review-required; not-authorized-for-deletion
DUP-0830,e0c18a6a8d48da87994c100bbb324c758d413e95f0fa5135bd0738a692b4d56f,3,384,1149,Java/assets/companions/samir/animations/npc_samir_model_up_left_idle_anim.frames,required-per-asset-metadata,review-required; not-authorized-for-deletion
DUP-0830,e0c18a6a8d48da87994c100bbb324c758d413e95f0fa5135bd0738a692b4d56f,3,384,1149,Java/assets/companions/samir/animations/npc_samir_model_up_left_walk_anim.frames,required-per-asset-metadata,review-required; not-authorized-for-deletion
DUP-0830,e0c18a6a8d48da87994c100bbb324c758d413e95f0fa5135bd0738a692b4d56f,3,384,1149,Java/assets/companions/samir/animations/npc_samir_model_up_right_idle_anim.frames,required-per-asset-metadata,review-required; not-authorized-for-deletion
DUP-0830,e0c18a6a8d48da87994c100bbb324c758d413e95f0fa5135bd0738a692b4d56f,3,384,1149,Java/assets/companions/samir/animations/npc_samir_model_up_right_walk_anim.frames,required-per-asset-metadata,review-required; not-authorized-for-deletion
DUP-0830,e0c18a6a8d48da87994c100bbb324c758d413e95f0fa5135bd0738a692b4d56f,3,384,1149,Java/assets/companions/samir/animations/npc_samir_model_up_walk_anim.frames,required-per-asset-metadata,review-required; not-authorized-for-deletion
DUP-0830,e0c18a6a8d48da87994c100bbb324c758d413e95f0fa5135bd0738a692b4d56f,3,384,1149,Java/assets/companions/seraphine/animations/npc_seraphine_model_down_idle_anim.frames,required-per-asset-metadata,review-required; not-authorized-for-deletion
DUP-0830,e0c18a6a8d48da87994c100bbb324c758d413e95f0fa5135bd0738a692b4d56f,3,384,1149,Java/assets/companions/seraphine/animations/npc_seraphine_model_down_left_idle_anim.frames,required-per-asset-metadata,review-required; not-authorized-for-deletion
DUP-0830,e0c18a6a8d48da87994c100bbb324c758d413e95f0fa5135bd0738a692b4d56f,3,384,1149,Java/assets/companions/seraphine/animations/npc_seraphine_model_down_left_walk_anim.frames,required-per-asset-metadata,review-required; not-authorized-for-deletion
DUP-0830,e0c18a6a8d48da87994c100bbb324c758d413e95f0fa5135bd0738a692b4d56f,3,384,1149,Java/assets/companions/seraphine/animations/npc_seraphine_model_down_right_idle_anim.frames,required-per-asset-metadata,review-required; not-authorized-for-deletion
DUP-0830,e0c18a6a8d48da87994c100bbb324c758d413e95f0fa5135bd0738a692b4d56f,3,384,1149,Java/assets/companions/seraphine/animations/npc_seraphine_model_down_right_walk_anim.frames,required-per-asset-metadata,review-required; not-authorized-for-deletion
DUP-0830,e0c18a6a8d48da87994c100bbb324c758d413e95f0fa5135bd0738a692b4d56f,3,384,1149,Java/assets/companions/seraphine/animations/npc_seraphine_model_down_walk_anim.frames,required-per-asset-metadata,review-required; not-authorized-for-deletion
DUP-0830,e0c18a6a8d48da87994c100bbb324c758d413e95f0fa5135bd0738a692b4d56f,3,384,1149,Java/assets/companions/seraphine/animations/npc_seraphine_model_left_idle_anim.frames,required-per-asset-metadata,review-required; not-authorized-for-deletion
DUP-0830,e0c18a6a8d48da87994c100bbb324c758d413e95f0fa5135bd0738a692b4d56f,3,384,1149,Java/assets/companions/seraphine/animations/npc_seraphine_model_left_walk_anim.frames,required-per-asset-metadata,review-required; not-authorized-for-deletion
DUP-0830,e0c18a6a8d48da87994c100bbb324c758d413e95f0fa5135bd0738a692b4d56f,3,384,1149,Java/assets/companions/seraphine/animations/npc_seraphine_model_right_idle_anim.frames,required-per-asset-metadata,review-required; not-authorized-for-deletion
DUP-0830,e0c18a6a8d48da87994c100bbb324c758d413e95f0fa5135bd0738a692b4d56f,3,384,1149,Java/assets/companions/seraphine/animations/npc_seraphine_model_right_walk_anim.frames,required-per-asset-metadata,review-required; not-authorized-for-deletion
DUP-0830,e0c18a6a8d48da87994c100bbb324c758d413e95f0fa5135bd0738a692b4d56f,3,384,1149,Java/assets/companions/seraphine/animations/npc_seraphine_model_up_idle_anim.frames,required-per-asset-metadata,review-required; not-authorized-for-deletion
DUP-0830,e0c18a6a8d48da87994c100bbb324c758d413e95f0fa5135bd0738a692b4d56f,3,384,1149,Java/assets/companions/seraphine/animations/npc_seraphine_model_up_left_idle_anim.frames,required-per-asset-metadata,review-required; not-authorized-for-deletion
DUP-0830,e0c18a6a8d48da87994c100bbb324c758d413e95f0fa5135bd0738a692b4d56f,3,384,1149,Java/assets/companions/seraphine/animations/npc_seraphine_model_up_left_walk_anim.frames,required-per-asset-metadata,review-required; not-authorized-for-deletion
DUP-0830,e0c18a6a8d48da87994c100bbb324c758d413e95f0fa5135bd0738a692b4d56f,3,384,1149,Java/assets/companions/seraphine/animations/npc_seraphine_model_up_right_idle_anim.frames,required-per-asset-metadata,review-required; not-authorized-for-deletion
DUP-0830,e0c18a6a8d48da87994c100bbb324c758d413e95f0fa5135bd0738a692b4d56f,3,384,1149,Java/assets/companions/seraphine/animations/npc_seraphine_model_up_right_walk_anim.frames,required-per-asset-metadata,review-required; not-authorized-for-deletion
DUP-0830,e0c18a6a8d48da87994c100bbb324c758d413e95f0fa5135bd0738a692b4d56f,3,384,1149,Java/assets/companions/seraphine/animations/npc_seraphine_model_up_walk_anim.frames,required-per-asset-metadata,review-required; not-authorized-for-deletion
DUP-0830,e0c18a6a8d48da87994c100bbb324c758d413e95f0fa5135bd0738a692b4d56f,3,384,1149,Java/assets/companions/vesper/animations/npc_vesper_model_down_idle_anim.frames,required-per-asset-metadata,review-required; not-authorized-for-deletion
DUP-0830,e0c18a6a8d48da87994c100bbb324c758d413e95f0fa5135bd0738a692b4d56f,3,384,1149,Java/assets/companions/vesper/animations/npc_vesper_model_down_left_idle_anim.frames,required-per-asset-metadata,review-required; not-authorized-for-deletion
DUP-0830,e0c18a6a8d48da87994c100bbb324c758d413e95f0fa5135bd0738a692b4d56f,3,384,1149,Java/assets/companions/vesper/animations/npc_vesper_model_down_left_walk_anim.frames,required-per-asset-metadata,review-required; not-authorized-for-deletion
DUP-0830,e0c18a6a8d48da87994c100bbb324c758d413e95f0fa5135bd0738a692b4d56f,3,384,1149,Java/assets/companions/vesper/animations/npc_vesper_model_down_right_idle_anim.frames,required-per-asset-metadata,review-required; not-authorized-for-deletion
DUP-0830,e0c18a6a8d48da87994c100bbb324c758d413e95f0fa5135bd0738a692b4d56f,3,384,1149,Java/assets/companions/vesper/animations/npc_vesper_model_down_right_walk_anim.frames,required-per-asset-metadata,review-required; not-authorized-for-deletion
DUP-0830,e0c18a6a8d48da87994c100bbb324c758d413e95f0fa5135bd0738a692b4d56f,3,384,1149,Java/assets/companions/vesper/animations/npc_vesper_model_down_walk_anim.frames,required-per-asset-metadata,review-required; not-authorized-for-deletion
DUP-0830,e0c18a6a8d48da87994c100bbb324c758d413e95f0fa5135bd0738a692b4d56f,3,384,1149,Java/assets/companions/vesper/animations/npc_vesper_model_left_idle_anim.frames,required-per-asset-metadata,review-required; not-authorized-for-deletion
DUP-0830,e0c18a6a8d48da87994c100bbb324c758d413e95f0fa5135bd0738a692b4d56f,3,384,1149,Java/assets/companions/vesper/animations/npc_vesper_model_left_walk_anim.frames,required-per-asset-metadata,review-required; not-authorized-for-deletion
DUP-0830,e0c18a6a8d48da87994c100bbb324c758d413e95f0fa5135bd0738a692b4d56f,3,384,1149,Java/assets/companions/vesper/animations/npc_vesper_model_right_idle_anim.frames,required-per-asset-metadata,review-required; not-authorized-for-deletion
DUP-0830,e0c18a6a8d48da87994c100bbb324c758d413e95f0fa5135bd0738a692b4d56f,3,384,1149,Java/assets/companions/vesper/animations/npc_vesper_model_right_walk_anim.frames,required-per-asset-metadata,review-required; not-authorized-for-deletion
DUP-0830,e0c18a6a8d48da87994c100bbb324c758d413e95f0fa5135bd0738a692b4d56f,3,384,1149,Java/assets/companions/vesper/animations/npc_vesper_model_up_idle_anim.frames,required-per-asset-metadata,review-required; not-authorized-for-deletion
DUP-0830,e0c18a6a8d48da87994c100bbb324c758d413e95f0fa5135bd0738a692b4d56f,3,384,1149,Java/assets/companions/vesper/animations/npc_vesper_model_up_left_idle_anim.frames,required-per-asset-metadata,review-required; not-authorized-for-deletion
DUP-0830,e0c18a6a8d48da87994c100bbb324c758d413e95f0fa5135bd0738a692b4d56f,3,384,1149,Java/assets/companions/vesper/animations/npc_vesper_model_up_left_walk_anim.frames,required-per-asset-metadata,review-required; not-authorized-for-deletion
DUP-0830,e0c18a6a8d48da87994c100bbb324c758d413e95f0fa5135bd0738a692b4d56f,3,384,1149,Java/assets/companions/vesper/animations/npc_vesper_model_up_right_idle_anim.frames,required-per-asset-metadata,review-required; not-authorized-for-deletion
DUP-0830,e0c18a6a8d48da87994c100bbb324c758d413e95f0fa5135bd0738a692b4d56f,3,384,1149,Java/assets/companions/vesper/animations/npc_vesper_model_up_right_walk_anim.frames,required-per-asset-metadata,review-required; not-authorized-for-deletion
DUP-0830,e0c18a6a8d48da87994c100bbb324c758d413e95f0fa5135bd0738a692b4d56f,3,384,1149,Java/assets/companions/vesper/animations/npc_vesper_model_up_walk_anim.frames,required-per-asset-metadata,review-required; not-authorized-for-deletion
DUP-0830,e0c18a6a8d48da87994c100bbb324c758d413e95f0fa5135bd0738a692b4d56f,3,384,1149,Java/assets/npcs/animations/npc_baker_model_down_walk_anim.frames,required-per-asset-metadata,review-required; not-authorized-for-deletion
DUP-0830,e0c18a6a8d48da87994c100bbb324c758d413e95f0fa5135bd0738a692b4d56f,3,384,1149,Java/assets/npcs/animations/npc_baker_model_left_walk_anim.frames,required-per-asset-metadata,review-required; not-authorized-for-deletion
DUP-0830,e0c18a6a8d48da87994c100bbb324c758d413e95f0fa5135bd0738a692b4d56f,3,384,1149,Java/assets/npcs/animations/npc_baker_model_right_walk_anim.frames,required-per-asset-metadata,review-required; not-authorized-for-deletion
DUP-0830,e0c18a6a8d48da87994c100bbb324c758d413e95f0fa5135bd0738a692b4d56f,3,384,1149,Java/assets/npcs/animations/npc_baker_model_up_walk_anim.frames,required-per-asset-metadata,review-required; not-authorized-for-deletion
DUP-0830,e0c18a6a8d48da87994c100bbb324c758d413e95f0fa5135bd0738a692b4d56f,3,384,1149,Java/assets/npcs/animations/npc_bartender_model_down_walk_anim.frames,required-per-asset-metadata,review-required; not-authorized-for-deletion
DUP-0830,e0c18a6a8d48da87994c100bbb324c758d413e95f0fa5135bd0738a692b4d56f,3,384,1149,Java/assets/npcs/animations/npc_bartender_model_left_walk_anim.frames,required-per-asset-metadata,review-required; not-authorized-for-deletion
DUP-0830,e0c18a6a8d48da87994c100bbb324c758d413e95f0fa5135bd0738a692b4d56f,3,384,1149,Java/assets/npcs/animations/npc_bartender_model_right_walk_anim.frames,required-per-asset-metadata,review-required; not-authorized-for-deletion
DUP-0830,e0c18a6a8d48da87994c100bbb324c758d413e95f0fa5135bd0738a692b4d56f,3,384,1149,Java/assets/npcs/animations/npc_bartender_model_up_walk_anim.frames,required-per-asset-metadata,review-required; not-authorized-for-deletion
DUP-0830,e0c18a6a8d48da87994c100bbb324c758d413e95f0fa5135bd0738a692b4d56f,3,384,1149,Java/assets/npcs/animations/npc_blacksmith_model_down_walk_anim.frames,required-per-asset-metadata,review-required; not-authorized-for-deletion
DUP-0830,e0c18a6a8d48da87994c100bbb324c758d413e95f0fa5135bd0738a692b4d56f,3,384,1149,Java/assets/npcs/animations/npc_blacksmith_model_left_walk_anim.frames,required-per-asset-metadata,review-required; not-authorized-for-deletion
DUP-0830,e0c18a6a8d48da87994c100bbb324c758d413e95f0fa5135bd0738a692b4d56f,3,384,1149,Java/assets/npcs/animations/npc_blacksmith_model_right_walk_anim.frames,required-per-asset-metadata,review-required; not-authorized-for-deletion
DUP-0830,e0c18a6a8d48da87994c100bbb324c758d413e95f0fa5135bd0738a692b4d56f,3,384,1149,Java/assets/npcs/animations/npc_blacksmith_model_up_walk_anim.frames,required-per-asset-metadata,review-required; not-authorized-for-deletion
DUP-0830,e0c18a6a8d48da87994c100bbb324c758d413e95f0fa5135bd0738a692b4d56f,3,384,1149,Java/assets/npcs/animations/npc_citizen_man_model_down_walk_anim.frames,required-per-asset-metadata,review-required; not-authorized-for-deletion
DUP-0830,e0c18a6a8d48da87994c100bbb324c758d413e95f0fa5135bd0738a692b4d56f,3,384,1149,Java/assets/npcs/animations/npc_citizen_man_model_left_walk_anim.frames,required-per-asset-metadata,review-required; not-authorized-for-deletion
DUP-0830,e0c18a6a8d48da87994c100bbb324c758d413e95f0fa5135bd0738a692b4d56f,3,384,1149,Java/assets/npcs/animations/npc_citizen_man_model_right_walk_anim.frames,required-per-asset-metadata,review-required; not-authorized-for-deletion
DUP-0830,e0c18a6a8d48da87994c100bbb324c758d413e95f0fa5135bd0738a692b4d56f,3,384,1149,Java/assets/npcs/animations/npc_citizen_man_model_up_walk_anim.frames,required-per-asset-metadata,review-required; not-authorized-for-deletion
DUP-0830,e0c18a6a8d48da87994c100bbb324c758d413e95f0fa5135bd0738a692b4d56f,3,384,1149,Java/assets/npcs/animations/npc_citizen_woman_model_down_walk_anim.frames,required-per-asset-metadata,review-required; not-authorized-for-deletion
DUP-0830,e0c18a6a8d48da87994c100bbb324c758d413e95f0fa5135bd0738a692b4d56f,3,384,1149,Java/assets/npcs/animations/npc_citizen_woman_model_left_walk_anim.frames,required-per-asset-metadata,review-required; not-authorized-for-deletion
DUP-0830,e0c18a6a8d48da87994c100bbb324c758d413e95f0fa5135bd0738a692b4d56f,3,384,1149,Java/assets/npcs/animations/npc_citizen_woman_model_right_walk_anim.frames,required-per-asset-metadata,review-required; not-authorized-for-deletion
DUP-0830,e0c18a6a8d48da87994c100bbb324c758d413e95f0fa5135bd0738a692b4d56f,3,384,1149,Java/assets/npcs/animations/npc_citizen_woman_model_up_walk_anim.frames,required-per-asset-metadata,review-required; not-authorized-for-deletion
DUP-0830,e0c18a6a8d48da87994c100bbb324c758d413e95f0fa5135bd0738a692b4d56f,3,384,1149,Java/assets/npcs/animations/npc_elowen_model_down_walk_anim.frames,required-per-asset-metadata,review-required; not-authorized-for-deletion
DUP-0830,e0c18a6a8d48da87994c100bbb324c758d413e95f0fa5135bd0738a692b4d56f,3,384,1149,Java/assets/npcs/animations/npc_elowen_model_left_walk_anim.frames,required-per-asset-metadata,review-required; not-authorized-for-deletion
DUP-0830,e0c18a6a8d48da87994c100bbb324c758d413e95f0fa5135bd0738a692b4d56f,3,384,1149,Java/assets/npcs/animations/npc_elowen_model_right_walk_anim.frames,required-per-asset-metadata,review-required; not-authorized-for-deletion
DUP-0830,e0c18a6a8d48da87994c100bbb324c758d413e95f0fa5135bd0738a692b4d56f,3,384,1149,Java/assets/npcs/animations/npc_elowen_model_up_walk_anim.frames,required-per-asset-metadata,review-required; not-authorized-for-deletion
DUP-0830,e0c18a6a8d48da87994c100bbb324c758d413e95f0fa5135bd0738a692b4d56f,3,384,1149,Java/assets/npcs/animations/npc_garruk_model_down_walk_anim.frames,required-per-asset-metadata,review-required; not-authorized-for-deletion
DUP-0830,e0c18a6a8d48da87994c100bbb324c758d413e95f0fa5135bd0738a692b4d56f,3,384,1149,Java/assets/npcs/animations/npc_garruk_model_left_walk_anim.frames,required-per-asset-metadata,review-required; not-authorized-for-deletion
DUP-0830,e0c18a6a8d48da87994c100bbb324c758d413e95f0fa5135bd0738a692b4d56f,3,384,1149,Java/assets/npcs/animations/npc_garruk_model_right_walk_anim.frames,required-per-asset-metadata,review-required; not-authorized-for-deletion
DUP-0830,e0c18a6a8d48da87994c100bbb324c758d413e95f0fa5135bd0738a692b4d56f,3,384,1149,Java/assets/npcs/animations/npc_garruk_model_up_walk_anim.frames,required-per-asset-metadata,review-required; not-authorized-for-deletion
DUP-0830,e0c18a6a8d48da87994c100bbb324c758d413e95f0fa5135bd0738a692b4d56f,3,384,1149,Java/assets/npcs/animations/npc_innkeeper_model_down_walk_anim.frames,required-per-asset-metadata,review-required; not-authorized-for-deletion
DUP-0830,e0c18a6a8d48da87994c100bbb324c758d413e95f0fa5135bd0738a692b4d56f,3,384,1149,Java/assets/npcs/animations/npc_innkeeper_model_left_walk_anim.frames,required-per-asset-metadata,review-required; not-authorized-for-deletion
DUP-0830,e0c18a6a8d48da87994c100bbb324c758d413e95f0fa5135bd0738a692b4d56f,3,384,1149,Java/assets/npcs/animations/npc_innkeeper_model_right_walk_anim.frames,required-per-asset-metadata,review-required; not-authorized-for-deletion
DUP-0830,e0c18a6a8d48da87994c100bbb324c758d413e95f0fa5135bd0738a692b4d56f,3,384,1149,Java/assets/npcs/animations/npc_innkeeper_model_up_walk_anim.frames,required-per-asset-metadata,review-required; not-authorized-for-deletion
DUP-0830,e0c18a6a8d48da87994c100bbb324c758d413e95f0fa5135bd0738a692b4d56f,3,384,1149,Java/assets/npcs/animations/npc_kael_model_down_walk_anim.frames,required-per-asset-metadata,review-required; not-authorized-for-deletion
DUP-0830,e0c18a6a8d48da87994c100bbb324c758d413e95f0fa5135bd0738a692b4d56f,3,384,1149,Java/assets/npcs/animations/npc_kael_model_left_walk_anim.frames,required-per-asset-metadata,review-required; not-authorized-for-deletion
DUP-0830,e0c18a6a8d48da87994c100bbb324c758d413e95f0fa5135bd0738a692b4d56f,3,384,1149,Java/assets/npcs/animations/npc_kael_model_right_walk_anim.frames,required-per-asset-metadata,review-required; not-authorized-for-deletion
DUP-0830,e0c18a6a8d48da87994c100bbb324c758d413e95f0fa5135bd0738a692b4d56f,3,384,1149,Java/assets/npcs/animations/npc_kael_model_up_walk_anim.frames,required-per-asset-metadata,review-required; not-authorized-for-deletion
DUP-0830,e0c18a6a8d48da87994c100bbb324c758d413e95f0fa5135bd0738a692b4d56f,3,384,1149,Java/assets/npcs/animations/npc_liora_model_down_walk_anim.frames,required-per-asset-metadata,review-required; not-authorized-for-deletion
DUP-0830,e0c18a6a8d48da87994c100bbb324c758d413e95f0fa5135bd0738a692b4d56f,3,384,1149,Java/assets/npcs/animations/npc_liora_model_left_walk_anim.frames,required-per-asset-metadata,review-required; not-authorized-for-deletion
DUP-0830,e0c18a6a8d48da87994c100bbb324c758d413e95f0fa5135bd0738a692b4d56f,3,384,1149,Java/assets/npcs/animations/npc_liora_model_right_walk_anim.frames,required-per-asset-metadata,review-required; not-authorized-for-deletion
DUP-0830,e0c18a6a8d48da87994c100bbb324c758d413e95f0fa5135bd0738a692b4d56f,3,384,1149,Java/assets/npcs/animations/npc_liora_model_up_walk_anim.frames,required-per-asset-metadata,review-required; not-authorized-for-deletion
DUP-0830,e0c18a6a8d48da87994c100bbb324c758d413e95f0fa5135bd0738a692b4d56f,3,384,1149,Java/assets/npcs/animations/npc_marla_model_down_walk_anim.frames,required-per-asset-metadata,review-required; not-authorized-for-deletion
DUP-0830,e0c18a6a8d48da87994c100bbb324c758d413e95f0fa5135bd0738a692b4d56f,3,384,1149,Java/assets/npcs/animations/npc_marla_model_left_walk_anim.frames,required-per-asset-metadata,review-required; not-authorized-for-deletion
DUP-0830,e0c18a6a8d48da87994c100bbb324c758d413e95f0fa5135bd0738a692b4d56f,3,384,1149,Java/assets/npcs/animations/npc_marla_model_right_walk_anim.frames,required-per-asset-metadata,review-required; not-authorized-for-deletion
DUP-0830,e0c18a6a8d48da87994c100bbb324c758d413e95f0fa5135bd0738a692b4d56f,3,384,1149,Java/assets/npcs/animations/npc_marla_model_up_walk_anim.frames,required-per-asset-metadata,review-required; not-authorized-for-deletion
DUP-0830,e0c18a6a8d48da87994c100bbb324c758d413e95f0fa5135bd0738a692b4d56f,3,384,1149,Java/assets/npcs/animations/npc_merchant_model_down_walk_anim.frames,required-per-asset-metadata,review-required; not-authorized-for-deletion
DUP-0830,e0c18a6a8d48da87994c100bbb324c758d413e95f0fa5135bd0738a692b4d56f,3,384,1149,Java/assets/npcs/animations/npc_merchant_model_left_walk_anim.frames,required-per-asset-metadata,review-required; not-authorized-for-deletion
DUP-0830,e0c18a6a8d48da87994c100bbb324c758d413e95f0fa5135bd0738a692b4d56f,3,384,1149,Java/assets/npcs/animations/npc_merchant_model_right_walk_anim.frames,required-per-asset-metadata,review-required; not-authorized-for-deletion
DUP-0830,e0c18a6a8d48da87994c100bbb324c758d413e95f0fa5135bd0738a692b4d56f,3,384,1149,Java/assets/npcs/animations/npc_merchant_model_up_walk_anim.frames,required-per-asset-metadata,review-required; not-authorized-for-deletion
DUP-0830,e0c18a6a8d48da87994c100bbb324c758d413e95f0fa5135bd0738a692b4d56f,3,384,1149,Java/assets/npcs/animations/npc_mira_sunwarden_model_down_walk_anim.frames,required-per-asset-metadata,review-required; not-authorized-for-deletion
DUP-0830,e0c18a6a8d48da87994c100bbb324c758d413e95f0fa5135bd0738a692b4d56f,3,384,1149,Java/assets/npcs/animations/npc_mira_sunwarden_model_left_walk_anim.frames,required-per-asset-metadata,review-required; not-authorized-for-deletion
DUP-0830,e0c18a6a8d48da87994c100bbb324c758d413e95f0fa5135bd0738a692b4d56f,3,384,1149,Java/assets/npcs/animations/npc_mira_sunwarden_model_right_walk_anim.frames,required-per-asset-metadata,review-required; not-authorized-for-deletion
DUP-0830,e0c18a6a8d48da87994c100bbb324c758d413e95f0fa5135bd0738a692b4d56f,3,384,1149,Java/assets/npcs/animations/npc_mira_sunwarden_model_up_walk_anim.frames,required-per-asset-metadata,review-required; not-authorized-for-deletion
DUP-0830,e0c18a6a8d48da87994c100bbb324c758d413e95f0fa5135bd0738a692b4d56f,3,384,1149,Java/assets/npcs/animations/npc_nyx_model_down_walk_anim.frames,required-per-asset-metadata,review-required; not-authorized-for-deletion
DUP-0830,e0c18a6a8d48da87994c100bbb324c758d413e95f0fa5135bd0738a692b4d56f,3,384,1149,Java/assets/npcs/animations/npc_nyx_model_left_walk_anim.frames,required-per-asset-metadata,review-required; not-authorized-for-deletion
DUP-0830,e0c18a6a8d48da87994c100bbb324c758d413e95f0fa5135bd0738a692b4d56f,3,384,1149,Java/assets/npcs/animations/npc_nyx_model_right_walk_anim.frames,required-per-asset-metadata,review-required; not-authorized-for-deletion
DUP-0830,e0c18a6a8d48da87994c100bbb324c758d413e95f0fa5135bd0738a692b4d56f,3,384,1149,Java/assets/npcs/animations/npc_nyx_model_up_walk_anim.frames,required-per-asset-metadata,review-required; not-authorized-for-deletion
DUP-0830,e0c18a6a8d48da87994c100bbb324c758d413e95f0fa5135bd0738a692b4d56f,3,384,1149,Java/assets/npcs/animations/npc_orin_model_down_walk_anim.frames,required-per-asset-metadata,review-required; not-authorized-for-deletion
DUP-0830,e0c18a6a8d48da87994c100bbb324c758d413e95f0fa5135bd0738a692b4d56f,3,384,1149,Java/assets/npcs/animations/npc_orin_model_left_walk_anim.frames,required-per-asset-metadata,review-required; not-authorized-for-deletion
DUP-0830,e0c18a6a8d48da87994c100bbb324c758d413e95f0fa5135bd0738a692b4d56f,3,384,1149,Java/assets/npcs/animations/npc_orin_model_right_walk_anim.frames,required-per-asset-metadata,review-required; not-authorized-for-deletion
DUP-0830,e0c18a6a8d48da87994c100bbb324c758d413e95f0fa5135bd0738a692b4d56f,3,384,1149,Java/assets/npcs/animations/npc_orin_model_up_walk_anim.frames,required-per-asset-metadata,review-required; not-authorized-for-deletion
DUP-0830,e0c18a6a8d48da87994c100bbb324c758d413e95f0fa5135bd0738a692b4d56f,3,384,1149,Java/assets/npcs/animations/npc_quartermaster_model_down_walk_anim.frames,required-per-asset-metadata,review-required; not-authorized-for-deletion
DUP-0830,e0c18a6a8d48da87994c100bbb324c758d413e95f0fa5135bd0738a692b4d56f,3,384,1149,Java/assets/npcs/animations/npc_quartermaster_model_left_walk_anim.frames,required-per-asset-metadata,review-required; not-authorized-for-deletion
DUP-0830,e0c18a6a8d48da87994c100bbb324c758d413e95f0fa5135bd0738a692b4d56f,3,384,1149,Java/assets/npcs/animations/npc_quartermaster_model_right_walk_anim.frames,required-per-asset-metadata,review-required; not-authorized-for-deletion
DUP-0830,e0c18a6a8d48da87994c100bbb324c758d413e95f0fa5135bd0738a692b4d56f,3,384,1149,Java/assets/npcs/animations/npc_quartermaster_model_up_walk_anim.frames,required-per-asset-metadata,review-required; not-authorized-for-deletion
DUP-0830,e0c18a6a8d48da87994c100bbb324c758d413e95f0fa5135bd0738a692b4d56f,3,384,1149,Java/assets/npcs/animations/npc_ren_model_down_walk_anim.frames,required-per-asset-metadata,review-required; not-authorized-for-deletion
DUP-0830,e0c18a6a8d48da87994c100bbb324c758d413e95f0fa5135bd0738a692b4d56f,3,384,1149,Java/assets/npcs/animations/npc_ren_model_left_walk_anim.frames,required-per-asset-metadata,review-required; not-authorized-for-deletion
DUP-0830,e0c18a6a8d48da87994c100bbb324c758d413e95f0fa5135bd0738a692b4d56f,3,384,1149,Java/assets/npcs/animations/npc_ren_model_right_walk_anim.frames,required-per-asset-metadata,review-required; not-authorized-for-deletion
DUP-0830,e0c18a6a8d48da87994c100bbb324c758d413e95f0fa5135bd0738a692b4d56f,3,384,1149,Java/assets/npcs/animations/npc_ren_model_up_walk_anim.frames,required-per-asset-metadata,review-required; not-authorized-for-deletion
DUP-0830,e0c18a6a8d48da87994c100bbb324c758d413e95f0fa5135bd0738a692b4d56f,3,384,1149,Java/assets/npcs/animations/npc_rowan_model_down_walk_anim.frames,required-per-asset-metadata,review-required; not-authorized-for-deletion
DUP-0830,e0c18a6a8d48da87994c100bbb324c758d413e95f0fa5135bd0738a692b4d56f,3,384,1149,Java/assets/npcs/animations/npc_rowan_model_left_walk_anim.frames,required-per-asset-metadata,review-required; not-authorized-for-deletion
DUP-0830,e0c18a6a8d48da87994c100bbb324c758d413e95f0fa5135bd0738a692b4d56f,3,384,1149,Java/assets/npcs/animations/npc_rowan_model_right_walk_anim.frames,required-per-asset-metadata,review-required; not-authorized-for-deletion
DUP-0830,e0c18a6a8d48da87994c100bbb324c758d413e95f0fa5135bd0738a692b4d56f,3,384,1149,Java/assets/npcs/animations/npc_rowan_model_up_walk_anim.frames,required-per-asset-metadata,review-required; not-authorized-for-deletion
DUP-0830,e0c18a6a8d48da87994c100bbb324c758d413e95f0fa5135bd0738a692b4d56f,3,384,1149,Java/assets/npcs/animations/npc_sable_model_down_walk_anim.frames,required-per-asset-metadata,review-required; not-authorized-for-deletion
DUP-0830,e0c18a6a8d48da87994c100bbb324c758d413e95f0fa5135bd0738a692b4d56f,3,384,1149,Java/assets/npcs/animations/npc_sable_model_left_walk_anim.frames,required-per-asset-metadata,review-required; not-authorized-for-deletion
DUP-0830,e0c18a6a8d48da87994c100bbb324c758d413e95f0fa5135bd0738a692b4d56f,3,384,1149,Java/assets/npcs/animations/npc_sable_model_right_walk_anim.frames,required-per-asset-metadata,review-required; not-authorized-for-deletion
DUP-0830,e0c18a6a8d48da87994c100bbb324c758d413e95f0fa5135bd0738a692b4d56f,3,384,1149,Java/assets/npcs/animations/npc_sable_model_up_walk_anim.frames,required-per-asset-metadata,review-required; not-authorized-for-deletion
DUP-0830,e0c18a6a8d48da87994c100bbb324c758d413e95f0fa5135bd0738a692b4d56f,3,384,1149,Java/assets/npcs/animations/npc_torin_model_down_walk_anim.frames,required-per-asset-metadata,review-required; not-authorized-for-deletion
DUP-0830,e0c18a6a8d48da87994c100bbb324c758d413e95f0fa5135bd0738a692b4d56f,3,384,1149,Java/assets/npcs/animations/npc_torin_model_left_walk_anim.frames,required-per-asset-metadata,review-required; not-authorized-for-deletion
DUP-0830,e0c18a6a8d48da87994c100bbb324c758d413e95f0fa5135bd0738a692b4d56f,3,384,1149,Java/assets/npcs/animations/npc_torin_model_right_walk_anim.frames,required-per-asset-metadata,review-required; not-authorized-for-deletion
DUP-0830,e0c18a6a8d48da87994c100bbb324c758d413e95f0fa5135bd0738a692b4d56f,3,384,1149,Java/assets/npcs/animations/npc_torin_model_up_walk_anim.frames,required-per-asset-metadata,review-required; not-authorized-for-deletion
DUP-0830,e0c18a6a8d48da87994c100bbb324c758d413e95f0fa5135bd0738a692b4d56f,3,384,1149,Java/assets/npcs/animations/npc_vexa_model_down_walk_anim.frames,required-per-asset-metadata,review-required; not-authorized-for-deletion
DUP-0830,e0c18a6a8d48da87994c100bbb324c758d413e95f0fa5135bd0738a692b4d56f,3,384,1149,Java/assets/npcs/animations/npc_vexa_model_left_walk_anim.frames,required-per-asset-metadata,review-required; not-authorized-for-deletion
DUP-0830,e0c18a6a8d48da87994c100bbb324c758d413e95f0fa5135bd0738a692b4d56f,3,384,1149,Java/assets/npcs/animations/npc_vexa_model_right_walk_anim.frames,required-per-asset-metadata,review-required; not-authorized-for-deletion
DUP-0830,e0c18a6a8d48da87994c100bbb324c758d413e95f0fa5135bd0738a692b4d56f,3,384,1149,Java/assets/npcs/animations/npc_vexa_model_up_walk_anim.frames,required-per-asset-metadata,review-required; not-authorized-for-deletion
DUP-0830,e0c18a6a8d48da87994c100bbb324c758d413e95f0fa5135bd0738a692b4d56f,3,384,1149,Java/assets/player/base/animations/player_model_down_idle_anim.frames,required-per-asset-metadata,review-required; not-authorized-for-deletion
DUP-0830,e0c18a6a8d48da87994c100bbb324c758d413e95f0fa5135bd0738a692b4d56f,3,384,1149,Java/assets/player/base/animations/player_model_down_left_idle_anim.frames,required-per-asset-metadata,review-required; not-authorized-for-deletion
DUP-0830,e0c18a6a8d48da87994c100bbb324c758d413e95f0fa5135bd0738a692b4d56f,3,384,1149,Java/assets/player/base/animations/player_model_down_right_idle_anim.frames,required-per-asset-metadata,review-required; not-authorized-for-deletion
DUP-0830,e0c18a6a8d48da87994c100bbb324c758d413e95f0fa5135bd0738a692b4d56f,3,384,1149,Java/assets/player/base/animations/player_model_left_idle_anim.frames,required-per-asset-metadata,review-required; not-authorized-for-deletion
DUP-0830,e0c18a6a8d48da87994c100bbb324c758d413e95f0fa5135bd0738a692b4d56f,3,384,1149,Java/assets/player/base/animations/player_model_right_idle_anim.frames,required-per-asset-metadata,review-required; not-authorized-for-deletion
DUP-0830,e0c18a6a8d48da87994c100bbb324c758d413e95f0fa5135bd0738a692b4d56f,3,384,1149,Java/assets/player/base/animations/player_model_up_idle_anim.frames,required-per-asset-metadata,review-required; not-authorized-for-deletion
DUP-0830,e0c18a6a8d48da87994c100bbb324c758d413e95f0fa5135bd0738a692b4d56f,3,384,1149,Java/assets/player/base/animations/player_model_up_left_idle_anim.frames,required-per-asset-metadata,review-required; not-authorized-for-deletion
DUP-0830,e0c18a6a8d48da87994c100bbb324c758d413e95f0fa5135bd0738a692b4d56f,3,384,1149,Java/assets/player/base/animations/player_model_up_right_idle_anim.frames,required-per-asset-metadata,review-required; not-authorized-for-deletion
DUP-0830,e0c18a6a8d48da87994c100bbb324c758d413e95f0fa5135bd0738a692b4d56f,3,384,1149,Java/assets/player/classes/cleric/animations/class_cleric_model_down_idle_anim.frames,required-per-asset-metadata,review-required; not-authorized-for-deletion
DUP-0830,e0c18a6a8d48da87994c100bbb324c758d413e95f0fa5135bd0738a692b4d56f,3,384,1149,Java/assets/player/classes/cleric/animations/class_cleric_model_down_left_idle_anim.frames,required-per-asset-metadata,review-required; not-authorized-for-deletion
DUP-0830,e0c18a6a8d48da87994c100bbb324c758d413e95f0fa5135bd0738a692b4d56f,3,384,1149,Java/assets/player/classes/cleric/animations/class_cleric_model_down_right_idle_anim.frames,required-per-asset-metadata,review-required; not-authorized-for-deletion
DUP-0830,e0c18a6a8d48da87994c100bbb324c758d413e95f0fa5135bd0738a692b4d56f,3,384,1149,Java/assets/player/classes/cleric/animations/class_cleric_model_left_idle_anim.frames,required-per-asset-metadata,review-required; not-authorized-for-deletion
DUP-0830,e0c18a6a8d48da87994c100bbb324c758d413e95f0fa5135bd0738a692b4d56f,3,384,1149,Java/assets/player/classes/cleric/animations/class_cleric_model_right_idle_anim.frames,required-per-asset-metadata,review-required; not-authorized-for-deletion
DUP-0830,e0c18a6a8d48da87994c100bbb324c758d413e95f0fa5135bd0738a692b4d56f,3,384,1149,Java/assets/player/classes/cleric/animations/class_cleric_model_up_idle_anim.frames,required-per-asset-metadata,review-required; not-authorized-for-deletion
DUP-0830,e0c18a6a8d48da87994c100bbb324c758d413e95f0fa5135bd0738a692b4d56f,3,384,1149,Java/assets/player/classes/cleric/animations/class_cleric_model_up_left_idle_anim.frames,required-per-asset-metadata,review-required; not-authorized-for-deletion
DUP-0830,e0c18a6a8d48da87994c100bbb324c758d413e95f0fa5135bd0738a692b4d56f,3,384,1149,Java/assets/player/classes/cleric/animations/class_cleric_model_up_right_idle_anim.frames,required-per-asset-metadata,review-required; not-authorized-for-deletion
DUP-0830,e0c18a6a8d48da87994c100bbb324c758d413e95f0fa5135bd0738a692b4d56f,3,384,1149,Java/assets/player/classes/knight/animations/class_knight_model_down_idle_anim.frames,required-per-asset-metadata,review-required; not-authorized-for-deletion
DUP-0830,e0c18a6a8d48da87994c100bbb324c758d413e95f0fa5135bd0738a692b4d56f,3,384,1149,Java/assets/player/classes/knight/animations/class_knight_model_down_left_idle_anim.frames,required-per-asset-metadata,review-required; not-authorized-for-deletion
DUP-0830,e0c18a6a8d48da87994c100bbb324c758d413e95f0fa5135bd0738a692b4d56f,3,384,1149,Java/assets/player/classes/knight/animations/class_knight_model_down_right_idle_anim.frames,required-per-asset-metadata,review-required; not-authorized-for-deletion
DUP-0830,e0c18a6a8d48da87994c100bbb324c758d413e95f0fa5135bd0738a692b4d56f,3,384,1149,Java/assets/player/classes/knight/animations/class_knight_model_left_idle_anim.frames,required-per-asset-metadata,review-required; not-authorized-for-deletion
DUP-0830,e0c18a6a8d48da87994c100bbb324c758d413e95f0fa5135bd0738a692b4d56f,3,384,1149,Java/assets/player/classes/knight/animations/class_knight_model_right_idle_anim.frames,required-per-asset-metadata,review-required; not-authorized-for-deletion
DUP-0830,e0c18a6a8d48da87994c100bbb324c758d413e95f0fa5135bd0738a692b4d56f,3,384,1149,Java/assets/player/classes/knight/animations/class_knight_model_up_idle_anim.frames,required-per-asset-metadata,review-required; not-authorized-for-deletion
DUP-0830,e0c18a6a8d48da87994c100bbb324c758d413e95f0fa5135bd0738a692b4d56f,3,384,1149,Java/assets/player/classes/knight/animations/class_knight_model_up_left_idle_anim.frames,required-per-asset-metadata,review-required; not-authorized-for-deletion
DUP-0830,e0c18a6a8d48da87994c100bbb324c758d413e95f0fa5135bd0738a692b4d56f,3,384,1149,Java/assets/player/classes/knight/animations/class_knight_model_up_right_idle_anim.frames,required-per-asset-metadata,review-required; not-authorized-for-deletion
DUP-0830,e0c18a6a8d48da87994c100bbb324c758d413e95f0fa5135bd0738a692b4d56f,3,384,1149,Java/assets/player/classes/mage/animations/class_mage_model_down_idle_anim.frames,required-per-asset-metadata,review-required; not-authorized-for-deletion
DUP-0830,e0c18a6a8d48da87994c100bbb324c758d413e95f0fa5135bd0738a692b4d56f,3,384,1149,Java/assets/player/classes/mage/animations/class_mage_model_down_left_idle_anim.frames,required-per-asset-metadata,review-required; not-authorized-for-deletion
DUP-0830,e0c18a6a8d48da87994c100bbb324c758d413e95f0fa5135bd0738a692b4d56f,3,384,1149,Java/assets/player/classes/mage/animations/class_mage_model_down_right_idle_anim.frames,required-per-asset-metadata,review-required; not-authorized-for-deletion
DUP-0830,e0c18a6a8d48da87994c100bbb324c758d413e95f0fa5135bd0738a692b4d56f,3,384,1149,Java/assets/player/classes/mage/animations/class_mage_model_left_idle_anim.frames,required-per-asset-metadata,review-required; not-authorized-for-deletion
DUP-0830,e0c18a6a8d48da87994c100bbb324c758d413e95f0fa5135bd0738a692b4d56f,3,384,1149,Java/assets/player/classes/mage/animations/class_mage_model_right_idle_anim.frames,required-per-asset-metadata,review-required; not-authorized-for-deletion
DUP-0830,e0c18a6a8d48da87994c100bbb324c758d413e95f0fa5135bd0738a692b4d56f,3,384,1149,Java/assets/player/classes/mage/animations/class_mage_model_up_idle_anim.frames,required-per-asset-metadata,review-required; not-authorized-for-deletion
DUP-0830,e0c18a6a8d48da87994c100bbb324c758d413e95f0fa5135bd0738a692b4d56f,3,384,1149,Java/assets/player/classes/mage/animations/class_mage_model_up_left_idle_anim.frames,required-per-asset-metadata,review-required; not-authorized-for-deletion
DUP-0830,e0c18a6a8d48da87994c100bbb324c758d413e95f0fa5135bd0738a692b4d56f,3,384,1149,Java/assets/player/classes/mage/animations/class_mage_model_up_right_idle_anim.frames,required-per-asset-metadata,review-required; not-authorized-for-deletion
DUP-0830,e0c18a6a8d48da87994c100bbb324c758d413e95f0fa5135bd0738a692b4d56f,3,384,1149,Java/assets/player/classes/ranger/animations/class_ranger_model_down_idle_anim.frames,required-per-asset-metadata,review-required; not-authorized-for-deletion
DUP-0830,e0c18a6a8d48da87994c100bbb324c758d413e95f0fa5135bd0738a692b4d56f,3,384,1149,Java/assets/player/classes/ranger/animations/class_ranger_model_down_left_idle_anim.frames,required-per-asset-metadata,review-required; not-authorized-for-deletion
DUP-0830,e0c18a6a8d48da87994c100bbb324c758d413e95f0fa5135bd0738a692b4d56f,3,384,1149,Java/assets/player/classes/ranger/animations/class_ranger_model_down_right_idle_anim.frames,required-per-asset-metadata,review-required; not-authorized-for-deletion
DUP-0830,e0c18a6a8d48da87994c100bbb324c758d413e95f0fa5135bd0738a692b4d56f,3,384,1149,Java/assets/player/classes/ranger/animations/class_ranger_model_left_idle_anim.frames,required-per-asset-metadata,review-required; not-authorized-for-deletion
DUP-0830,e0c18a6a8d48da87994c100bbb324c758d413e95f0fa5135bd0738a692b4d56f,3,384,1149,Java/assets/player/classes/ranger/animations/class_ranger_model_right_idle_anim.frames,required-per-asset-metadata,review-required; not-authorized-for-deletion
DUP-0830,e0c18a6a8d48da87994c100bbb324c758d413e95f0fa5135bd0738a692b4d56f,3,384,1149,Java/assets/player/classes/ranger/animations/class_ranger_model_up_idle_anim.frames,required-per-asset-metadata,review-required; not-authorized-for-deletion
DUP-0830,e0c18a6a8d48da87994c100bbb324c758d413e95f0fa5135bd0738a692b4d56f,3,384,1149,Java/assets/player/classes/ranger/animations/class_ranger_model_up_left_idle_anim.frames,required-per-asset-metadata,review-required; not-authorized-for-deletion
DUP-0830,e0c18a6a8d48da87994c100bbb324c758d413e95f0fa5135bd0738a692b4d56f,3,384,1149,Java/assets/player/classes/ranger/animations/class_ranger_model_up_right_idle_anim.frames,required-per-asset-metadata,review-required; not-authorized-for-deletion
DUP-0830,e0c18a6a8d48da87994c100bbb324c758d413e95f0fa5135bd0738a692b4d56f,3,384,1149,Java/assets/player/classes/rogue/animations/class_rogue_model_down_idle_anim.frames,required-per-asset-metadata,review-required; not-authorized-for-deletion
DUP-0830,e0c18a6a8d48da87994c100bbb324c758d413e95f0fa5135bd0738a692b4d56f,3,384,1149,Java/assets/player/classes/rogue/animations/class_rogue_model_down_left_idle_anim.frames,required-per-asset-metadata,review-required; not-authorized-for-deletion
DUP-0830,e0c18a6a8d48da87994c100bbb324c758d413e95f0fa5135bd0738a692b4d56f,3,384,1149,Java/assets/player/classes/rogue/animations/class_rogue_model_down_right_idle_anim.frames,required-per-asset-metadata,review-required; not-authorized-for-deletion
DUP-0830,e0c18a6a8d48da87994c100bbb324c758d413e95f0fa5135bd0738a692b4d56f,3,384,1149,Java/assets/player/classes/rogue/animations/class_rogue_model_left_idle_anim.frames,required-per-asset-metadata,review-required; not-authorized-for-deletion
DUP-0830,e0c18a6a8d48da87994c100bbb324c758d413e95f0fa5135bd0738a692b4d56f,3,384,1149,Java/assets/player/classes/rogue/animations/class_rogue_model_right_idle_anim.frames,required-per-asset-metadata,review-required; not-authorized-for-deletion
DUP-0830,e0c18a6a8d48da87994c100bbb324c758d413e95f0fa5135bd0738a692b4d56f,3,384,1149,Java/assets/player/classes/rogue/animations/class_rogue_model_up_idle_anim.frames,required-per-asset-metadata,review-required; not-authorized-for-deletion
DUP-0830,e0c18a6a8d48da87994c100bbb324c758d413e95f0fa5135bd0738a692b4d56f,3,384,1149,Java/assets/player/classes/rogue/animations/class_rogue_model_up_left_idle_anim.frames,required-per-asset-metadata,review-required; not-authorized-for-deletion
DUP-0830,e0c18a6a8d48da87994c100bbb324c758d413e95f0fa5135bd0738a692b4d56f,3,384,1149,Java/assets/player/classes/rogue/animations/class_rogue_model_up_right_idle_anim.frames,required-per-asset-metadata,review-required; not-authorized-for-deletion
DUP-0830,e0c18a6a8d48da87994c100bbb324c758d413e95f0fa5135bd0738a692b4d56f,3,384,1149,asset-review/2026-09-22-npcs/before/Java/assets/npcs/animations/npc_baker_model_down_walk_anim.frames,required-per-asset-metadata,review-required; not-authorized-for-deletion
DUP-0830,e0c18a6a8d48da87994c100bbb324c758d413e95f0fa5135bd0738a692b4d56f,3,384,1149,asset-review/2026-09-22-npcs/before/Java/assets/npcs/animations/npc_baker_model_left_walk_anim.frames,required-per-asset-metadata,review-required; not-authorized-for-deletion
DUP-0830,e0c18a6a8d48da87994c100bbb324c758d413e95f0fa5135bd0738a692b4d56f,3,384,1149,asset-review/2026-09-22-npcs/before/Java/assets/npcs/animations/npc_baker_model_right_walk_anim.frames,required-per-asset-metadata,review-required; not-authorized-for-deletion
DUP-0830,e0c18a6a8d48da87994c100bbb324c758d413e95f0fa5135bd0738a692b4d56f,3,384,1149,asset-review/2026-09-22-npcs/before/Java/assets/npcs/animations/npc_baker_model_up_walk_anim.frames,required-per-asset-metadata,review-required; not-authorized-for-deletion
DUP-0830,e0c18a6a8d48da87994c100bbb324c758d413e95f0fa5135bd0738a692b4d56f,3,384,1149,asset-review/2026-09-22-npcs/before/Java/assets/npcs/animations/npc_bartender_model_down_walk_anim.frames,required-per-asset-metadata,review-required; not-authorized-for-deletion
DUP-0830,e0c18a6a8d48da87994c100bbb324c758d413e95f0fa5135bd0738a692b4d56f,3,384,1149,asset-review/2026-09-22-npcs/before/Java/assets/npcs/animations/npc_bartender_model_left_walk_anim.frames,required-per-asset-metadata,review-required; not-authorized-for-deletion
DUP-0830,e0c18a6a8d48da87994c100bbb324c758d413e95f0fa5135bd0738a692b4d56f,3,384,1149,asset-review/2026-09-22-npcs/before/Java/assets/npcs/animations/npc_bartender_model_right_walk_anim.frames,required-per-asset-metadata,review-required; not-authorized-for-deletion
DUP-0830,e0c18a6a8d48da87994c100bbb324c758d413e95f0fa5135bd0738a692b4d56f,3,384,1149,asset-review/2026-09-22-npcs/before/Java/assets/npcs/animations/npc_bartender_model_up_walk_anim.frames,required-per-asset-metadata,review-required; not-authorized-for-deletion
DUP-0830,e0c18a6a8d48da87994c100bbb324c758d413e95f0fa5135bd0738a692b4d56f,3,384,1149,asset-review/2026-09-22-npcs/before/Java/assets/npcs/animations/npc_blacksmith_model_down_walk_anim.frames,required-per-asset-metadata,review-required; not-authorized-for-deletion
DUP-0830,e0c18a6a8d48da87994c100bbb324c758d413e95f0fa5135bd0738a692b4d56f,3,384,1149,asset-review/2026-09-22-npcs/before/Java/assets/npcs/animations/npc_blacksmith_model_left_walk_anim.frames,required-per-asset-metadata,review-required; not-authorized-for-deletion
DUP-0830,e0c18a6a8d48da87994c100bbb324c758d413e95f0fa5135bd0738a692b4d56f,3,384,1149,asset-review/2026-09-22-npcs/before/Java/assets/npcs/animations/npc_blacksmith_model_right_walk_anim.frames,required-per-asset-metadata,review-required; not-authorized-for-deletion
DUP-0830,e0c18a6a8d48da87994c100bbb324c758d413e95f0fa5135bd0738a692b4d56f,3,384,1149,asset-review/2026-09-22-npcs/before/Java/assets/npcs/animations/npc_blacksmith_model_up_walk_anim.frames,required-per-asset-metadata,review-required; not-authorized-for-deletion
DUP-0830,e0c18a6a8d48da87994c100bbb324c758d413e95f0fa5135bd0738a692b4d56f,3,384,1149,asset-review/2026-09-22-npcs/before/Java/assets/npcs/animations/npc_citizen_man_model_down_walk_anim.frames,required-per-asset-metadata,review-required; not-authorized-for-deletion
DUP-0830,e0c18a6a8d48da87994c100bbb324c758d413e95f0fa5135bd0738a692b4d56f,3,384,1149,asset-review/2026-09-22-npcs/before/Java/assets/npcs/animations/npc_citizen_man_model_left_walk_anim.frames,required-per-asset-metadata,review-required; not-authorized-for-deletion
DUP-0830,e0c18a6a8d48da87994c100bbb324c758d413e95f0fa5135bd0738a692b4d56f,3,384,1149,asset-review/2026-09-22-npcs/before/Java/assets/npcs/animations/npc_citizen_man_model_right_walk_anim.frames,required-per-asset-metadata,review-required; not-authorized-for-deletion
DUP-0830,e0c18a6a8d48da87994c100bbb324c758d413e95f0fa5135bd0738a692b4d56f,3,384,1149,asset-review/2026-09-22-npcs/before/Java/assets/npcs/animations/npc_citizen_man_model_up_walk_anim.frames,required-per-asset-metadata,review-required; not-authorized-for-deletion
DUP-0830,e0c18a6a8d48da87994c100bbb324c758d413e95f0fa5135bd0738a692b4d56f,3,384,1149,asset-review/2026-09-22-npcs/before/Java/assets/npcs/animations/npc_citizen_woman_model_down_walk_anim.frames,required-per-asset-metadata,review-required; not-authorized-for-deletion
DUP-0830,e0c18a6a8d48da87994c100bbb324c758d413e95f0fa5135bd0738a692b4d56f,3,384,1149,asset-review/2026-09-22-npcs/before/Java/assets/npcs/animations/npc_citizen_woman_model_left_walk_anim.frames,required-per-asset-metadata,review-required; not-authorized-for-deletion
DUP-0830,e0c18a6a8d48da87994c100bbb324c758d413e95f0fa5135bd0738a692b4d56f,3,384,1149,asset-review/2026-09-22-npcs/before/Java/assets/npcs/animations/npc_citizen_woman_model_right_walk_anim.frames,required-per-asset-metadata,review-required; not-authorized-for-deletion
DUP-0830,e0c18a6a8d48da87994c100bbb324c758d413e95f0fa5135bd0738a692b4d56f,3,384,1149,asset-review/2026-09-22-npcs/before/Java/assets/npcs/animations/npc_citizen_woman_model_up_walk_anim.frames,required-per-asset-metadata,review-required; not-authorized-for-deletion
DUP-0830,e0c18a6a8d48da87994c100bbb324c758d413e95f0fa5135bd0738a692b4d56f,3,384,1149,asset-review/2026-09-22-npcs/before/Java/assets/npcs/animations/npc_elowen_model_down_walk_anim.frames,required-per-asset-metadata,review-required; not-authorized-for-deletion
DUP-0830,e0c18a6a8d48da87994c100bbb324c758d413e95f0fa5135bd0738a692b4d56f,3,384,1149,asset-review/2026-09-22-npcs/before/Java/assets/npcs/animations/npc_elowen_model_left_walk_anim.frames,required-per-asset-metadata,review-required; not-authorized-for-deletion
DUP-0830,e0c18a6a8d48da87994c100bbb324c758d413e95f0fa5135bd0738a692b4d56f,3,384,1149,asset-review/2026-09-22-npcs/before/Java/assets/npcs/animations/npc_elowen_model_right_walk_anim.frames,required-per-asset-metadata,review-required; not-authorized-for-deletion
DUP-0830,e0c18a6a8d48da87994c100bbb324c758d413e95f0fa5135bd0738a692b4d56f,3,384,1149,asset-review/2026-09-22-npcs/before/Java/assets/npcs/animations/npc_elowen_model_up_walk_anim.frames,required-per-asset-metadata,review-required; not-authorized-for-deletion
DUP-0830,e0c18a6a8d48da87994c100bbb324c758d413e95f0fa5135bd0738a692b4d56f,3,384,1149,asset-review/2026-09-22-npcs/before/Java/assets/npcs/animations/npc_garruk_model_down_walk_anim.frames,required-per-asset-metadata,review-required; not-authorized-for-deletion
DUP-0830,e0c18a6a8d48da87994c100bbb324c758d413e95f0fa5135bd0738a692b4d56f,3,384,1149,asset-review/2026-09-22-npcs/before/Java/assets/npcs/animations/npc_garruk_model_left_walk_anim.frames,required-per-asset-metadata,review-required; not-authorized-for-deletion
DUP-0830,e0c18a6a8d48da87994c100bbb324c758d413e95f0fa5135bd0738a692b4d56f,3,384,1149,asset-review/2026-09-22-npcs/before/Java/assets/npcs/animations/npc_garruk_model_right_walk_anim.frames,required-per-asset-metadata,review-required; not-authorized-for-deletion
DUP-0830,e0c18a6a8d48da87994c100bbb324c758d413e95f0fa5135bd0738a692b4d56f,3,384,1149,asset-review/2026-09-22-npcs/before/Java/assets/npcs/animations/npc_garruk_model_up_walk_anim.frames,required-per-asset-metadata,review-required; not-authorized-for-deletion
DUP-0830,e0c18a6a8d48da87994c100bbb324c758d413e95f0fa5135bd0738a692b4d56f,3,384,1149,asset-review/2026-09-22-npcs/before/Java/assets/npcs/animations/npc_innkeeper_model_down_walk_anim.frames,required-per-asset-metadata,review-required; not-authorized-for-deletion
DUP-0830,e0c18a6a8d48da87994c100bbb324c758d413e95f0fa5135bd0738a692b4d56f,3,384,1149,asset-review/2026-09-22-npcs/before/Java/assets/npcs/animations/npc_innkeeper_model_left_walk_anim.frames,required-per-asset-metadata,review-required; not-authorized-for-deletion
DUP-0830,e0c18a6a8d48da87994c100bbb324c758d413e95f0fa5135bd0738a692b4d56f,3,384,1149,asset-review/2026-09-22-npcs/before/Java/assets/npcs/animations/npc_innkeeper_model_right_walk_anim.frames,required-per-asset-metadata,review-required; not-authorized-for-deletion
DUP-0830,e0c18a6a8d48da87994c100bbb324c758d413e95f0fa5135bd0738a692b4d56f,3,384,1149,asset-review/2026-09-22-npcs/before/Java/assets/npcs/animations/npc_innkeeper_model_up_walk_anim.frames,required-per-asset-metadata,review-required; not-authorized-for-deletion
DUP-0830,e0c18a6a8d48da87994c100bbb324c758d413e95f0fa5135bd0738a692b4d56f,3,384,1149,asset-review/2026-09-22-npcs/before/Java/assets/npcs/animations/npc_kael_model_down_walk_anim.frames,required-per-asset-metadata,review-required; not-authorized-for-deletion
DUP-0830,e0c18a6a8d48da87994c100bbb324c758d413e95f0fa5135bd0738a692b4d56f,3,384,1149,asset-review/2026-09-22-npcs/before/Java/assets/npcs/animations/npc_kael_model_left_walk_anim.frames,required-per-asset-metadata,review-required; not-authorized-for-deletion
DUP-0830,e0c18a6a8d48da87994c100bbb324c758d413e95f0fa5135bd0738a692b4d56f,3,384,1149,asset-review/2026-09-22-npcs/before/Java/assets/npcs/animations/npc_kael_model_right_walk_anim.frames,required-per-asset-metadata,review-required; not-authorized-for-deletion
DUP-0830,e0c18a6a8d48da87994c100bbb324c758d413e95f0fa5135bd0738a692b4d56f,3,384,1149,asset-review/2026-09-22-npcs/before/Java/assets/npcs/animations/npc_kael_model_up_walk_anim.frames,required-per-asset-metadata,review-required; not-authorized-for-deletion
DUP-0830,e0c18a6a8d48da87994c100bbb324c758d413e95f0fa5135bd0738a692b4d56f,3,384,1149,asset-review/2026-09-22-npcs/before/Java/assets/npcs/animations/npc_liora_model_down_walk_anim.frames,required-per-asset-metadata,review-required; not-authorized-for-deletion
DUP-0830,e0c18a6a8d48da87994c100bbb324c758d413e95f0fa5135bd0738a692b4d56f,3,384,1149,asset-review/2026-09-22-npcs/before/Java/assets/npcs/animations/npc_liora_model_left_walk_anim.frames,required-per-asset-metadata,review-required; not-authorized-for-deletion
DUP-0830,e0c18a6a8d48da87994c100bbb324c758d413e95f0fa5135bd0738a692b4d56f,3,384,1149,asset-review/2026-09-22-npcs/before/Java/assets/npcs/animations/npc_liora_model_right_walk_anim.frames,required-per-asset-metadata,review-required; not-authorized-for-deletion
DUP-0830,e0c18a6a8d48da87994c100bbb324c758d413e95f0fa5135bd0738a692b4d56f,3,384,1149,asset-review/2026-09-22-npcs/before/Java/assets/npcs/animations/npc_liora_model_up_walk_anim.frames,required-per-asset-metadata,review-required; not-authorized-for-deletion
DUP-0830,e0c18a6a8d48da87994c100bbb324c758d413e95f0fa5135bd0738a692b4d56f,3,384,1149,asset-review/2026-09-22-npcs/before/Java/assets/npcs/animations/npc_marla_model_down_walk_anim.frames,required-per-asset-metadata,review-required; not-authorized-for-deletion
DUP-0830,e0c18a6a8d48da87994c100bbb324c758d413e95f0fa5135bd0738a692b4d56f,3,384,1149,asset-review/2026-09-22-npcs/before/Java/assets/npcs/animations/npc_marla_model_left_walk_anim.frames,required-per-asset-metadata,review-required; not-authorized-for-deletion
DUP-0830,e0c18a6a8d48da87994c100bbb324c758d413e95f0fa5135bd0738a692b4d56f,3,384,1149,asset-review/2026-09-22-npcs/before/Java/assets/npcs/animations/npc_marla_model_right_walk_anim.frames,required-per-asset-metadata,review-required; not-authorized-for-deletion
DUP-0830,e0c18a6a8d48da87994c100bbb324c758d413e95f0fa5135bd0738a692b4d56f,3,384,1149,asset-review/2026-09-22-npcs/before/Java/assets/npcs/animations/npc_marla_model_up_walk_anim.frames,required-per-asset-metadata,review-required; not-authorized-for-deletion
DUP-0830,e0c18a6a8d48da87994c100bbb324c758d413e95f0fa5135bd0738a692b4d56f,3,384,1149,asset-review/2026-09-22-npcs/before/Java/assets/npcs/animations/npc_merchant_model_down_walk_anim.frames,required-per-asset-metadata,review-required; not-authorized-for-deletion
DUP-0830,e0c18a6a8d48da87994c100bbb324c758d413e95f0fa5135bd0738a692b4d56f,3,384,1149,asset-review/2026-09-22-npcs/before/Java/assets/npcs/animations/npc_merchant_model_left_walk_anim.frames,required-per-asset-metadata,review-required; not-authorized-for-deletion
DUP-0830,e0c18a6a8d48da87994c100bbb324c758d413e95f0fa5135bd0738a692b4d56f,3,384,1149,asset-review/2026-09-22-npcs/before/Java/assets/npcs/animations/npc_merchant_model_right_walk_anim.frames,required-per-asset-metadata,review-required; not-authorized-for-deletion
DUP-0830,e0c18a6a8d48da87994c100bbb324c758d413e95f0fa5135bd0738a692b4d56f,3,384,1149,asset-review/2026-09-22-npcs/before/Java/assets/npcs/animations/npc_merchant_model_up_walk_anim.frames,required-per-asset-metadata,review-required; not-authorized-for-deletion
DUP-0830,e0c18a6a8d48da87994c100bbb324c758d413e95f0fa5135bd0738a692b4d56f,3,384,1149,asset-review/2026-09-22-npcs/before/Java/assets/npcs/animations/npc_mira_sunwarden_model_down_walk_anim.frames,required-per-asset-metadata,review-required; not-authorized-for-deletion
DUP-0830,e0c18a6a8d48da87994c100bbb324c758d413e95f0fa5135bd0738a692b4d56f,3,384,1149,asset-review/2026-09-22-npcs/before/Java/assets/npcs/animations/npc_mira_sunwarden_model_left_walk_anim.frames,required-per-asset-metadata,review-required; not-authorized-for-deletion
DUP-0830,e0c18a6a8d48da87994c100bbb324c758d413e95f0fa5135bd0738a692b4d56f,3,384,1149,asset-review/2026-09-22-npcs/before/Java/assets/npcs/animations/npc_mira_sunwarden_model_right_walk_anim.frames,required-per-asset-metadata,review-required; not-authorized-for-deletion
DUP-0830,e0c18a6a8d48da87994c100bbb324c758d413e95f0fa5135bd0738a692b4d56f,3,384,1149,asset-review/2026-09-22-npcs/before/Java/assets/npcs/animations/npc_mira_sunwarden_model_up_walk_anim.frames,required-per-asset-metadata,review-required; not-authorized-for-deletion
DUP-0830,e0c18a6a8d48da87994c100bbb324c758d413e95f0fa5135bd0738a692b4d56f,3,384,1149,asset-review/2026-09-22-npcs/before/Java/assets/npcs/animations/npc_nyx_model_down_walk_anim.frames,required-per-asset-metadata,review-required; not-authorized-for-deletion
DUP-0830,e0c18a6a8d48da87994c100bbb324c758d413e95f0fa5135bd0738a692b4d56f,3,384,1149,asset-review/2026-09-22-npcs/before/Java/assets/npcs/animations/npc_nyx_model_left_walk_anim.frames,required-per-asset-metadata,review-required; not-authorized-for-deletion
DUP-0830,e0c18a6a8d48da87994c100bbb324c758d413e95f0fa5135bd0738a692b4d56f,3,384,1149,asset-review/2026-09-22-npcs/before/Java/assets/npcs/animations/npc_nyx_model_right_walk_anim.frames,required-per-asset-metadata,review-required; not-authorized-for-deletion
DUP-0830,e0c18a6a8d48da87994c100bbb324c758d413e95f0fa5135bd0738a692b4d56f,3,384,1149,asset-review/2026-09-22-npcs/before/Java/assets/npcs/animations/npc_nyx_model_up_walk_anim.frames,required-per-asset-metadata,review-required; not-authorized-for-deletion
DUP-0830,e0c18a6a8d48da87994c100bbb324c758d413e95f0fa5135bd0738a692b4d56f,3,384,1149,asset-review/2026-09-22-npcs/before/Java/assets/npcs/animations/npc_orin_model_down_walk_anim.frames,required-per-asset-metadata,review-required; not-authorized-for-deletion
DUP-0830,e0c18a6a8d48da87994c100bbb324c758d413e95f0fa5135bd0738a692b4d56f,3,384,1149,asset-review/2026-09-22-npcs/before/Java/assets/npcs/animations/npc_orin_model_left_walk_anim.frames,required-per-asset-metadata,review-required; not-authorized-for-deletion
DUP-0830,e0c18a6a8d48da87994c100bbb324c758d413e95f0fa5135bd0738a692b4d56f,3,384,1149,asset-review/2026-09-22-npcs/before/Java/assets/npcs/animations/npc_orin_model_right_walk_anim.frames,required-per-asset-metadata,review-required; not-authorized-for-deletion
DUP-0830,e0c18a6a8d48da87994c100bbb324c758d413e95f0fa5135bd0738a692b4d56f,3,384,1149,asset-review/2026-09-22-npcs/before/Java/assets/npcs/animations/npc_orin_model_up_walk_anim.frames,required-per-asset-metadata,review-required; not-authorized-for-deletion
DUP-0830,e0c18a6a8d48da87994c100bbb324c758d413e95f0fa5135bd0738a692b4d56f,3,384,1149,asset-review/2026-09-22-npcs/before/Java/assets/npcs/animations/npc_quartermaster_model_down_walk_anim.frames,required-per-asset-metadata,review-required; not-authorized-for-deletion
DUP-0830,e0c18a6a8d48da87994c100bbb324c758d413e95f0fa5135bd0738a692b4d56f,3,384,1149,asset-review/2026-09-22-npcs/before/Java/assets/npcs/animations/npc_quartermaster_model_left_walk_anim.frames,required-per-asset-metadata,review-required; not-authorized-for-deletion
DUP-0830,e0c18a6a8d48da87994c100bbb324c758d413e95f0fa5135bd0738a692b4d56f,3,384,1149,asset-review/2026-09-22-npcs/before/Java/assets/npcs/animations/npc_quartermaster_model_right_walk_anim.frames,required-per-asset-metadata,review-required; not-authorized-for-deletion
DUP-0830,e0c18a6a8d48da87994c100bbb324c758d413e95f0fa5135bd0738a692b4d56f,3,384,1149,asset-review/2026-09-22-npcs/before/Java/assets/npcs/animations/npc_quartermaster_model_up_walk_anim.frames,required-per-asset-metadata,review-required; not-authorized-for-deletion
DUP-0830,e0c18a6a8d48da87994c100bbb324c758d413e95f0fa5135bd0738a692b4d56f,3,384,1149,asset-review/2026-09-22-npcs/before/Java/assets/npcs/animations/npc_ren_model_down_walk_anim.frames,required-per-asset-metadata,review-required; not-authorized-for-deletion
DUP-0830,e0c18a6a8d48da87994c100bbb324c758d413e95f0fa5135bd0738a692b4d56f,3,384,1149,asset-review/2026-09-22-npcs/before/Java/assets/npcs/animations/npc_ren_model_left_walk_anim.frames,required-per-asset-metadata,review-required; not-authorized-for-deletion
DUP-0830,e0c18a6a8d48da87994c100bbb324c758d413e95f0fa5135bd0738a692b4d56f,3,384,1149,asset-review/2026-09-22-npcs/before/Java/assets/npcs/animations/npc_ren_model_right_walk_anim.frames,required-per-asset-metadata,review-required; not-authorized-for-deletion
DUP-0830,e0c18a6a8d48da87994c100bbb324c758d413e95f0fa5135bd0738a692b4d56f,3,384,1149,asset-review/2026-09-22-npcs/before/Java/assets/npcs/animations/npc_ren_model_up_walk_anim.frames,required-per-asset-metadata,review-required; not-authorized-for-deletion
DUP-0830,e0c18a6a8d48da87994c100bbb324c758d413e95f0fa5135bd0738a692b4d56f,3,384,1149,asset-review/2026-09-22-npcs/before/Java/assets/npcs/animations/npc_rowan_model_down_walk_anim.frames,required-per-asset-metadata,review-required; not-authorized-for-deletion
DUP-0830,e0c18a6a8d48da87994c100bbb324c758d413e95f0fa5135bd0738a692b4d56f,3,384,1149,asset-review/2026-09-22-npcs/before/Java/assets/npcs/animations/npc_rowan_model_left_walk_anim.frames,required-per-asset-metadata,review-required; not-authorized-for-deletion
DUP-0830,e0c18a6a8d48da87994c100bbb324c758d413e95f0fa5135bd0738a692b4d56f,3,384,1149,asset-review/2026-09-22-npcs/before/Java/assets/npcs/animations/npc_rowan_model_right_walk_anim.frames,required-per-asset-metadata,review-required; not-authorized-for-deletion
DUP-0830,e0c18a6a8d48da87994c100bbb324c758d413e95f0fa5135bd0738a692b4d56f,3,384,1149,asset-review/2026-09-22-npcs/before/Java/assets/npcs/animations/npc_rowan_model_up_walk_anim.frames,required-per-asset-metadata,review-required; not-authorized-for-deletion
DUP-0830,e0c18a6a8d48da87994c100bbb324c758d413e95f0fa5135bd0738a692b4d56f,3,384,1149,asset-review/2026-09-22-npcs/before/Java/assets/npcs/animations/npc_sable_model_down_walk_anim.frames,required-per-asset-metadata,review-required; not-authorized-for-deletion
DUP-0830,e0c18a6a8d48da87994c100bbb324c758d413e95f0fa5135bd0738a692b4d56f,3,384,1149,asset-review/2026-09-22-npcs/before/Java/assets/npcs/animations/npc_sable_model_left_walk_anim.frames,required-per-asset-metadata,review-required; not-authorized-for-deletion
DUP-0830,e0c18a6a8d48da87994c100bbb324c758d413e95f0fa5135bd0738a692b4d56f,3,384,1149,asset-review/2026-09-22-npcs/before/Java/assets/npcs/animations/npc_sable_model_right_walk_anim.frames,required-per-asset-metadata,review-required; not-authorized-for-deletion
DUP-0830,e0c18a6a8d48da87994c100bbb324c758d413e95f0fa5135bd0738a692b4d56f,3,384,1149,asset-review/2026-09-22-npcs/before/Java/assets/npcs/animations/npc_sable_model_up_walk_anim.frames,required-per-asset-metadata,review-required; not-authorized-for-deletion
DUP-0830,e0c18a6a8d48da87994c100bbb324c758d413e95f0fa5135bd0738a692b4d56f,3,384,1149,asset-review/2026-09-22-npcs/before/Java/assets/npcs/animations/npc_torin_model_down_walk_anim.frames,required-per-asset-metadata,review-required; not-authorized-for-deletion
DUP-0830,e0c18a6a8d48da87994c100bbb324c758d413e95f0fa5135bd0738a692b4d56f,3,384,1149,asset-review/2026-09-22-npcs/before/Java/assets/npcs/animations/npc_torin_model_left_walk_anim.frames,required-per-asset-metadata,review-required; not-authorized-for-deletion
DUP-0830,e0c18a6a8d48da87994c100bbb324c758d413e95f0fa5135bd0738a692b4d56f,3,384,1149,asset-review/2026-09-22-npcs/before/Java/assets/npcs/animations/npc_torin_model_right_walk_anim.frames,required-per-asset-metadata,review-required; not-authorized-for-deletion
DUP-0830,e0c18a6a8d48da87994c100bbb324c758d413e95f0fa5135bd0738a692b4d56f,3,384,1149,asset-review/2026-09-22-npcs/before/Java/assets/npcs/animations/npc_torin_model_up_walk_anim.frames,required-per-asset-metadata,review-required; not-authorized-for-deletion
DUP-0830,e0c18a6a8d48da87994c100bbb324c758d413e95f0fa5135bd0738a692b4d56f,3,384,1149,asset-review/2026-09-22-npcs/before/Java/assets/npcs/animations/npc_vexa_model_down_walk_anim.frames,required-per-asset-metadata,review-required; not-authorized-for-deletion
DUP-0830,e0c18a6a8d48da87994c100bbb324c758d413e95f0fa5135bd0738a692b4d56f,3,384,1149,asset-review/2026-09-22-npcs/before/Java/assets/npcs/animations/npc_vexa_model_left_walk_anim.frames,required-per-asset-metadata,review-required; not-authorized-for-deletion
DUP-0830,e0c18a6a8d48da87994c100bbb324c758d413e95f0fa5135bd0738a692b4d56f,3,384,1149,asset-review/2026-09-22-npcs/before/Java/assets/npcs/animations/npc_vexa_model_right_walk_anim.frames,required-per-asset-metadata,review-required; not-authorized-for-deletion
DUP-0830,e0c18a6a8d48da87994c100bbb324c758d413e95f0fa5135bd0738a692b4d56f,3,384,1149,asset-review/2026-09-22-npcs/before/Java/assets/npcs/animations/npc_vexa_model_up_walk_anim.frames,required-per-asset-metadata,review-required; not-authorized-for-deletion
DUP-0830,e0c18a6a8d48da87994c100bbb324c758d413e95f0fa5135bd0738a692b4d56f,3,384,1149,asset-review/2026-09-22-npcs/candidates/Java/assets/npcs/animations/npc_bartender_model_down_walk_anim.frames,required-per-asset-metadata,review-required; not-authorized-for-deletion
DUP-0830,e0c18a6a8d48da87994c100bbb324c758d413e95f0fa5135bd0738a692b4d56f,3,384,1149,asset-review/2026-09-22-npcs/candidates/Java/assets/npcs/animations/npc_bartender_model_left_walk_anim.frames,required-per-asset-metadata,review-required; not-authorized-for-deletion
DUP-0830,e0c18a6a8d48da87994c100bbb324c758d413e95f0fa5135bd0738a692b4d56f,3,384,1149,asset-review/2026-09-22-npcs/candidates/Java/assets/npcs/animations/npc_bartender_model_right_walk_anim.frames,required-per-asset-metadata,review-required; not-authorized-for-deletion
DUP-0830,e0c18a6a8d48da87994c100bbb324c758d413e95f0fa5135bd0738a692b4d56f,3,384,1149,asset-review/2026-09-22-npcs/candidates/Java/assets/npcs/animations/npc_bartender_model_up_walk_anim.frames,required-per-asset-metadata,review-required; not-authorized-for-deletion
DUP-0830,e0c18a6a8d48da87994c100bbb324c758d413e95f0fa5135bd0738a692b4d56f,3,384,1149,asset-review/2026-09-22-npcs/candidates/Java/assets/npcs/animations/npc_blacksmith_model_down_walk_anim.frames,required-per-asset-metadata,review-required; not-authorized-for-deletion
DUP-0830,e0c18a6a8d48da87994c100bbb324c758d413e95f0fa5135bd0738a692b4d56f,3,384,1149,asset-review/2026-09-22-npcs/candidates/Java/assets/npcs/animations/npc_blacksmith_model_left_walk_anim.frames,required-per-asset-metadata,review-required; not-authorized-for-deletion
DUP-0830,e0c18a6a8d48da87994c100bbb324c758d413e95f0fa5135bd0738a692b4d56f,3,384,1149,asset-review/2026-09-22-npcs/candidates/Java/assets/npcs/animations/npc_blacksmith_model_right_walk_anim.frames,required-per-asset-metadata,review-required; not-authorized-for-deletion
DUP-0830,e0c18a6a8d48da87994c100bbb324c758d413e95f0fa5135bd0738a692b4d56f,3,384,1149,asset-review/2026-09-22-npcs/candidates/Java/assets/npcs/animations/npc_blacksmith_model_up_walk_anim.frames,required-per-asset-metadata,review-required; not-authorized-for-deletion
DUP-0830,e0c18a6a8d48da87994c100bbb324c758d413e95f0fa5135bd0738a692b4d56f,3,384,1149,asset-review/2026-09-22-npcs/candidates/Java/assets/npcs/animations/npc_citizen_man_model_down_walk_anim.frames,required-per-asset-metadata,review-required; not-authorized-for-deletion
DUP-0830,e0c18a6a8d48da87994c100bbb324c758d413e95f0fa5135bd0738a692b4d56f,3,384,1149,asset-review/2026-09-22-npcs/candidates/Java/assets/npcs/animations/npc_citizen_man_model_left_walk_anim.frames,required-per-asset-metadata,review-required; not-authorized-for-deletion
DUP-0830,e0c18a6a8d48da87994c100bbb324c758d413e95f0fa5135bd0738a692b4d56f,3,384,1149,asset-review/2026-09-22-npcs/candidates/Java/assets/npcs/animations/npc_citizen_man_model_right_walk_anim.frames,required-per-asset-metadata,review-required; not-authorized-for-deletion
DUP-0830,e0c18a6a8d48da87994c100bbb324c758d413e95f0fa5135bd0738a692b4d56f,3,384,1149,asset-review/2026-09-22-npcs/candidates/Java/assets/npcs/animations/npc_citizen_man_model_up_walk_anim.frames,required-per-asset-metadata,review-required; not-authorized-for-deletion
DUP-0830,e0c18a6a8d48da87994c100bbb324c758d413e95f0fa5135bd0738a692b4d56f,3,384,1149,asset-review/2026-09-22-npcs/candidates/Java/assets/npcs/animations/npc_citizen_woman_model_down_walk_anim.frames,required-per-asset-metadata,review-required; not-authorized-for-deletion
DUP-0830,e0c18a6a8d48da87994c100bbb324c758d413e95f0fa5135bd0738a692b4d56f,3,384,1149,asset-review/2026-09-22-npcs/candidates/Java/assets/npcs/animations/npc_citizen_woman_model_left_walk_anim.frames,required-per-asset-metadata,review-required; not-authorized-for-deletion
DUP-0830,e0c18a6a8d48da87994c100bbb324c758d413e95f0fa5135bd0738a692b4d56f,3,384,1149,asset-review/2026-09-22-npcs/candidates/Java/assets/npcs/animations/npc_citizen_woman_model_right_walk_anim.frames,required-per-asset-metadata,review-required; not-authorized-for-deletion
DUP-0830,e0c18a6a8d48da87994c100bbb324c758d413e95f0fa5135bd0738a692b4d56f,3,384,1149,asset-review/2026-09-22-npcs/candidates/Java/assets/npcs/animations/npc_citizen_woman_model_up_walk_anim.frames,required-per-asset-metadata,review-required; not-authorized-for-deletion
DUP-0830,e0c18a6a8d48da87994c100bbb324c758d413e95f0fa5135bd0738a692b4d56f,3,384,1149,asset-review/2026-09-22-npcs/candidates/Java/assets/npcs/animations/npc_merchant_model_down_walk_anim.frames,required-per-asset-metadata,review-required; not-authorized-for-deletion
DUP-0830,e0c18a6a8d48da87994c100bbb324c758d413e95f0fa5135bd0738a692b4d56f,3,384,1149,asset-review/2026-09-22-npcs/candidates/Java/assets/npcs/animations/npc_merchant_model_left_walk_anim.frames,required-per-asset-metadata,review-required; not-authorized-for-deletion
DUP-0830,e0c18a6a8d48da87994c100bbb324c758d413e95f0fa5135bd0738a692b4d56f,3,384,1149,asset-review/2026-09-22-npcs/candidates/Java/assets/npcs/animations/npc_merchant_model_right_walk_anim.frames,required-per-asset-metadata,review-required; not-authorized-for-deletion
DUP-0830,e0c18a6a8d48da87994c100bbb324c758d413e95f0fa5135bd0738a692b4d56f,3,384,1149,asset-review/2026-09-22-npcs/candidates/Java/assets/npcs/animations/npc_merchant_model_up_walk_anim.frames,required-per-asset-metadata,review-required; not-authorized-for-deletion
DUP-0830,e0c18a6a8d48da87994c100bbb324c758d413e95f0fa5135bd0738a692b4d56f,3,384,1149,asset-review/2026-09-22-npcs/candidates/Java/assets/npcs/animations/npc_orin_model_down_walk_anim.frames,required-per-asset-metadata,review-required; not-authorized-for-deletion
DUP-0830,e0c18a6a8d48da87994c100bbb324c758d413e95f0fa5135bd0738a692b4d56f,3,384,1149,asset-review/2026-09-22-npcs/candidates/Java/assets/npcs/animations/npc_orin_model_left_walk_anim.frames,required-per-asset-metadata,review-required; not-authorized-for-deletion
DUP-0830,e0c18a6a8d48da87994c100bbb324c758d413e95f0fa5135bd0738a692b4d56f,3,384,1149,asset-review/2026-09-22-npcs/candidates/Java/assets/npcs/animations/npc_orin_model_right_walk_anim.frames,required-per-asset-metadata,review-required; not-authorized-for-deletion
DUP-0830,e0c18a6a8d48da87994c100bbb324c758d413e95f0fa5135bd0738a692b4d56f,3,384,1149,asset-review/2026-09-22-npcs/candidates/Java/assets/npcs/animations/npc_orin_model_up_walk_anim.frames,required-per-asset-metadata,review-required; not-authorized-for-deletion
DUP-0831,92961e9752250efa971147344b22295db32d7b75e940e0971e5fb34f21d0bc67,3,244,729,Java/assets/companions/aria/animations/npc_aria_model_down_left_start_walk_anim.frames,required-per-asset-metadata,review-required; not-authorized-for-deletion
DUP-0831,92961e9752250efa971147344b22295db32d7b75e940e0971e5fb34f21d0bc67,3,244,729,Java/assets/companions/aria/animations/npc_aria_model_down_left_stop_walk_anim.frames,required-per-asset-metadata,review-required; not-authorized-for-deletion
DUP-0831,92961e9752250efa971147344b22295db32d7b75e940e0971e5fb34f21d0bc67,3,244,729,Java/assets/companions/aria/animations/npc_aria_model_down_right_start_walk_anim.frames,required-per-asset-metadata,review-required; not-authorized-for-deletion
DUP-0831,92961e9752250efa971147344b22295db32d7b75e940e0971e5fb34f21d0bc67,3,244,729,Java/assets/companions/aria/animations/npc_aria_model_down_right_stop_walk_anim.frames,required-per-asset-metadata,review-required; not-authorized-for-deletion
DUP-0831,92961e9752250efa971147344b22295db32d7b75e940e0971e5fb34f21d0bc67,3,244,729,Java/assets/companions/aria/animations/npc_aria_model_down_start_walk_anim.frames,required-per-asset-metadata,review-required; not-authorized-for-deletion
DUP-0831,92961e9752250efa971147344b22295db32d7b75e940e0971e5fb34f21d0bc67,3,244,729,Java/assets/companions/aria/animations/npc_aria_model_down_stop_walk_anim.frames,required-per-asset-metadata,review-required; not-authorized-for-deletion
DUP-0831,92961e9752250efa971147344b22295db32d7b75e940e0971e5fb34f21d0bc67,3,244,729,Java/assets/companions/aria/animations/npc_aria_model_left_start_walk_anim.frames,required-per-asset-metadata,review-required; not-authorized-for-deletion
DUP-0831,92961e9752250efa971147344b22295db32d7b75e940e0971e5fb34f21d0bc67,3,244,729,Java/assets/companions/aria/animations/npc_aria_model_left_stop_walk_anim.frames,required-per-asset-metadata,review-required; not-authorized-for-deletion
DUP-0831,92961e9752250efa971147344b22295db32d7b75e940e0971e5fb34f21d0bc67,3,244,729,Java/assets/companions/aria/animations/npc_aria_model_right_start_walk_anim.frames,required-per-asset-metadata,review-required; not-authorized-for-deletion
DUP-0831,92961e9752250efa971147344b22295db32d7b75e940e0971e5fb34f21d0bc67,3,244,729,Java/assets/companions/aria/animations/npc_aria_model_right_stop_walk_anim.frames,required-per-asset-metadata,review-required; not-authorized-for-deletion
DUP-0831,92961e9752250efa971147344b22295db32d7b75e940e0971e5fb34f21d0bc67,3,244,729,Java/assets/companions/aria/animations/npc_aria_model_up_left_start_walk_anim.frames,required-per-asset-metadata,review-required; not-authorized-for-deletion
DUP-0831,92961e9752250efa971147344b22295db32d7b75e940e0971e5fb34f21d0bc67,3,244,729,Java/assets/companions/aria/animations/npc_aria_model_up_left_stop_walk_anim.frames,required-per-asset-metadata,review-required; not-authorized-for-deletion
DUP-0831,92961e9752250efa971147344b22295db32d7b75e940e0971e5fb34f21d0bc67,3,244,729,Java/assets/companions/aria/animations/npc_aria_model_up_right_start_walk_anim.frames,required-per-asset-metadata,review-required; not-authorized-for-deletion
DUP-0831,92961e9752250efa971147344b22295db32d7b75e940e0971e5fb34f21d0bc67,3,244,729,Java/assets/companions/aria/animations/npc_aria_model_up_right_stop_walk_anim.frames,required-per-asset-metadata,review-required; not-authorized-for-deletion
DUP-0831,92961e9752250efa971147344b22295db32d7b75e940e0971e5fb34f21d0bc67,3,244,729,Java/assets/companions/aria/animations/npc_aria_model_up_start_walk_anim.frames,required-per-asset-metadata,review-required; not-authorized-for-deletion
DUP-0831,92961e9752250efa971147344b22295db32d7b75e940e0971e5fb34f21d0bc67,3,244,729,Java/assets/companions/aria/animations/npc_aria_model_up_stop_walk_anim.frames,required-per-asset-metadata,review-required; not-authorized-for-deletion
DUP-0831,92961e9752250efa971147344b22295db32d7b75e940e0971e5fb34f21d0bc67,3,244,729,Java/assets/companions/calder/animations/npc_calder_model_down_left_start_walk_anim.frames,required-per-asset-metadata,review-required; not-authorized-for-deletion
DUP-0831,92961e9752250efa971147344b22295db32d7b75e940e0971e5fb34f21d0bc67,3,244,729,Java/assets/companions/calder/animations/npc_calder_model_down_left_stop_walk_anim.frames,required-per-asset-metadata,review-required; not-authorized-for-deletion
DUP-0831,92961e9752250efa971147344b22295db32d7b75e940e0971e5fb34f21d0bc67,3,244,729,Java/assets/companions/calder/animations/npc_calder_model_down_right_start_walk_anim.frames,required-per-asset-metadata,review-required; not-authorized-for-deletion
DUP-0831,92961e9752250efa971147344b22295db32d7b75e940e0971e5fb34f21d0bc67,3,244,729,Java/assets/companions/calder/animations/npc_calder_model_down_right_stop_walk_anim.frames,required-per-asset-metadata,review-required; not-authorized-for-deletion
DUP-0831,92961e9752250efa971147344b22295db32d7b75e940e0971e5fb34f21d0bc67,3,244,729,Java/assets/companions/calder/animations/npc_calder_model_down_start_walk_anim.frames,required-per-asset-metadata,review-required; not-authorized-for-deletion
DUP-0831,92961e9752250efa971147344b22295db32d7b75e940e0971e5fb34f21d0bc67,3,244,729,Java/assets/companions/calder/animations/npc_calder_model_down_stop_walk_anim.frames,required-per-asset-metadata,review-required; not-authorized-for-deletion
DUP-0831,92961e9752250efa971147344b22295db32d7b75e940e0971e5fb34f21d0bc67,3,244,729,Java/assets/companions/calder/animations/npc_calder_model_left_start_walk_anim.frames,required-per-asset-metadata,review-required; not-authorized-for-deletion
DUP-0831,92961e9752250efa971147344b22295db32d7b75e940e0971e5fb34f21d0bc67,3,244,729,Java/assets/companions/calder/animations/npc_calder_model_left_stop_walk_anim.frames,required-per-asset-metadata,review-required; not-authorized-for-deletion
DUP-0831,92961e9752250efa971147344b22295db32d7b75e940e0971e5fb34f21d0bc67,3,244,729,Java/assets/companions/calder/animations/npc_calder_model_right_start_walk_anim.frames,required-per-asset-metadata,review-required; not-authorized-for-deletion
DUP-0831,92961e9752250efa971147344b22295db32d7b75e940e0971e5fb34f21d0bc67,3,244,729,Java/assets/companions/calder/animations/npc_calder_model_right_stop_walk_anim.frames,required-per-asset-metadata,review-required; not-authorized-for-deletion
DUP-0831,92961e9752250efa971147344b22295db32d7b75e940e0971e5fb34f21d0bc67,3,244,729,Java/assets/companions/calder/animations/npc_calder_model_up_left_start_walk_anim.frames,required-per-asset-metadata,review-required; not-authorized-for-deletion
DUP-0831,92961e9752250efa971147344b22295db32d7b75e940e0971e5fb34f21d0bc67,3,244,729,Java/assets/companions/calder/animations/npc_calder_model_up_left_stop_walk_anim.frames,required-per-asset-metadata,review-required; not-authorized-for-deletion
DUP-0831,92961e9752250efa971147344b22295db32d7b75e940e0971e5fb34f21d0bc67,3,244,729,Java/assets/companions/calder/animations/npc_calder_model_up_right_start_walk_anim.frames,required-per-asset-metadata,review-required; not-authorized-for-deletion
DUP-0831,92961e9752250efa971147344b22295db32d7b75e940e0971e5fb34f21d0bc67,3,244,729,Java/assets/companions/calder/animations/npc_calder_model_up_right_stop_walk_anim.frames,required-per-asset-metadata,review-required; not-authorized-for-deletion
DUP-0831,92961e9752250efa971147344b22295db32d7b75e940e0971e5fb34f21d0bc67,3,244,729,Java/assets/companions/calder/animations/npc_calder_model_up_start_walk_anim.frames,required-per-asset-metadata,review-required; not-authorized-for-deletion
DUP-0831,92961e9752250efa971147344b22295db32d7b75e940e0971e5fb34f21d0bc67,3,244,729,Java/assets/companions/calder/animations/npc_calder_model_up_stop_walk_anim.frames,required-per-asset-metadata,review-required; not-authorized-for-deletion
DUP-0831,92961e9752250efa971147344b22295db32d7b75e940e0971e5fb34f21d0bc67,3,244,729,Java/assets/companions/cassia/animations/npc_cassia_model_down_left_start_walk_anim.frames,required-per-asset-metadata,review-required; not-authorized-for-deletion
DUP-0831,92961e9752250efa971147344b22295db32d7b75e940e0971e5fb34f21d0bc67,3,244,729,Java/assets/companions/cassia/animations/npc_cassia_model_down_left_stop_walk_anim.frames,required-per-asset-metadata,review-required; not-authorized-for-deletion
DUP-0831,92961e9752250efa971147344b22295db32d7b75e940e0971e5fb34f21d0bc67,3,244,729,Java/assets/companions/cassia/animations/npc_cassia_model_down_right_start_walk_anim.frames,required-per-asset-metadata,review-required; not-authorized-for-deletion
DUP-0831,92961e9752250efa971147344b22295db32d7b75e940e0971e5fb34f21d0bc67,3,244,729,Java/assets/companions/cassia/animations/npc_cassia_model_down_right_stop_walk_anim.frames,required-per-asset-metadata,review-required; not-authorized-for-deletion
DUP-0831,92961e9752250efa971147344b22295db32d7b75e940e0971e5fb34f21d0bc67,3,244,729,Java/assets/companions/cassia/animations/npc_cassia_model_down_start_walk_anim.frames,required-per-asset-metadata,review-required; not-authorized-for-deletion
DUP-0831,92961e9752250efa971147344b22295db32d7b75e940e0971e5fb34f21d0bc67,3,244,729,Java/assets/companions/cassia/animations/npc_cassia_model_down_stop_walk_anim.frames,required-per-asset-metadata,review-required; not-authorized-for-deletion
DUP-0831,92961e9752250efa971147344b22295db32d7b75e940e0971e5fb34f21d0bc67,3,244,729,Java/assets/companions/cassia/animations/npc_cassia_model_left_start_walk_anim.frames,required-per-asset-metadata,review-required; not-authorized-for-deletion
DUP-0831,92961e9752250efa971147344b22295db32d7b75e940e0971e5fb34f21d0bc67,3,244,729,Java/assets/companions/cassia/animations/npc_cassia_model_left_stop_walk_anim.frames,required-per-asset-metadata,review-required; not-authorized-for-deletion
DUP-0831,92961e9752250efa971147344b22295db32d7b75e940e0971e5fb34f21d0bc67,3,244,729,Java/assets/companions/cassia/animations/npc_cassia_model_right_start_walk_anim.frames,required-per-asset-metadata,review-required; not-authorized-for-deletion
DUP-0831,92961e9752250efa971147344b22295db32d7b75e940e0971e5fb34f21d0bc67,3,244,729,Java/assets/companions/cassia/animations/npc_cassia_model_right_stop_walk_anim.frames,required-per-asset-metadata,review-required; not-authorized-for-deletion
DUP-0831,92961e9752250efa971147344b22295db32d7b75e940e0971e5fb34f21d0bc67,3,244,729,Java/assets/companions/cassia/animations/npc_cassia_model_up_left_start_walk_anim.frames,required-per-asset-metadata,review-required; not-authorized-for-deletion
DUP-0831,92961e9752250efa971147344b22295db32d7b75e940e0971e5fb34f21d0bc67,3,244,729,Java/assets/companions/cassia/animations/npc_cassia_model_up_left_stop_walk_anim.frames,required-per-asset-metadata,review-required; not-authorized-for-deletion
DUP-0831,92961e9752250efa971147344b22295db32d7b75e940e0971e5fb34f21d0bc67,3,244,729,Java/assets/companions/cassia/animations/npc_cassia_model_up_right_start_walk_anim.frames,required-per-asset-metadata,review-required; not-authorized-for-deletion
DUP-0831,92961e9752250efa971147344b22295db32d7b75e940e0971e5fb34f21d0bc67,3,244,729,Java/assets/companions/cassia/animations/npc_cassia_model_up_right_stop_walk_anim.frames,required-per-asset-metadata,review-required; not-authorized-for-deletion
DUP-0831,92961e9752250efa971147344b22295db32d7b75e940e0971e5fb34f21d0bc67,3,244,729,Java/assets/companions/cassia/animations/npc_cassia_model_up_start_walk_anim.frames,required-per-asset-metadata,review-required; not-authorized-for-deletion
DUP-0831,92961e9752250efa971147344b22295db32d7b75e940e0971e5fb34f21d0bc67,3,244,729,Java/assets/companions/cassia/animations/npc_cassia_model_up_stop_walk_anim.frames,required-per-asset-metadata,review-required; not-authorized-for-deletion
DUP-0831,92961e9752250efa971147344b22295db32d7b75e940e0971e5fb34f21d0bc67,3,244,729,Java/assets/companions/lyra/animations/npc_lyra_model_down_left_start_walk_anim.frames,required-per-asset-metadata,review-required; not-authorized-for-deletion
DUP-0831,92961e9752250efa971147344b22295db32d7b75e940e0971e5fb34f21d0bc67,3,244,729,Java/assets/companions/lyra/animations/npc_lyra_model_down_left_stop_walk_anim.frames,required-per-asset-metadata,review-required; not-authorized-for-deletion
DUP-0831,92961e9752250efa971147344b22295db32d7b75e940e0971e5fb34f21d0bc67,3,244,729,Java/assets/companions/lyra/animations/npc_lyra_model_down_right_start_walk_anim.frames,required-per-asset-metadata,review-required; not-authorized-for-deletion
DUP-0831,92961e9752250efa971147344b22295db32d7b75e940e0971e5fb34f21d0bc67,3,244,729,Java/assets/companions/lyra/animations/npc_lyra_model_down_right_stop_walk_anim.frames,required-per-asset-metadata,review-required; not-authorized-for-deletion
DUP-0831,92961e9752250efa971147344b22295db32d7b75e940e0971e5fb34f21d0bc67,3,244,729,Java/assets/companions/lyra/animations/npc_lyra_model_down_start_walk_anim.frames,required-per-asset-metadata,review-required; not-authorized-for-deletion
DUP-0831,92961e9752250efa971147344b22295db32d7b75e940e0971e5fb34f21d0bc67,3,244,729,Java/assets/companions/lyra/animations/npc_lyra_model_down_stop_walk_anim.frames,required-per-asset-metadata,review-required; not-authorized-for-deletion
DUP-0831,92961e9752250efa971147344b22295db32d7b75e940e0971e5fb34f21d0bc67,3,244,729,Java/assets/companions/lyra/animations/npc_lyra_model_left_start_walk_anim.frames,required-per-asset-metadata,review-required; not-authorized-for-deletion
DUP-0831,92961e9752250efa971147344b22295db32d7b75e940e0971e5fb34f21d0bc67,3,244,729,Java/assets/companions/lyra/animations/npc_lyra_model_left_stop_walk_anim.frames,required-per-asset-metadata,review-required; not-authorized-for-deletion
DUP-0831,92961e9752250efa971147344b22295db32d7b75e940e0971e5fb34f21d0bc67,3,244,729,Java/assets/companions/lyra/animations/npc_lyra_model_right_start_walk_anim.frames,required-per-asset-metadata,review-required; not-authorized-for-deletion
DUP-0831,92961e9752250efa971147344b22295db32d7b75e940e0971e5fb34f21d0bc67,3,244,729,Java/assets/companions/lyra/animations/npc_lyra_model_right_stop_walk_anim.frames,required-per-asset-metadata,review-required; not-authorized-for-deletion
DUP-0831,92961e9752250efa971147344b22295db32d7b75e940e0971e5fb34f21d0bc67,3,244,729,Java/assets/companions/lyra/animations/npc_lyra_model_up_left_start_walk_anim.frames,required-per-asset-metadata,review-required; not-authorized-for-deletion
DUP-0831,92961e9752250efa971147344b22295db32d7b75e940e0971e5fb34f21d0bc67,3,244,729,Java/assets/companions/lyra/animations/npc_lyra_model_up_left_stop_walk_anim.frames,required-per-asset-metadata,review-required; not-authorized-for-deletion
DUP-0831,92961e9752250efa971147344b22295db32d7b75e940e0971e5fb34f21d0bc67,3,244,729,Java/assets/companions/lyra/animations/npc_lyra_model_up_right_start_walk_anim.frames,required-per-asset-metadata,review-required; not-authorized-for-deletion
DUP-0831,92961e9752250efa971147344b22295db32d7b75e940e0971e5fb34f21d0bc67,3,244,729,Java/assets/companions/lyra/animations/npc_lyra_model_up_right_stop_walk_anim.frames,required-per-asset-metadata,review-required; not-authorized-for-deletion
DUP-0831,92961e9752250efa971147344b22295db32d7b75e940e0971e5fb34f21d0bc67,3,244,729,Java/assets/companions/lyra/animations/npc_lyra_model_up_start_walk_anim.frames,required-per-asset-metadata,review-required; not-authorized-for-deletion
DUP-0831,92961e9752250efa971147344b22295db32d7b75e940e0971e5fb34f21d0bc67,3,244,729,Java/assets/companions/lyra/animations/npc_lyra_model_up_stop_walk_anim.frames,required-per-asset-metadata,review-required; not-authorized-for-deletion
DUP-0831,92961e9752250efa971147344b22295db32d7b75e940e0971e5fb34f21d0bc67,3,244,729,Java/assets/companions/maera/animations/npc_maera_model_down_left_start_walk_anim.frames,required-per-asset-metadata,review-required; not-authorized-for-deletion
DUP-0831,92961e9752250efa971147344b22295db32d7b75e940e0971e5fb34f21d0bc67,3,244,729,Java/assets/companions/maera/animations/npc_maera_model_down_left_stop_walk_anim.frames,required-per-asset-metadata,review-required; not-authorized-for-deletion
DUP-0831,92961e9752250efa971147344b22295db32d7b75e940e0971e5fb34f21d0bc67,3,244,729,Java/assets/companions/maera/animations/npc_maera_model_down_right_start_walk_anim.frames,required-per-asset-metadata,review-required; not-authorized-for-deletion
DUP-0831,92961e9752250efa971147344b22295db32d7b75e940e0971e5fb34f21d0bc67,3,244,729,Java/assets/companions/maera/animations/npc_maera_model_down_right_stop_walk_anim.frames,required-per-asset-metadata,review-required; not-authorized-for-deletion
DUP-0831,92961e9752250efa971147344b22295db32d7b75e940e0971e5fb34f21d0bc67,3,244,729,Java/assets/companions/maera/animations/npc_maera_model_down_start_walk_anim.frames,required-per-asset-metadata,review-required; not-authorized-for-deletion
DUP-0831,92961e9752250efa971147344b22295db32d7b75e940e0971e5fb34f21d0bc67,3,244,729,Java/assets/companions/maera/animations/npc_maera_model_down_stop_walk_anim.frames,required-per-asset-metadata,review-required; not-authorized-for-deletion
DUP-0831,92961e9752250efa971147344b22295db32d7b75e940e0971e5fb34f21d0bc67,3,244,729,Java/assets/companions/maera/animations/npc_maera_model_left_start_walk_anim.frames,required-per-asset-metadata,review-required; not-authorized-for-deletion
DUP-0831,92961e9752250efa971147344b22295db32d7b75e940e0971e5fb34f21d0bc67,3,244,729,Java/assets/companions/maera/animations/npc_maera_model_left_stop_walk_anim.frames,required-per-asset-metadata,review-required; not-authorized-for-deletion
DUP-0831,92961e9752250efa971147344b22295db32d7b75e940e0971e5fb34f21d0bc67,3,244,729,Java/assets/companions/maera/animations/npc_maera_model_right_start_walk_anim.frames,required-per-asset-metadata,review-required; not-authorized-for-deletion
DUP-0831,92961e9752250efa971147344b22295db32d7b75e940e0971e5fb34f21d0bc67,3,244,729,Java/assets/companions/maera/animations/npc_maera_model_right_stop_walk_anim.frames,required-per-asset-metadata,review-required; not-authorized-for-deletion
DUP-0831,92961e9752250efa971147344b22295db32d7b75e940e0971e5fb34f21d0bc67,3,244,729,Java/assets/companions/maera/animations/npc_maera_model_up_left_start_walk_anim.frames,required-per-asset-metadata,review-required; not-authorized-for-deletion
DUP-0831,92961e9752250efa971147344b22295db32d7b75e940e0971e5fb34f21d0bc67,3,244,729,Java/assets/companions/maera/animations/npc_maera_model_up_left_stop_walk_anim.frames,required-per-asset-metadata,review-required; not-authorized-for-deletion
DUP-0831,92961e9752250efa971147344b22295db32d7b75e940e0971e5fb34f21d0bc67,3,244,729,Java/assets/companions/maera/animations/npc_maera_model_up_right_start_walk_anim.frames,required-per-asset-metadata,review-required; not-authorized-for-deletion
DUP-0831,92961e9752250efa971147344b22295db32d7b75e940e0971e5fb34f21d0bc67,3,244,729,Java/assets/companions/maera/animations/npc_maera_model_up_right_stop_walk_anim.frames,required-per-asset-metadata,review-required; not-authorized-for-deletion
DUP-0831,92961e9752250efa971147344b22295db32d7b75e940e0971e5fb34f21d0bc67,3,244,729,Java/assets/companions/maera/animations/npc_maera_model_up_start_walk_anim.frames,required-per-asset-metadata,review-required; not-authorized-for-deletion
DUP-0831,92961e9752250efa971147344b22295db32d7b75e940e0971e5fb34f21d0bc67,3,244,729,Java/assets/companions/maera/animations/npc_maera_model_up_stop_walk_anim.frames,required-per-asset-metadata,review-required; not-authorized-for-deletion
DUP-0831,92961e9752250efa971147344b22295db32d7b75e940e0971e5fb34f21d0bc67,3,244,729,Java/assets/companions/rafiq/animations/npc_rafiq_model_down_left_start_walk_anim.frames,required-per-asset-metadata,review-required; not-authorized-for-deletion
DUP-0831,92961e9752250efa971147344b22295db32d7b75e940e0971e5fb34f21d0bc67,3,244,729,Java/assets/companions/rafiq/animations/npc_rafiq_model_down_left_stop_walk_anim.frames,required-per-asset-metadata,review-required; not-authorized-for-deletion
DUP-0831,92961e9752250efa971147344b22295db32d7b75e940e0971e5fb34f21d0bc67,3,244,729,Java/assets/companions/rafiq/animations/npc_rafiq_model_down_right_start_walk_anim.frames,required-per-asset-metadata,review-required; not-authorized-for-deletion
DUP-0831,92961e9752250efa971147344b22295db32d7b75e940e0971e5fb34f21d0bc67,3,244,729,Java/assets/companions/rafiq/animations/npc_rafiq_model_down_right_stop_walk_anim.frames,required-per-asset-metadata,review-required; not-authorized-for-deletion
DUP-0831,92961e9752250efa971147344b22295db32d7b75e940e0971e5fb34f21d0bc67,3,244,729,Java/assets/companions/rafiq/animations/npc_rafiq_model_down_start_walk_anim.frames,required-per-asset-metadata,review-required; not-authorized-for-deletion
DUP-0831,92961e9752250efa971147344b22295db32d7b75e940e0971e5fb34f21d0bc67,3,244,729,Java/assets/companions/rafiq/animations/npc_rafiq_model_down_stop_walk_anim.frames,required-per-asset-metadata,review-required; not-authorized-for-deletion
DUP-0831,92961e9752250efa971147344b22295db32d7b75e940e0971e5fb34f21d0bc67,3,244,729,Java/assets/companions/rafiq/animations/npc_rafiq_model_left_start_walk_anim.frames,required-per-asset-metadata,review-required; not-authorized-for-deletion
DUP-0831,92961e9752250efa971147344b22295db32d7b75e940e0971e5fb34f21d0bc67,3,244,729,Java/assets/companions/rafiq/animations/npc_rafiq_model_left_stop_walk_anim.frames,required-per-asset-metadata,review-required; not-authorized-for-deletion
DUP-0831,92961e9752250efa971147344b22295db32d7b75e940e0971e5fb34f21d0bc67,3,244,729,Java/assets/companions/rafiq/animations/npc_rafiq_model_right_start_walk_anim.frames,required-per-asset-metadata,review-required; not-authorized-for-deletion
DUP-0831,92961e9752250efa971147344b22295db32d7b75e940e0971e5fb34f21d0bc67,3,244,729,Java/assets/companions/rafiq/animations/npc_rafiq_model_right_stop_walk_anim.frames,required-per-asset-metadata,review-required; not-authorized-for-deletion
DUP-0831,92961e9752250efa971147344b22295db32d7b75e940e0971e5fb34f21d0bc67,3,244,729,Java/assets/companions/rafiq/animations/npc_rafiq_model_up_left_start_walk_anim.frames,required-per-asset-metadata,review-required; not-authorized-for-deletion
DUP-0831,92961e9752250efa971147344b22295db32d7b75e940e0971e5fb34f21d0bc67,3,244,729,Java/assets/companions/rafiq/animations/npc_rafiq_model_up_left_stop_walk_anim.frames,required-per-asset-metadata,review-required; not-authorized-for-deletion
DUP-0831,92961e9752250efa971147344b22295db32d7b75e940e0971e5fb34f21d0bc67,3,244,729,Java/assets/companions/rafiq/animations/npc_rafiq_model_up_right_start_walk_anim.frames,required-per-asset-metadata,review-required; not-authorized-for-deletion
DUP-0831,92961e9752250efa971147344b22295db32d7b75e940e0971e5fb34f21d0bc67,3,244,729,Java/assets/companions/rafiq/animations/npc_rafiq_model_up_right_stop_walk_anim.frames,required-per-asset-metadata,review-required; not-authorized-for-deletion
DUP-0831,92961e9752250efa971147344b22295db32d7b75e940e0971e5fb34f21d0bc67,3,244,729,Java/assets/companions/rafiq/animations/npc_rafiq_model_up_start_walk_anim.frames,required-per-asset-metadata,review-required; not-authorized-for-deletion
DUP-0831,92961e9752250efa971147344b22295db32d7b75e940e0971e5fb34f21d0bc67,3,244,729,Java/assets/companions/rafiq/animations/npc_rafiq_model_up_stop_walk_anim.frames,required-per-asset-metadata,review-required; not-authorized-for-deletion
DUP-0831,92961e9752250efa971147344b22295db32d7b75e940e0971e5fb34f21d0bc67,3,244,729,Java/assets/companions/samir/animations/npc_samir_model_down_left_start_walk_anim.frames,required-per-asset-metadata,review-required; not-authorized-for-deletion
DUP-0831,92961e9752250efa971147344b22295db32d7b75e940e0971e5fb34f21d0bc67,3,244,729,Java/assets/companions/samir/animations/npc_samir_model_down_left_stop_walk_anim.frames,required-per-asset-metadata,review-required; not-authorized-for-deletion
DUP-0831,92961e9752250efa971147344b22295db32d7b75e940e0971e5fb34f21d0bc67,3,244,729,Java/assets/companions/samir/animations/npc_samir_model_down_right_start_walk_anim.frames,required-per-asset-metadata,review-required; not-authorized-for-deletion
DUP-0831,92961e9752250efa971147344b22295db32d7b75e940e0971e5fb34f21d0bc67,3,244,729,Java/assets/companions/samir/animations/npc_samir_model_down_right_stop_walk_anim.frames,required-per-asset-metadata,review-required; not-authorized-for-deletion
DUP-0831,92961e9752250efa971147344b22295db32d7b75e940e0971e5fb34f21d0bc67,3,244,729,Java/assets/companions/samir/animations/npc_samir_model_down_start_walk_anim.frames,required-per-asset-metadata,review-required; not-authorized-for-deletion
DUP-0831,92961e9752250efa971147344b22295db32d7b75e940e0971e5fb34f21d0bc67,3,244,729,Java/assets/companions/samir/animations/npc_samir_model_down_stop_walk_anim.frames,required-per-asset-metadata,review-required; not-authorized-for-deletion
DUP-0831,92961e9752250efa971147344b22295db32d7b75e940e0971e5fb34f21d0bc67,3,244,729,Java/assets/companions/samir/animations/npc_samir_model_left_start_walk_anim.frames,required-per-asset-metadata,review-required; not-authorized-for-deletion
DUP-0831,92961e9752250efa971147344b22295db32d7b75e940e0971e5fb34f21d0bc67,3,244,729,Java/assets/companions/samir/animations/npc_samir_model_left_stop_walk_anim.frames,required-per-asset-metadata,review-required; not-authorized-for-deletion
DUP-0831,92961e9752250efa971147344b22295db32d7b75e940e0971e5fb34f21d0bc67,3,244,729,Java/assets/companions/samir/animations/npc_samir_model_right_start_walk_anim.frames,required-per-asset-metadata,review-required; not-authorized-for-deletion
DUP-0831,92961e9752250efa971147344b22295db32d7b75e940e0971e5fb34f21d0bc67,3,244,729,Java/assets/companions/samir/animations/npc_samir_model_right_stop_walk_anim.frames,required-per-asset-metadata,review-required; not-authorized-for-deletion
DUP-0831,92961e9752250efa971147344b22295db32d7b75e940e0971e5fb34f21d0bc67,3,244,729,Java/assets/companions/samir/animations/npc_samir_model_up_left_start_walk_anim.frames,required-per-asset-metadata,review-required; not-authorized-for-deletion
DUP-0831,92961e9752250efa971147344b22295db32d7b75e940e0971e5fb34f21d0bc67,3,244,729,Java/assets/companions/samir/animations/npc_samir_model_up_left_stop_walk_anim.frames,required-per-asset-metadata,review-required; not-authorized-for-deletion
DUP-0831,92961e9752250efa971147344b22295db32d7b75e940e0971e5fb34f21d0bc67,3,244,729,Java/assets/companions/samir/animations/npc_samir_model_up_right_start_walk_anim.frames,required-per-asset-metadata,review-required; not-authorized-for-deletion
DUP-0831,92961e9752250efa971147344b22295db32d7b75e940e0971e5fb34f21d0bc67,3,244,729,Java/assets/companions/samir/animations/npc_samir_model_up_right_stop_walk_anim.frames,required-per-asset-metadata,review-required; not-authorized-for-deletion
DUP-0831,92961e9752250efa971147344b22295db32d7b75e940e0971e5fb34f21d0bc67,3,244,729,Java/assets/companions/samir/animations/npc_samir_model_up_start_walk_anim.frames,required-per-asset-metadata,review-required; not-authorized-for-deletion
DUP-0831,92961e9752250efa971147344b22295db32d7b75e940e0971e5fb34f21d0bc67,3,244,729,Java/assets/companions/samir/animations/npc_samir_model_up_stop_walk_anim.frames,required-per-asset-metadata,review-required; not-authorized-for-deletion
DUP-0831,92961e9752250efa971147344b22295db32d7b75e940e0971e5fb34f21d0bc67,3,244,729,Java/assets/companions/seraphine/animations/npc_seraphine_model_down_left_start_walk_anim.frames,required-per-asset-metadata,review-required; not-authorized-for-deletion
DUP-0831,92961e9752250efa971147344b22295db32d7b75e940e0971e5fb34f21d0bc67,3,244,729,Java/assets/companions/seraphine/animations/npc_seraphine_model_down_left_stop_walk_anim.frames,required-per-asset-metadata,review-required; not-authorized-for-deletion
DUP-0831,92961e9752250efa971147344b22295db32d7b75e940e0971e5fb34f21d0bc67,3,244,729,Java/assets/companions/seraphine/animations/npc_seraphine_model_down_right_start_walk_anim.frames,required-per-asset-metadata,review-required; not-authorized-for-deletion
DUP-0831,92961e9752250efa971147344b22295db32d7b75e940e0971e5fb34f21d0bc67,3,244,729,Java/assets/companions/seraphine/animations/npc_seraphine_model_down_right_stop_walk_anim.frames,required-per-asset-metadata,review-required; not-authorized-for-deletion
DUP-0831,92961e9752250efa971147344b22295db32d7b75e940e0971e5fb34f21d0bc67,3,244,729,Java/assets/companions/seraphine/animations/npc_seraphine_model_down_start_walk_anim.frames,required-per-asset-metadata,review-required; not-authorized-for-deletion
DUP-0831,92961e9752250efa971147344b22295db32d7b75e940e0971e5fb34f21d0bc67,3,244,729,Java/assets/companions/seraphine/animations/npc_seraphine_model_down_stop_walk_anim.frames,required-per-asset-metadata,review-required; not-authorized-for-deletion
DUP-0831,92961e9752250efa971147344b22295db32d7b75e940e0971e5fb34f21d0bc67,3,244,729,Java/assets/companions/seraphine/animations/npc_seraphine_model_left_start_walk_anim.frames,required-per-asset-metadata,review-required; not-authorized-for-deletion
DUP-0831,92961e9752250efa971147344b22295db32d7b75e940e0971e5fb34f21d0bc67,3,244,729,Java/assets/companions/seraphine/animations/npc_seraphine_model_left_stop_walk_anim.frames,required-per-asset-metadata,review-required; not-authorized-for-deletion
DUP-0831,92961e9752250efa971147344b22295db32d7b75e940e0971e5fb34f21d0bc67,3,244,729,Java/assets/companions/seraphine/animations/npc_seraphine_model_right_start_walk_anim.frames,required-per-asset-metadata,review-required; not-authorized-for-deletion
DUP-0831,92961e9752250efa971147344b22295db32d7b75e940e0971e5fb34f21d0bc67,3,244,729,Java/assets/companions/seraphine/animations/npc_seraphine_model_right_stop_walk_anim.frames,required-per-asset-metadata,review-required; not-authorized-for-deletion
DUP-0831,92961e9752250efa971147344b22295db32d7b75e940e0971e5fb34f21d0bc67,3,244,729,Java/assets/companions/seraphine/animations/npc_seraphine_model_up_left_start_walk_anim.frames,required-per-asset-metadata,review-required; not-authorized-for-deletion
DUP-0831,92961e9752250efa971147344b22295db32d7b75e940e0971e5fb34f21d0bc67,3,244,729,Java/assets/companions/seraphine/animations/npc_seraphine_model_up_left_stop_walk_anim.frames,required-per-asset-metadata,review-required; not-authorized-for-deletion
DUP-0831,92961e9752250efa971147344b22295db32d7b75e940e0971e5fb34f21d0bc67,3,244,729,Java/assets/companions/seraphine/animations/npc_seraphine_model_up_right_start_walk_anim.frames,required-per-asset-metadata,review-required; not-authorized-for-deletion
DUP-0831,92961e9752250efa971147344b22295db32d7b75e940e0971e5fb34f21d0bc67,3,244,729,Java/assets/companions/seraphine/animations/npc_seraphine_model_up_right_stop_walk_anim.frames,required-per-asset-metadata,review-required; not-authorized-for-deletion
DUP-0831,92961e9752250efa971147344b22295db32d7b75e940e0971e5fb34f21d0bc67,3,244,729,Java/assets/companions/seraphine/animations/npc_seraphine_model_up_start_walk_anim.frames,required-per-asset-metadata,review-required; not-authorized-for-deletion
DUP-0831,92961e9752250efa971147344b22295db32d7b75e940e0971e5fb34f21d0bc67,3,244,729,Java/assets/companions/seraphine/animations/npc_seraphine_model_up_stop_walk_anim.frames,required-per-asset-metadata,review-required; not-authorized-for-deletion
DUP-0831,92961e9752250efa971147344b22295db32d7b75e940e0971e5fb34f21d0bc67,3,244,729,Java/assets/companions/vesper/animations/npc_vesper_model_down_left_start_walk_anim.frames,required-per-asset-metadata,review-required; not-authorized-for-deletion
DUP-0831,92961e9752250efa971147344b22295db32d7b75e940e0971e5fb34f21d0bc67,3,244,729,Java/assets/companions/vesper/animations/npc_vesper_model_down_left_stop_walk_anim.frames,required-per-asset-metadata,review-required; not-authorized-for-deletion
DUP-0831,92961e9752250efa971147344b22295db32d7b75e940e0971e5fb34f21d0bc67,3,244,729,Java/assets/companions/vesper/animations/npc_vesper_model_down_right_start_walk_anim.frames,required-per-asset-metadata,review-required; not-authorized-for-deletion
DUP-0831,92961e9752250efa971147344b22295db32d7b75e940e0971e5fb34f21d0bc67,3,244,729,Java/assets/companions/vesper/animations/npc_vesper_model_down_right_stop_walk_anim.frames,required-per-asset-metadata,review-required; not-authorized-for-deletion
DUP-0831,92961e9752250efa971147344b22295db32d7b75e940e0971e5fb34f21d0bc67,3,244,729,Java/assets/companions/vesper/animations/npc_vesper_model_down_start_walk_anim.frames,required-per-asset-metadata,review-required; not-authorized-for-deletion
DUP-0831,92961e9752250efa971147344b22295db32d7b75e940e0971e5fb34f21d0bc67,3,244,729,Java/assets/companions/vesper/animations/npc_vesper_model_down_stop_walk_anim.frames,required-per-asset-metadata,review-required; not-authorized-for-deletion
DUP-0831,92961e9752250efa971147344b22295db32d7b75e940e0971e5fb34f21d0bc67,3,244,729,Java/assets/companions/vesper/animations/npc_vesper_model_left_start_walk_anim.frames,required-per-asset-metadata,review-required; not-authorized-for-deletion
DUP-0831,92961e9752250efa971147344b22295db32d7b75e940e0971e5fb34f21d0bc67,3,244,729,Java/assets/companions/vesper/animations/npc_vesper_model_left_stop_walk_anim.frames,required-per-asset-metadata,review-required; not-authorized-for-deletion
DUP-0831,92961e9752250efa971147344b22295db32d7b75e940e0971e5fb34f21d0bc67,3,244,729,Java/assets/companions/vesper/animations/npc_vesper_model_right_start_walk_anim.frames,required-per-asset-metadata,review-required; not-authorized-for-deletion
DUP-0831,92961e9752250efa971147344b22295db32d7b75e940e0971e5fb34f21d0bc67,3,244,729,Java/assets/companions/vesper/animations/npc_vesper_model_right_stop_walk_anim.frames,required-per-asset-metadata,review-required; not-authorized-for-deletion
DUP-0831,92961e9752250efa971147344b22295db32d7b75e940e0971e5fb34f21d0bc67,3,244,729,Java/assets/companions/vesper/animations/npc_vesper_model_up_left_start_walk_anim.frames,required-per-asset-metadata,review-required; not-authorized-for-deletion
DUP-0831,92961e9752250efa971147344b22295db32d7b75e940e0971e5fb34f21d0bc67,3,244,729,Java/assets/companions/vesper/animations/npc_vesper_model_up_left_stop_walk_anim.frames,required-per-asset-metadata,review-required; not-authorized-for-deletion
DUP-0831,92961e9752250efa971147344b22295db32d7b75e940e0971e5fb34f21d0bc67,3,244,729,Java/assets/companions/vesper/animations/npc_vesper_model_up_right_start_walk_anim.frames,required-per-asset-metadata,review-required; not-authorized-for-deletion
DUP-0831,92961e9752250efa971147344b22295db32d7b75e940e0971e5fb34f21d0bc67,3,244,729,Java/assets/companions/vesper/animations/npc_vesper_model_up_right_stop_walk_anim.frames,required-per-asset-metadata,review-required; not-authorized-for-deletion
DUP-0831,92961e9752250efa971147344b22295db32d7b75e940e0971e5fb34f21d0bc67,3,244,729,Java/assets/companions/vesper/animations/npc_vesper_model_up_start_walk_anim.frames,required-per-asset-metadata,review-required; not-authorized-for-deletion
DUP-0831,92961e9752250efa971147344b22295db32d7b75e940e0971e5fb34f21d0bc67,3,244,729,Java/assets/companions/vesper/animations/npc_vesper_model_up_stop_walk_anim.frames,required-per-asset-metadata,review-required; not-authorized-for-deletion
DUP-0831,92961e9752250efa971147344b22295db32d7b75e940e0971e5fb34f21d0bc67,3,244,729,Java/assets/npcs/animations/npc_blacksmith_model_down_hammer_anim.frames,required-per-asset-metadata,review-required; not-authorized-for-deletion
DUP-0831,92961e9752250efa971147344b22295db32d7b75e940e0971e5fb34f21d0bc67,3,244,729,Java/assets/npcs/animations/npc_merchant_model_down_inspect_anim.frames,required-per-asset-metadata,review-required; not-authorized-for-deletion
DUP-0831,92961e9752250efa971147344b22295db32d7b75e940e0971e5fb34f21d0bc67,3,244,729,Java/assets/player/base/animations/player_model_down_left_start_walk_anim.frames,required-per-asset-metadata,review-required; not-authorized-for-deletion
DUP-0831,92961e9752250efa971147344b22295db32d7b75e940e0971e5fb34f21d0bc67,3,244,729,Java/assets/player/base/animations/player_model_down_left_stop_walk_anim.frames,required-per-asset-metadata,review-required; not-authorized-for-deletion
DUP-0831,92961e9752250efa971147344b22295db32d7b75e940e0971e5fb34f21d0bc67,3,244,729,Java/assets/player/base/animations/player_model_down_right_start_walk_anim.frames,required-per-asset-metadata,review-required; not-authorized-for-deletion
DUP-0831,92961e9752250efa971147344b22295db32d7b75e940e0971e5fb34f21d0bc67,3,244,729,Java/assets/player/base/animations/player_model_down_right_stop_walk_anim.frames,required-per-asset-metadata,review-required; not-authorized-for-deletion
DUP-0831,92961e9752250efa971147344b22295db32d7b75e940e0971e5fb34f21d0bc67,3,244,729,Java/assets/player/base/animations/player_model_down_start_walk_anim.frames,required-per-asset-metadata,review-required; not-authorized-for-deletion
DUP-0831,92961e9752250efa971147344b22295db32d7b75e940e0971e5fb34f21d0bc67,3,244,729,Java/assets/player/base/animations/player_model_down_stop_walk_anim.frames,required-per-asset-metadata,review-required; not-authorized-for-deletion
DUP-0831,92961e9752250efa971147344b22295db32d7b75e940e0971e5fb34f21d0bc67,3,244,729,Java/assets/player/base/animations/player_model_left_start_walk_anim.frames,required-per-asset-metadata,review-required; not-authorized-for-deletion
DUP-0831,92961e9752250efa971147344b22295db32d7b75e940e0971e5fb34f21d0bc67,3,244,729,Java/assets/player/base/animations/player_model_left_stop_walk_anim.frames,required-per-asset-metadata,review-required; not-authorized-for-deletion
DUP-0831,92961e9752250efa971147344b22295db32d7b75e940e0971e5fb34f21d0bc67,3,244,729,Java/assets/player/base/animations/player_model_right_start_walk_anim.frames,required-per-asset-metadata,review-required; not-authorized-for-deletion
DUP-0831,92961e9752250efa971147344b22295db32d7b75e940e0971e5fb34f21d0bc67,3,244,729,Java/assets/player/base/animations/player_model_right_stop_walk_anim.frames,required-per-asset-metadata,review-required; not-authorized-for-deletion
DUP-0831,92961e9752250efa971147344b22295db32d7b75e940e0971e5fb34f21d0bc67,3,244,729,Java/assets/player/base/animations/player_model_up_left_start_walk_anim.frames,required-per-asset-metadata,review-required; not-authorized-for-deletion
DUP-0831,92961e9752250efa971147344b22295db32d7b75e940e0971e5fb34f21d0bc67,3,244,729,Java/assets/player/base/animations/player_model_up_left_stop_walk_anim.frames,required-per-asset-metadata,review-required; not-authorized-for-deletion
DUP-0831,92961e9752250efa971147344b22295db32d7b75e940e0971e5fb34f21d0bc67,3,244,729,Java/assets/player/base/animations/player_model_up_right_start_walk_anim.frames,required-per-asset-metadata,review-required; not-authorized-for-deletion
DUP-0831,92961e9752250efa971147344b22295db32d7b75e940e0971e5fb34f21d0bc67,3,244,729,Java/assets/player/base/animations/player_model_up_right_stop_walk_anim.frames,required-per-asset-metadata,review-required; not-authorized-for-deletion
DUP-0831,92961e9752250efa971147344b22295db32d7b75e940e0971e5fb34f21d0bc67,3,244,729,Java/assets/player/base/animations/player_model_up_start_walk_anim.frames,required-per-asset-metadata,review-required; not-authorized-for-deletion
DUP-0831,92961e9752250efa971147344b22295db32d7b75e940e0971e5fb34f21d0bc67,3,244,729,Java/assets/player/base/animations/player_model_up_stop_walk_anim.frames,required-per-asset-metadata,review-required; not-authorized-for-deletion
DUP-0831,92961e9752250efa971147344b22295db32d7b75e940e0971e5fb34f21d0bc67,3,244,729,Java/assets/player/classes/cleric/animations/class_cleric_model_down_left_start_walk_anim.frames,required-per-asset-metadata,review-required; not-authorized-for-deletion
DUP-0831,92961e9752250efa971147344b22295db32d7b75e940e0971e5fb34f21d0bc67,3,244,729,Java/assets/player/classes/cleric/animations/class_cleric_model_down_left_stop_walk_anim.frames,required-per-asset-metadata,review-required; not-authorized-for-deletion
DUP-0831,92961e9752250efa971147344b22295db32d7b75e940e0971e5fb34f21d0bc67,3,244,729,Java/assets/player/classes/cleric/animations/class_cleric_model_down_right_start_walk_anim.frames,required-per-asset-metadata,review-required; not-authorized-for-deletion
DUP-0831,92961e9752250efa971147344b22295db32d7b75e940e0971e5fb34f21d0bc67,3,244,729,Java/assets/player/classes/cleric/animations/class_cleric_model_down_right_stop_walk_anim.frames,required-per-asset-metadata,review-required; not-authorized-for-deletion
DUP-0831,92961e9752250efa971147344b22295db32d7b75e940e0971e5fb34f21d0bc67,3,244,729,Java/assets/player/classes/cleric/animations/class_cleric_model_down_start_walk_anim.frames,required-per-asset-metadata,review-required; not-authorized-for-deletion
DUP-0831,92961e9752250efa971147344b22295db32d7b75e940e0971e5fb34f21d0bc67,3,244,729,Java/assets/player/classes/cleric/animations/class_cleric_model_down_stop_walk_anim.frames,required-per-asset-metadata,review-required; not-authorized-for-deletion
DUP-0831,92961e9752250efa971147344b22295db32d7b75e940e0971e5fb34f21d0bc67,3,244,729,Java/assets/player/classes/cleric/animations/class_cleric_model_left_start_walk_anim.frames,required-per-asset-metadata,review-required; not-authorized-for-deletion
DUP-0831,92961e9752250efa971147344b22295db32d7b75e940e0971e5fb34f21d0bc67,3,244,729,Java/assets/player/classes/cleric/animations/class_cleric_model_left_stop_walk_anim.frames,required-per-asset-metadata,review-required; not-authorized-for-deletion
DUP-0831,92961e9752250efa971147344b22295db32d7b75e940e0971e5fb34f21d0bc67,3,244,729,Java/assets/player/classes/cleric/animations/class_cleric_model_right_start_walk_anim.frames,required-per-asset-metadata,review-required; not-authorized-for-deletion
DUP-0831,92961e9752250efa971147344b22295db32d7b75e940e0971e5fb34f21d0bc67,3,244,729,Java/assets/player/classes/cleric/animations/class_cleric_model_right_stop_walk_anim.frames,required-per-asset-metadata,review-required; not-authorized-for-deletion
DUP-0831,92961e9752250efa971147344b22295db32d7b75e940e0971e5fb34f21d0bc67,3,244,729,Java/assets/player/classes/cleric/animations/class_cleric_model_up_left_start_walk_anim.frames,required-per-asset-metadata,review-required; not-authorized-for-deletion
DUP-0831,92961e9752250efa971147344b22295db32d7b75e940e0971e5fb34f21d0bc67,3,244,729,Java/assets/player/classes/cleric/animations/class_cleric_model_up_left_stop_walk_anim.frames,required-per-asset-metadata,review-required; not-authorized-for-deletion
DUP-0831,92961e9752250efa971147344b22295db32d7b75e940e0971e5fb34f21d0bc67,3,244,729,Java/assets/player/classes/cleric/animations/class_cleric_model_up_right_start_walk_anim.frames,required-per-asset-metadata,review-required; not-authorized-for-deletion
DUP-0831,92961e9752250efa971147344b22295db32d7b75e940e0971e5fb34f21d0bc67,3,244,729,Java/assets/player/classes/cleric/animations/class_cleric_model_up_right_stop_walk_anim.frames,required-per-asset-metadata,review-required; not-authorized-for-deletion
DUP-0831,92961e9752250efa971147344b22295db32d7b75e940e0971e5fb34f21d0bc67,3,244,729,Java/assets/player/classes/cleric/animations/class_cleric_model_up_start_walk_anim.frames,required-per-asset-metadata,review-required; not-authorized-for-deletion
DUP-0831,92961e9752250efa971147344b22295db32d7b75e940e0971e5fb34f21d0bc67,3,244,729,Java/assets/player/classes/cleric/animations/class_cleric_model_up_stop_walk_anim.frames,required-per-asset-metadata,review-required; not-authorized-for-deletion
DUP-0831,92961e9752250efa971147344b22295db32d7b75e940e0971e5fb34f21d0bc67,3,244,729,Java/assets/player/classes/knight/animations/class_knight_model_down_left_start_walk_anim.frames,required-per-asset-metadata,review-required; not-authorized-for-deletion
DUP-0831,92961e9752250efa971147344b22295db32d7b75e940e0971e5fb34f21d0bc67,3,244,729,Java/assets/player/classes/knight/animations/class_knight_model_down_left_stop_walk_anim.frames,required-per-asset-metadata,review-required; not-authorized-for-deletion
DUP-0831,92961e9752250efa971147344b22295db32d7b75e940e0971e5fb34f21d0bc67,3,244,729,Java/assets/player/classes/knight/animations/class_knight_model_down_right_start_walk_anim.frames,required-per-asset-metadata,review-required; not-authorized-for-deletion
DUP-0831,92961e9752250efa971147344b22295db32d7b75e940e0971e5fb34f21d0bc67,3,244,729,Java/assets/player/classes/knight/animations/class_knight_model_down_right_stop_walk_anim.frames,required-per-asset-metadata,review-required; not-authorized-for-deletion
DUP-0831,92961e9752250efa971147344b22295db32d7b75e940e0971e5fb34f21d0bc67,3,244,729,Java/assets/player/classes/knight/animations/class_knight_model_down_start_walk_anim.frames,required-per-asset-metadata,review-required; not-authorized-for-deletion
DUP-0831,92961e9752250efa971147344b22295db32d7b75e940e0971e5fb34f21d0bc67,3,244,729,Java/assets/player/classes/knight/animations/class_knight_model_down_stop_walk_anim.frames,required-per-asset-metadata,review-required; not-authorized-for-deletion
DUP-0831,92961e9752250efa971147344b22295db32d7b75e940e0971e5fb34f21d0bc67,3,244,729,Java/assets/player/classes/knight/animations/class_knight_model_left_start_walk_anim.frames,required-per-asset-metadata,review-required; not-authorized-for-deletion
DUP-0831,92961e9752250efa971147344b22295db32d7b75e940e0971e5fb34f21d0bc67,3,244,729,Java/assets/player/classes/knight/animations/class_knight_model_left_stop_walk_anim.frames,required-per-asset-metadata,review-required; not-authorized-for-deletion
DUP-0831,92961e9752250efa971147344b22295db32d7b75e940e0971e5fb34f21d0bc67,3,244,729,Java/assets/player/classes/knight/animations/class_knight_model_right_start_walk_anim.frames,required-per-asset-metadata,review-required; not-authorized-for-deletion
DUP-0831,92961e9752250efa971147344b22295db32d7b75e940e0971e5fb34f21d0bc67,3,244,729,Java/assets/player/classes/knight/animations/class_knight_model_right_stop_walk_anim.frames,required-per-asset-metadata,review-required; not-authorized-for-deletion
DUP-0831,92961e9752250efa971147344b22295db32d7b75e940e0971e5fb34f21d0bc67,3,244,729,Java/assets/player/classes/knight/animations/class_knight_model_up_left_start_walk_anim.frames,required-per-asset-metadata,review-required; not-authorized-for-deletion
DUP-0831,92961e9752250efa971147344b22295db32d7b75e940e0971e5fb34f21d0bc67,3,244,729,Java/assets/player/classes/knight/animations/class_knight_model_up_left_stop_walk_anim.frames,required-per-asset-metadata,review-required; not-authorized-for-deletion
DUP-0831,92961e9752250efa971147344b22295db32d7b75e940e0971e5fb34f21d0bc67,3,244,729,Java/assets/player/classes/knight/animations/class_knight_model_up_right_start_walk_anim.frames,required-per-asset-metadata,review-required; not-authorized-for-deletion
DUP-0831,92961e9752250efa971147344b22295db32d7b75e940e0971e5fb34f21d0bc67,3,244,729,Java/assets/player/classes/knight/animations/class_knight_model_up_right_stop_walk_anim.frames,required-per-asset-metadata,review-required; not-authorized-for-deletion
DUP-0831,92961e9752250efa971147344b22295db32d7b75e940e0971e5fb34f21d0bc67,3,244,729,Java/assets/player/classes/knight/animations/class_knight_model_up_start_walk_anim.frames,required-per-asset-metadata,review-required; not-authorized-for-deletion
DUP-0831,92961e9752250efa971147344b22295db32d7b75e940e0971e5fb34f21d0bc67,3,244,729,Java/assets/player/classes/knight/animations/class_knight_model_up_stop_walk_anim.frames,required-per-asset-metadata,review-required; not-authorized-for-deletion
DUP-0831,92961e9752250efa971147344b22295db32d7b75e940e0971e5fb34f21d0bc67,3,244,729,Java/assets/player/classes/mage/animations/class_mage_model_down_left_start_walk_anim.frames,required-per-asset-metadata,review-required; not-authorized-for-deletion
DUP-0831,92961e9752250efa971147344b22295db32d7b75e940e0971e5fb34f21d0bc67,3,244,729,Java/assets/player/classes/mage/animations/class_mage_model_down_left_stop_walk_anim.frames,required-per-asset-metadata,review-required; not-authorized-for-deletion
DUP-0831,92961e9752250efa971147344b22295db32d7b75e940e0971e5fb34f21d0bc67,3,244,729,Java/assets/player/classes/mage/animations/class_mage_model_down_right_start_walk_anim.frames,required-per-asset-metadata,review-required; not-authorized-for-deletion
DUP-0831,92961e9752250efa971147344b22295db32d7b75e940e0971e5fb34f21d0bc67,3,244,729,Java/assets/player/classes/mage/animations/class_mage_model_down_right_stop_walk_anim.frames,required-per-asset-metadata,review-required; not-authorized-for-deletion
DUP-0831,92961e9752250efa971147344b22295db32d7b75e940e0971e5fb34f21d0bc67,3,244,729,Java/assets/player/classes/mage/animations/class_mage_model_down_start_walk_anim.frames,required-per-asset-metadata,review-required; not-authorized-for-deletion
DUP-0831,92961e9752250efa971147344b22295db32d7b75e940e0971e5fb34f21d0bc67,3,244,729,Java/assets/player/classes/mage/animations/class_mage_model_down_stop_walk_anim.frames,required-per-asset-metadata,review-required; not-authorized-for-deletion
DUP-0831,92961e9752250efa971147344b22295db32d7b75e940e0971e5fb34f21d0bc67,3,244,729,Java/assets/player/classes/mage/animations/class_mage_model_left_start_walk_anim.frames,required-per-asset-metadata,review-required; not-authorized-for-deletion
DUP-0831,92961e9752250efa971147344b22295db32d7b75e940e0971e5fb34f21d0bc67,3,244,729,Java/assets/player/classes/mage/animations/class_mage_model_left_stop_walk_anim.frames,required-per-asset-metadata,review-required; not-authorized-for-deletion
DUP-0831,92961e9752250efa971147344b22295db32d7b75e940e0971e5fb34f21d0bc67,3,244,729,Java/assets/player/classes/mage/animations/class_mage_model_right_start_walk_anim.frames,required-per-asset-metadata,review-required; not-authorized-for-deletion
DUP-0831,92961e9752250efa971147344b22295db32d7b75e940e0971e5fb34f21d0bc67,3,244,729,Java/assets/player/classes/mage/animations/class_mage_model_right_stop_walk_anim.frames,required-per-asset-metadata,review-required; not-authorized-for-deletion
DUP-0831,92961e9752250efa971147344b22295db32d7b75e940e0971e5fb34f21d0bc67,3,244,729,Java/assets/player/classes/mage/animations/class_mage_model_up_left_start_walk_anim.frames,required-per-asset-metadata,review-required; not-authorized-for-deletion
DUP-0831,92961e9752250efa971147344b22295db32d7b75e940e0971e5fb34f21d0bc67,3,244,729,Java/assets/player/classes/mage/animations/class_mage_model_up_left_stop_walk_anim.frames,required-per-asset-metadata,review-required; not-authorized-for-deletion
DUP-0831,92961e9752250efa971147344b22295db32d7b75e940e0971e5fb34f21d0bc67,3,244,729,Java/assets/player/classes/mage/animations/class_mage_model_up_right_start_walk_anim.frames,required-per-asset-metadata,review-required; not-authorized-for-deletion
DUP-0831,92961e9752250efa971147344b22295db32d7b75e940e0971e5fb34f21d0bc67,3,244,729,Java/assets/player/classes/mage/animations/class_mage_model_up_right_stop_walk_anim.frames,required-per-asset-metadata,review-required; not-authorized-for-deletion
DUP-0831,92961e9752250efa971147344b22295db32d7b75e940e0971e5fb34f21d0bc67,3,244,729,Java/assets/player/classes/mage/animations/class_mage_model_up_start_walk_anim.frames,required-per-asset-metadata,review-required; not-authorized-for-deletion
DUP-0831,92961e9752250efa971147344b22295db32d7b75e940e0971e5fb34f21d0bc67,3,244,729,Java/assets/player/classes/mage/animations/class_mage_model_up_stop_walk_anim.frames,required-per-asset-metadata,review-required; not-authorized-for-deletion
DUP-0831,92961e9752250efa971147344b22295db32d7b75e940e0971e5fb34f21d0bc67,3,244,729,Java/assets/player/classes/ranger/animations/class_ranger_model_down_left_start_walk_anim.frames,required-per-asset-metadata,review-required; not-authorized-for-deletion
DUP-0831,92961e9752250efa971147344b22295db32d7b75e940e0971e5fb34f21d0bc67,3,244,729,Java/assets/player/classes/ranger/animations/class_ranger_model_down_left_stop_walk_anim.frames,required-per-asset-metadata,review-required; not-authorized-for-deletion
DUP-0831,92961e9752250efa971147344b22295db32d7b75e940e0971e5fb34f21d0bc67,3,244,729,Java/assets/player/classes/ranger/animations/class_ranger_model_down_right_start_walk_anim.frames,required-per-asset-metadata,review-required; not-authorized-for-deletion
DUP-0831,92961e9752250efa971147344b22295db32d7b75e940e0971e5fb34f21d0bc67,3,244,729,Java/assets/player/classes/ranger/animations/class_ranger_model_down_right_stop_walk_anim.frames,required-per-asset-metadata,review-required; not-authorized-for-deletion
DUP-0831,92961e9752250efa971147344b22295db32d7b75e940e0971e5fb34f21d0bc67,3,244,729,Java/assets/player/classes/ranger/animations/class_ranger_model_down_start_walk_anim.frames,required-per-asset-metadata,review-required; not-authorized-for-deletion
DUP-0831,92961e9752250efa971147344b22295db32d7b75e940e0971e5fb34f21d0bc67,3,244,729,Java/assets/player/classes/ranger/animations/class_ranger_model_down_stop_walk_anim.frames,required-per-asset-metadata,review-required; not-authorized-for-deletion
DUP-0831,92961e9752250efa971147344b22295db32d7b75e940e0971e5fb34f21d0bc67,3,244,729,Java/assets/player/classes/ranger/animations/class_ranger_model_left_start_walk_anim.frames,required-per-asset-metadata,review-required; not-authorized-for-deletion
DUP-0831,92961e9752250efa971147344b22295db32d7b75e940e0971e5fb34f21d0bc67,3,244,729,Java/assets/player/classes/ranger/animations/class_ranger_model_left_stop_walk_anim.frames,required-per-asset-metadata,review-required; not-authorized-for-deletion
DUP-0831,92961e9752250efa971147344b22295db32d7b75e940e0971e5fb34f21d0bc67,3,244,729,Java/assets/player/classes/ranger/animations/class_ranger_model_right_start_walk_anim.frames,required-per-asset-metadata,review-required; not-authorized-for-deletion
DUP-0831,92961e9752250efa971147344b22295db32d7b75e940e0971e5fb34f21d0bc67,3,244,729,Java/assets/player/classes/ranger/animations/class_ranger_model_right_stop_walk_anim.frames,required-per-asset-metadata,review-required; not-authorized-for-deletion
DUP-0831,92961e9752250efa971147344b22295db32d7b75e940e0971e5fb34f21d0bc67,3,244,729,Java/assets/player/classes/ranger/animations/class_ranger_model_up_left_start_walk_anim.frames,required-per-asset-metadata,review-required; not-authorized-for-deletion
DUP-0831,92961e9752250efa971147344b22295db32d7b75e940e0971e5fb34f21d0bc67,3,244,729,Java/assets/player/classes/ranger/animations/class_ranger_model_up_left_stop_walk_anim.frames,required-per-asset-metadata,review-required; not-authorized-for-deletion
DUP-0831,92961e9752250efa971147344b22295db32d7b75e940e0971e5fb34f21d0bc67,3,244,729,Java/assets/player/classes/ranger/animations/class_ranger_model_up_right_start_walk_anim.frames,required-per-asset-metadata,review-required; not-authorized-for-deletion
DUP-0831,92961e9752250efa971147344b22295db32d7b75e940e0971e5fb34f21d0bc67,3,244,729,Java/assets/player/classes/ranger/animations/class_ranger_model_up_right_stop_walk_anim.frames,required-per-asset-metadata,review-required; not-authorized-for-deletion
DUP-0831,92961e9752250efa971147344b22295db32d7b75e940e0971e5fb34f21d0bc67,3,244,729,Java/assets/player/classes/ranger/animations/class_ranger_model_up_start_walk_anim.frames,required-per-asset-metadata,review-required; not-authorized-for-deletion
DUP-0831,92961e9752250efa971147344b22295db32d7b75e940e0971e5fb34f21d0bc67,3,244,729,Java/assets/player/classes/ranger/animations/class_ranger_model_up_stop_walk_anim.frames,required-per-asset-metadata,review-required; not-authorized-for-deletion
DUP-0831,92961e9752250efa971147344b22295db32d7b75e940e0971e5fb34f21d0bc67,3,244,729,Java/assets/player/classes/rogue/animations/class_rogue_model_down_left_start_walk_anim.frames,required-per-asset-metadata,review-required; not-authorized-for-deletion
DUP-0831,92961e9752250efa971147344b22295db32d7b75e940e0971e5fb34f21d0bc67,3,244,729,Java/assets/player/classes/rogue/animations/class_rogue_model_down_left_stop_walk_anim.frames,required-per-asset-metadata,review-required; not-authorized-for-deletion
DUP-0831,92961e9752250efa971147344b22295db32d7b75e940e0971e5fb34f21d0bc67,3,244,729,Java/assets/player/classes/rogue/animations/class_rogue_model_down_right_start_walk_anim.frames,required-per-asset-metadata,review-required; not-authorized-for-deletion
DUP-0831,92961e9752250efa971147344b22295db32d7b75e940e0971e5fb34f21d0bc67,3,244,729,Java/assets/player/classes/rogue/animations/class_rogue_model_down_right_stop_walk_anim.frames,required-per-asset-metadata,review-required; not-authorized-for-deletion
DUP-0831,92961e9752250efa971147344b22295db32d7b75e940e0971e5fb34f21d0bc67,3,244,729,Java/assets/player/classes/rogue/animations/class_rogue_model_down_start_walk_anim.frames,required-per-asset-metadata,review-required; not-authorized-for-deletion
DUP-0831,92961e9752250efa971147344b22295db32d7b75e940e0971e5fb34f21d0bc67,3,244,729,Java/assets/player/classes/rogue/animations/class_rogue_model_down_stop_walk_anim.frames,required-per-asset-metadata,review-required; not-authorized-for-deletion
DUP-0831,92961e9752250efa971147344b22295db32d7b75e940e0971e5fb34f21d0bc67,3,244,729,Java/assets/player/classes/rogue/animations/class_rogue_model_left_start_walk_anim.frames,required-per-asset-metadata,review-required; not-authorized-for-deletion
DUP-0831,92961e9752250efa971147344b22295db32d7b75e940e0971e5fb34f21d0bc67,3,244,729,Java/assets/player/classes/rogue/animations/class_rogue_model_left_stop_walk_anim.frames,required-per-asset-metadata,review-required; not-authorized-for-deletion
DUP-0831,92961e9752250efa971147344b22295db32d7b75e940e0971e5fb34f21d0bc67,3,244,729,Java/assets/player/classes/rogue/animations/class_rogue_model_right_start_walk_anim.frames,required-per-asset-metadata,review-required; not-authorized-for-deletion
DUP-0831,92961e9752250efa971147344b22295db32d7b75e940e0971e5fb34f21d0bc67,3,244,729,Java/assets/player/classes/rogue/animations/class_rogue_model_right_stop_walk_anim.frames,required-per-asset-metadata,review-required; not-authorized-for-deletion
DUP-0831,92961e9752250efa971147344b22295db32d7b75e940e0971e5fb34f21d0bc67,3,244,729,Java/assets/player/classes/rogue/animations/class_rogue_model_up_left_start_walk_anim.frames,required-per-asset-metadata,review-required; not-authorized-for-deletion
DUP-0831,92961e9752250efa971147344b22295db32d7b75e940e0971e5fb34f21d0bc67,3,244,729,Java/assets/player/classes/rogue/animations/class_rogue_model_up_left_stop_walk_anim.frames,required-per-asset-metadata,review-required; not-authorized-for-deletion
DUP-0831,92961e9752250efa971147344b22295db32d7b75e940e0971e5fb34f21d0bc67,3,244,729,Java/assets/player/classes/rogue/animations/class_rogue_model_up_right_start_walk_anim.frames,required-per-asset-metadata,review-required; not-authorized-for-deletion
DUP-0831,92961e9752250efa971147344b22295db32d7b75e940e0971e5fb34f21d0bc67,3,244,729,Java/assets/player/classes/rogue/animations/class_rogue_model_up_right_stop_walk_anim.frames,required-per-asset-metadata,review-required; not-authorized-for-deletion
DUP-0831,92961e9752250efa971147344b22295db32d7b75e940e0971e5fb34f21d0bc67,3,244,729,Java/assets/player/classes/rogue/animations/class_rogue_model_up_start_walk_anim.frames,required-per-asset-metadata,review-required; not-authorized-for-deletion
DUP-0831,92961e9752250efa971147344b22295db32d7b75e940e0971e5fb34f21d0bc67,3,244,729,Java/assets/player/classes/rogue/animations/class_rogue_model_up_stop_walk_anim.frames,required-per-asset-metadata,review-required; not-authorized-for-deletion
DUP-0831,92961e9752250efa971147344b22295db32d7b75e940e0971e5fb34f21d0bc67,3,244,729,asset-review/2026-09-22-npcs/candidates/Java/assets/npcs/animations/npc_blacksmith_model_down_hammer_anim.frames,required-per-asset-metadata,review-required; not-authorized-for-deletion
DUP-0831,92961e9752250efa971147344b22295db32d7b75e940e0971e5fb34f21d0bc67,3,244,729,asset-review/2026-09-22-npcs/candidates/Java/assets/npcs/animations/npc_merchant_model_down_inspect_anim.frames,required-per-asset-metadata,review-required; not-authorized-for-deletion
DUP-0832,a1fb50e6c86fae1679ef3351296fd6713411a08cf8dd1790a4fd05fae8688164,3,91,270,Java/assets/animations/character-refresh/ready-v3/class_cleric_combat_v3_cast_anim.frames,required-per-asset-metadata,review-required; not-authorized-for-deletion
DUP-0832,a1fb50e6c86fae1679ef3351296fd6713411a08cf8dd1790a4fd05fae8688164,3,91,270,Java/assets/animations/character-refresh/ready-v3/class_knight_combat_v3_attack_anim.frames,required-per-asset-metadata,review-required; not-authorized-for-deletion
DUP-0832,a1fb50e6c86fae1679ef3351296fd6713411a08cf8dd1790a4fd05fae8688164,3,91,270,Java/assets/animations/character-refresh/ready-v3/class_mage_combat_v3_cast_anim.frames,required-per-asset-metadata,review-required; not-authorized-for-deletion
DUP-0832,a1fb50e6c86fae1679ef3351296fd6713411a08cf8dd1790a4fd05fae8688164,3,91,270,Java/assets/animations/character-refresh/ready-v3/class_ranger_combat_v3_shoot_anim.frames,required-per-asset-metadata,review-required; not-authorized-for-deletion
DUP-0832,a1fb50e6c86fae1679ef3351296fd6713411a08cf8dd1790a4fd05fae8688164,3,91,270,Java/assets/animations/character-refresh/ready-v3/class_rogue_combat_v3_attack_anim.frames,required-per-asset-metadata,review-required; not-authorized-for-deletion
DUP-0832,a1fb50e6c86fae1679ef3351296fd6713411a08cf8dd1790a4fd05fae8688164,3,91,270,Java/assets/animations/character-refresh/ready-v3/npc_aria_combat_v3_shoot_anim.frames,required-per-asset-metadata,review-required; not-authorized-for-deletion
DUP-0832,a1fb50e6c86fae1679ef3351296fd6713411a08cf8dd1790a4fd05fae8688164,3,91,270,Java/assets/animations/character-refresh/ready-v3/npc_calder_combat_v3_attack_anim.frames,required-per-asset-metadata,review-required; not-authorized-for-deletion
DUP-0832,a1fb50e6c86fae1679ef3351296fd6713411a08cf8dd1790a4fd05fae8688164,3,91,270,Java/assets/animations/character-refresh/ready-v3/npc_cassia_combat_v3_attack_anim.frames,required-per-asset-metadata,review-required; not-authorized-for-deletion
DUP-0832,a1fb50e6c86fae1679ef3351296fd6713411a08cf8dd1790a4fd05fae8688164,3,91,270,Java/assets/animations/character-refresh/ready-v3/npc_lyra_combat_v3_cast_anim.frames,required-per-asset-metadata,review-required; not-authorized-for-deletion
DUP-0832,a1fb50e6c86fae1679ef3351296fd6713411a08cf8dd1790a4fd05fae8688164,3,91,270,Java/assets/animations/character-refresh/ready-v3/npc_maera_combat_v3_cast_anim.frames,required-per-asset-metadata,review-required; not-authorized-for-deletion
DUP-0832,a1fb50e6c86fae1679ef3351296fd6713411a08cf8dd1790a4fd05fae8688164,3,91,270,Java/assets/animations/character-refresh/ready-v3/npc_rafiq_combat_v3_attack_anim.frames,required-per-asset-metadata,review-required; not-authorized-for-deletion
DUP-0832,a1fb50e6c86fae1679ef3351296fd6713411a08cf8dd1790a4fd05fae8688164,3,91,270,Java/assets/animations/character-refresh/ready-v3/npc_samir_combat_v3_cast_anim.frames,required-per-asset-metadata,review-required; not-authorized-for-deletion
DUP-0832,a1fb50e6c86fae1679ef3351296fd6713411a08cf8dd1790a4fd05fae8688164,3,91,270,Java/assets/animations/character-refresh/ready-v3/npc_seraphine_combat_v3_attack_anim.frames,required-per-asset-metadata,review-required; not-authorized-for-deletion
DUP-0832,a1fb50e6c86fae1679ef3351296fd6713411a08cf8dd1790a4fd05fae8688164,3,91,270,Java/assets/animations/character-refresh/ready-v3/npc_vesper_combat_v3_cast_anim.frames,required-per-asset-metadata,review-required; not-authorized-for-deletion
DUP-0832,a1fb50e6c86fae1679ef3351296fd6713411a08cf8dd1790a4fd05fae8688164,3,91,270,Java/assets/animations/character-refresh/walk-ready/class_cleric_model_down_walk_v3_anim.frames,required-per-asset-metadata,review-required; not-authorized-for-deletion
DUP-0832,a1fb50e6c86fae1679ef3351296fd6713411a08cf8dd1790a4fd05fae8688164,3,91,270,Java/assets/animations/character-refresh/walk-ready/class_cleric_model_left_walk_v3_anim.frames,required-per-asset-metadata,review-required; not-authorized-for-deletion
DUP-0832,a1fb50e6c86fae1679ef3351296fd6713411a08cf8dd1790a4fd05fae8688164,3,91,270,Java/assets/animations/character-refresh/walk-ready/class_cleric_model_right_walk_v3_anim.frames,required-per-asset-metadata,review-required; not-authorized-for-deletion
DUP-0832,a1fb50e6c86fae1679ef3351296fd6713411a08cf8dd1790a4fd05fae8688164,3,91,270,Java/assets/animations/character-refresh/walk-ready/class_cleric_model_up_walk_v3_anim.frames,required-per-asset-metadata,review-required; not-authorized-for-deletion
DUP-0832,a1fb50e6c86fae1679ef3351296fd6713411a08cf8dd1790a4fd05fae8688164,3,91,270,Java/assets/animations/character-refresh/walk-ready/class_knight_model_down_walk_v3_anim.frames,required-per-asset-metadata,review-required; not-authorized-for-deletion
DUP-0832,a1fb50e6c86fae1679ef3351296fd6713411a08cf8dd1790a4fd05fae8688164,3,91,270,Java/assets/animations/character-refresh/walk-ready/class_knight_model_left_walk_v3_anim.frames,required-per-asset-metadata,review-required; not-authorized-for-deletion
DUP-0832,a1fb50e6c86fae1679ef3351296fd6713411a08cf8dd1790a4fd05fae8688164,3,91,270,Java/assets/animations/character-refresh/walk-ready/class_knight_model_right_walk_v3_anim.frames,required-per-asset-metadata,review-required; not-authorized-for-deletion
DUP-0832,a1fb50e6c86fae1679ef3351296fd6713411a08cf8dd1790a4fd05fae8688164,3,91,270,Java/assets/animations/character-refresh/walk-ready/class_knight_model_up_walk_v3_anim.frames,required-per-asset-metadata,review-required; not-authorized-for-deletion
DUP-0832,a1fb50e6c86fae1679ef3351296fd6713411a08cf8dd1790a4fd05fae8688164,3,91,270,Java/assets/animations/character-refresh/walk-ready/class_mage_model_left_walk_v3_anim.frames,required-per-asset-metadata,review-required; not-authorized-for-deletion
DUP-0832,a1fb50e6c86fae1679ef3351296fd6713411a08cf8dd1790a4fd05fae8688164,3,91,270,Java/assets/animations/character-refresh/walk-ready/class_mage_model_right_walk_v3_anim.frames,required-per-asset-metadata,review-required; not-authorized-for-deletion
DUP-0832,a1fb50e6c86fae1679ef3351296fd6713411a08cf8dd1790a4fd05fae8688164,3,91,270,Java/assets/animations/character-refresh/walk-ready/class_mage_model_up_walk_v3_anim.frames,required-per-asset-metadata,review-required; not-authorized-for-deletion
DUP-0832,a1fb50e6c86fae1679ef3351296fd6713411a08cf8dd1790a4fd05fae8688164,3,91,270,Java/assets/animations/character-refresh/walk-ready/class_ranger_model_down_walk_v3_anim.frames,required-per-asset-metadata,review-required; not-authorized-for-deletion
DUP-0832,a1fb50e6c86fae1679ef3351296fd6713411a08cf8dd1790a4fd05fae8688164,3,91,270,Java/assets/animations/character-refresh/walk-ready/class_ranger_model_left_walk_v3_anim.frames,required-per-asset-metadata,review-required; not-authorized-for-deletion
DUP-0832,a1fb50e6c86fae1679ef3351296fd6713411a08cf8dd1790a4fd05fae8688164,3,91,270,Java/assets/animations/character-refresh/walk-ready/class_ranger_model_right_walk_v3_anim.frames,required-per-asset-metadata,review-required; not-authorized-for-deletion
DUP-0832,a1fb50e6c86fae1679ef3351296fd6713411a08cf8dd1790a4fd05fae8688164,3,91,270,Java/assets/animations/character-refresh/walk-ready/class_ranger_model_up_walk_v3_anim.frames,required-per-asset-metadata,review-required; not-authorized-for-deletion
DUP-0832,a1fb50e6c86fae1679ef3351296fd6713411a08cf8dd1790a4fd05fae8688164,3,91,270,Java/assets/animations/character-refresh/walk-ready/class_rogue_model_down_walk_v3_anim.frames,required-per-asset-metadata,review-required; not-authorized-for-deletion
DUP-0832,a1fb50e6c86fae1679ef3351296fd6713411a08cf8dd1790a4fd05fae8688164,3,91,270,Java/assets/animations/character-refresh/walk-ready/class_rogue_model_left_walk_v3_anim.frames,required-per-asset-metadata,review-required; not-authorized-for-deletion
DUP-0832,a1fb50e6c86fae1679ef3351296fd6713411a08cf8dd1790a4fd05fae8688164,3,91,270,Java/assets/animations/character-refresh/walk-ready/class_rogue_model_right_walk_v3_anim.frames,required-per-asset-metadata,review-required; not-authorized-for-deletion
DUP-0832,a1fb50e6c86fae1679ef3351296fd6713411a08cf8dd1790a4fd05fae8688164,3,91,270,Java/assets/animations/character-refresh/walk-ready/class_rogue_model_up_walk_v3_anim.frames,required-per-asset-metadata,review-required; not-authorized-for-deletion
DUP-0832,a1fb50e6c86fae1679ef3351296fd6713411a08cf8dd1790a4fd05fae8688164,3,91,270,Java/assets/monsters/animations/ash_scorpion_attack_anim.frames,required-per-asset-metadata,review-required; not-authorized-for-deletion
DUP-0832,a1fb50e6c86fae1679ef3351296fd6713411a08cf8dd1790a4fd05fae8688164,3,91,270,Java/assets/monsters/animations/bandit_archer_attack_anim.frames,required-per-asset-metadata,review-required; not-authorized-for-deletion
DUP-0832,a1fb50e6c86fae1679ef3351296fd6713411a08cf8dd1790a4fd05fae8688164,3,91,270,Java/assets/monsters/animations/bandit_captain_attack_anim.frames,required-per-asset-metadata,review-required; not-authorized-for-deletion
DUP-0832,a1fb50e6c86fae1679ef3351296fd6713411a08cf8dd1790a4fd05fae8688164,3,91,270,Java/assets/monsters/animations/bandit_cutthroat_attack_anim.frames,required-per-asset-metadata,review-required; not-authorized-for-deletion
DUP-0832,a1fb50e6c86fae1679ef3351296fd6713411a08cf8dd1790a4fd05fae8688164,3,91,270,Java/assets/monsters/animations/bat_attack_anim.frames,required-per-asset-metadata,review-required; not-authorized-for-deletion
DUP-0832,a1fb50e6c86fae1679ef3351296fd6713411a08cf8dd1790a4fd05fae8688164,3,91,270,Java/assets/monsters/animations/bog_beast_attack_anim.frames,required-per-asset-metadata,review-required; not-authorized-for-deletion
DUP-0832,a1fb50e6c86fae1679ef3351296fd6713411a08cf8dd1790a4fd05fae8688164,3,91,270,Java/assets/monsters/animations/bramble_boar_attack_anim.frames,required-per-asset-metadata,review-required; not-authorized-for-deletion
DUP-0832,a1fb50e6c86fae1679ef3351296fd6713411a08cf8dd1790a4fd05fae8688164,3,91,270,Java/assets/monsters/animations/crypt_bat_attack_anim.frames,required-per-asset-metadata,review-required; not-authorized-for-deletion
DUP-0832,a1fb50e6c86fae1679ef3351296fd6713411a08cf8dd1790a4fd05fae8688164,3,91,270,Java/assets/monsters/animations/crystal_hare_attack_anim.frames,required-per-asset-metadata,review-required; not-authorized-for-deletion
DUP-0832,a1fb50e6c86fae1679ef3351296fd6713411a08cf8dd1790a4fd05fae8688164,3,91,270,Java/assets/monsters/animations/demon_queen_attack_anim.frames,required-per-asset-metadata,review-required; not-authorized-for-deletion
DUP-0832,a1fb50e6c86fae1679ef3351296fd6713411a08cf8dd1790a4fd05fae8688164,3,91,270,Java/assets/monsters/animations/doe_attack_anim.frames,required-per-asset-metadata,review-required; not-authorized-for-deletion
DUP-0832,a1fb50e6c86fae1679ef3351296fd6713411a08cf8dd1790a4fd05fae8688164,3,91,270,Java/assets/monsters/animations/elder_dragon_attack_anim.frames,required-per-asset-metadata,review-required; not-authorized-for-deletion
DUP-0832,a1fb50e6c86fae1679ef3351296fd6713411a08cf8dd1790a4fd05fae8688164,3,91,270,Java/assets/monsters/animations/ember_imp_attack_anim.frames,required-per-asset-metadata,review-required; not-authorized-for-deletion
DUP-0832,a1fb50e6c86fae1679ef3351296fd6713411a08cf8dd1790a4fd05fae8688164,3,91,270,Java/assets/monsters/animations/ember_tortoise_attack_anim.frames,required-per-asset-metadata,review-required; not-authorized-for-deletion
DUP-0832,a1fb50e6c86fae1679ef3351296fd6713411a08cf8dd1790a4fd05fae8688164,3,91,270,Java/assets/monsters/animations/fire_giant_attack_anim.frames,required-per-asset-metadata,review-required; not-authorized-for-deletion
DUP-0832,a1fb50e6c86fae1679ef3351296fd6713411a08cf8dd1790a4fd05fae8688164,3,91,270,Java/assets/monsters/animations/flame_herald_attack_anim.frames,required-per-asset-metadata,review-required; not-authorized-for-deletion
DUP-0832,a1fb50e6c86fae1679ef3351296fd6713411a08cf8dd1790a4fd05fae8688164,3,91,270,Java/assets/monsters/animations/frost_troll_attack_anim.frames,required-per-asset-metadata,review-required; not-authorized-for-deletion
DUP-0832,a1fb50e6c86fae1679ef3351296fd6713411a08cf8dd1790a4fd05fae8688164,3,91,270,Java/assets/monsters/animations/frost_witch_attack_anim.frames,required-per-asset-metadata,review-required; not-authorized-for-deletion
DUP-0832,a1fb50e6c86fae1679ef3351296fd6713411a08cf8dd1790a4fd05fae8688164,3,91,270,Java/assets/monsters/animations/frost_wolf_attack_anim.frames,required-per-asset-metadata,review-required; not-authorized-for-deletion
DUP-0832,a1fb50e6c86fae1679ef3351296fd6713411a08cf8dd1790a4fd05fae8688164,3,91,270,Java/assets/monsters/animations/glass_scorpion_attack_anim.frames,required-per-asset-metadata,review-required; not-authorized-for-deletion
DUP-0832,a1fb50e6c86fae1679ef3351296fd6713411a08cf8dd1790a4fd05fae8688164,3,91,270,Java/assets/monsters/animations/goblin_archer_attack_anim.frames,required-per-asset-metadata,review-required; not-authorized-for-deletion
DUP-0832,a1fb50e6c86fae1679ef3351296fd6713411a08cf8dd1790a4fd05fae8688164,3,91,270,Java/assets/monsters/animations/goblin_attack_anim.frames,required-per-asset-metadata,review-required; not-authorized-for-deletion
DUP-0832,a1fb50e6c86fae1679ef3351296fd6713411a08cf8dd1790a4fd05fae8688164,3,91,270,Java/assets/monsters/animations/goblin_king_attack_anim.frames,required-per-asset-metadata,review-required; not-authorized-for-deletion
DUP-0832,a1fb50e6c86fae1679ef3351296fd6713411a08cf8dd1790a4fd05fae8688164,3,91,270,Java/assets/monsters/animations/goblin_scout_attack_anim.frames,required-per-asset-metadata,review-required; not-authorized-for-deletion
DUP-0832,a1fb50e6c86fae1679ef3351296fd6713411a08cf8dd1790a4fd05fae8688164,3,91,270,Java/assets/monsters/animations/goblin_shaman_attack_anim.frames,required-per-asset-metadata,review-required; not-authorized-for-deletion
DUP-0832,a1fb50e6c86fae1679ef3351296fd6713411a08cf8dd1790a4fd05fae8688164,3,91,270,Java/assets/monsters/animations/goblin_skirmisher_attack_anim.frames,required-per-asset-metadata,review-required; not-authorized-for-deletion
DUP-0832,a1fb50e6c86fae1679ef3351296fd6713411a08cf8dd1790a4fd05fae8688164,3,91,270,Java/assets/monsters/animations/goblin_trapper_attack_anim.frames,required-per-asset-metadata,review-required; not-authorized-for-deletion
DUP-0832,a1fb50e6c86fae1679ef3351296fd6713411a08cf8dd1790a4fd05fae8688164,3,91,270,Java/assets/monsters/animations/goblin_warlord_attack_anim.frames,required-per-asset-metadata,review-required; not-authorized-for-deletion
DUP-0832,a1fb50e6c86fae1679ef3351296fd6713411a08cf8dd1790a4fd05fae8688164,3,91,270,Java/assets/monsters/animations/hill_giant_attack_anim.frames,required-per-asset-metadata,review-required; not-authorized-for-deletion
DUP-0832,a1fb50e6c86fae1679ef3351296fd6713411a08cf8dd1790a4fd05fae8688164,3,91,270,Java/assets/monsters/animations/hobgoblin_guard_attack_anim.frames,required-per-asset-metadata,review-required; not-authorized-for-deletion
DUP-0832,a1fb50e6c86fae1679ef3351296fd6713411a08cf8dd1790a4fd05fae8688164,3,91,270,Java/assets/monsters/animations/ice_golem_attack_anim.frames,required-per-asset-metadata,review-required; not-authorized-for-deletion
DUP-0832,a1fb50e6c86fae1679ef3351296fd6713411a08cf8dd1790a4fd05fae8688164,3,91,270,Java/assets/monsters/animations/marsh_drake_attack_anim.frames,required-per-asset-metadata,review-required; not-authorized-for-deletion
DUP-0832,a1fb50e6c86fae1679ef3351296fd6713411a08cf8dd1790a4fd05fae8688164,3,91,270,Java/assets/monsters/animations/moss_stag_attack_anim.frames,required-per-asset-metadata,review-required; not-authorized-for-deletion
DUP-0832,a1fb50e6c86fae1679ef3351296fd6713411a08cf8dd1790a4fd05fae8688164,3,91,270,Java/assets/monsters/animations/mountain_drake_attack_anim.frames,required-per-asset-metadata,review-required; not-authorized-for-deletion
DUP-0832,a1fb50e6c86fae1679ef3351296fd6713411a08cf8dd1790a4fd05fae8688164,3,91,270,Java/assets/monsters/animations/mountain_goat_attack_anim.frames,required-per-asset-metadata,review-required; not-authorized-for-deletion
DUP-0832,a1fb50e6c86fae1679ef3351296fd6713411a08cf8dd1790a4fd05fae8688164,3,91,270,Java/assets/monsters/animations/orc_attack_anim.frames,required-per-asset-metadata,review-required; not-authorized-for-deletion
DUP-0832,a1fb50e6c86fae1679ef3351296fd6713411a08cf8dd1790a4fd05fae8688164,3,91,270,Java/assets/monsters/animations/orc_berserker_attack_anim.frames,required-per-asset-metadata,review-required; not-authorized-for-deletion
DUP-0832,a1fb50e6c86fae1679ef3351296fd6713411a08cf8dd1790a4fd05fae8688164,3,91,270,Java/assets/monsters/animations/orc_raider_attack_anim.frames,required-per-asset-metadata,review-required; not-authorized-for-deletion
DUP-0832,a1fb50e6c86fae1679ef3351296fd6713411a08cf8dd1790a4fd05fae8688164,3,91,270,Java/assets/monsters/animations/orc_shaman_attack_anim.frames,required-per-asset-metadata,review-required; not-authorized-for-deletion
DUP-0832,a1fb50e6c86fae1679ef3351296fd6713411a08cf8dd1790a4fd05fae8688164,3,91,270,Java/assets/monsters/animations/orc_shieldbearer_attack_anim.frames,required-per-asset-metadata,review-required; not-authorized-for-deletion
DUP-0832,a1fb50e6c86fae1679ef3351296fd6713411a08cf8dd1790a4fd05fae8688164,3,91,270,Java/assets/monsters/animations/red_dragon_attack_anim.frames,required-per-asset-metadata,review-required; not-authorized-for-deletion
DUP-0832,a1fb50e6c86fae1679ef3351296fd6713411a08cf8dd1790a4fd05fae8688164,3,91,270,Java/assets/monsters/animations/reed_serpent_attack_anim.frames,required-per-asset-metadata,review-required; not-authorized-for-deletion
DUP-0832,a1fb50e6c86fae1679ef3351296fd6713411a08cf8dd1790a4fd05fae8688164,3,91,270,Java/assets/monsters/animations/river_eel_attack_anim.frames,required-per-asset-metadata,review-required; not-authorized-for-deletion
DUP-0832,a1fb50e6c86fae1679ef3351296fd6713411a08cf8dd1790a4fd05fae8688164,3,91,270,Java/assets/monsters/animations/sand_stalker_attack_anim.frames,required-per-asset-metadata,review-required; not-authorized-for-deletion
DUP-0832,a1fb50e6c86fae1679ef3351296fd6713411a08cf8dd1790a4fd05fae8688164,3,91,270,Java/assets/monsters/animations/shadow_beast_attack_anim.frames,required-per-asset-metadata,review-required; not-authorized-for-deletion
DUP-0832,a1fb50e6c86fae1679ef3351296fd6713411a08cf8dd1790a4fd05fae8688164,3,91,270,Java/assets/monsters/animations/sheep_attack_anim.frames,required-per-asset-metadata,review-required; not-authorized-for-deletion
DUP-0832,a1fb50e6c86fae1679ef3351296fd6713411a08cf8dd1790a4fd05fae8688164,3,91,270,Java/assets/monsters/animations/skeleton_attack_v2_anim.frames,required-per-asset-metadata,review-required; not-authorized-for-deletion
DUP-0832,a1fb50e6c86fae1679ef3351296fd6713411a08cf8dd1790a4fd05fae8688164,3,91,270,Java/assets/monsters/animations/slime_attack_anim.frames,required-per-asset-metadata,review-required; not-authorized-for-deletion
DUP-0832,a1fb50e6c86fae1679ef3351296fd6713411a08cf8dd1790a4fd05fae8688164,3,91,270,Java/assets/monsters/animations/snow_lynx_attack_anim.frames,required-per-asset-metadata,review-required; not-authorized-for-deletion
DUP-0832,a1fb50e6c86fae1679ef3351296fd6713411a08cf8dd1790a4fd05fae8688164,3,91,270,Java/assets/monsters/animations/spider_attack_v2_anim.frames,required-per-asset-metadata,review-required; not-authorized-for-deletion
DUP-0832,a1fb50e6c86fae1679ef3351296fd6713411a08cf8dd1790a4fd05fae8688164,3,91,270,Java/assets/monsters/animations/stag_attack_anim.frames,required-per-asset-metadata,review-required; not-authorized-for-deletion
DUP-0832,a1fb50e6c86fae1679ef3351296fd6713411a08cf8dd1790a4fd05fae8688164,3,91,270,Java/assets/monsters/animations/stone_giant_attack_anim.frames,required-per-asset-metadata,review-required; not-authorized-for-deletion
DUP-0832,a1fb50e6c86fae1679ef3351296fd6713411a08cf8dd1790a4fd05fae8688164,3,91,270,Java/assets/monsters/animations/stoneback_goat_attack_anim.frames,required-per-asset-metadata,review-required; not-authorized-for-deletion
DUP-0832,a1fb50e6c86fae1679ef3351296fd6713411a08cf8dd1790a4fd05fae8688164,3,91,270,Java/assets/monsters/animations/swamp_troll_attack_anim.frames,required-per-asset-metadata,review-required; not-authorized-for-deletion
DUP-0832,a1fb50e6c86fae1679ef3351296fd6713411a08cf8dd1790a4fd05fae8688164,3,91,270,Java/assets/monsters/animations/thornling_attack_anim.frames,required-per-asset-metadata,review-required; not-authorized-for-deletion
DUP-0832,a1fb50e6c86fae1679ef3351296fd6713411a08cf8dd1790a4fd05fae8688164,3,91,270,Java/assets/monsters/animations/void_knight_attack_anim.frames,required-per-asset-metadata,review-required; not-authorized-for-deletion
DUP-0832,a1fb50e6c86fae1679ef3351296fd6713411a08cf8dd1790a4fd05fae8688164,3,91,270,Java/assets/monsters/animations/wolf_attack_anim.frames,required-per-asset-metadata,review-required; not-authorized-for-deletion
DUP-0832,a1fb50e6c86fae1679ef3351296fd6713411a08cf8dd1790a4fd05fae8688164,3,91,270,Java/assets/monsters/animations/wraith_attack_anim.frames,required-per-asset-metadata,review-required; not-authorized-for-deletion
DUP-0833,5a7caad39badd4848563fe7402f185c7e1ff0a8416b2dbce8fef86137b2d79c3,4,48,188,Java/assets/story/npcs/ash_scribe_damar/animations/npc_story_ash_scribe_damar_model_down_walk_anim.frames,required-per-asset-metadata,review-required; not-authorized-for-deletion
DUP-0833,5a7caad39badd4848563fe7402f185c7e1ff0a8416b2dbce8fef86137b2d79c3,4,48,188,Java/assets/story/npcs/ash_scribe_damar/animations/npc_story_ash_scribe_damar_model_left_walk_anim.frames,required-per-asset-metadata,review-required; not-authorized-for-deletion
DUP-0833,5a7caad39badd4848563fe7402f185c7e1ff0a8416b2dbce8fef86137b2d79c3,4,48,188,Java/assets/story/npcs/ash_scribe_damar/animations/npc_story_ash_scribe_damar_model_right_walk_anim.frames,required-per-asset-metadata,review-required; not-authorized-for-deletion
DUP-0833,5a7caad39badd4848563fe7402f185c7e1ff0a8416b2dbce8fef86137b2d79c3,4,48,188,Java/assets/story/npcs/ash_scribe_damar/animations/npc_story_ash_scribe_damar_model_up_walk_anim.frames,required-per-asset-metadata,review-required; not-authorized-for-deletion
DUP-0833,5a7caad39badd4848563fe7402f185c7e1ff0a8416b2dbce8fef86137b2d79c3,4,48,188,Java/assets/story/npcs/bellwright_nessa/animations/npc_story_bellwright_nessa_model_down_walk_anim.frames,required-per-asset-metadata,review-required; not-authorized-for-deletion
DUP-0833,5a7caad39badd4848563fe7402f185c7e1ff0a8416b2dbce8fef86137b2d79c3,4,48,188,Java/assets/story/npcs/bellwright_nessa/animations/npc_story_bellwright_nessa_model_left_walk_anim.frames,required-per-asset-metadata,review-required; not-authorized-for-deletion
DUP-0833,5a7caad39badd4848563fe7402f185c7e1ff0a8416b2dbce8fef86137b2d79c3,4,48,188,Java/assets/story/npcs/bellwright_nessa/animations/npc_story_bellwright_nessa_model_right_walk_anim.frames,required-per-asset-metadata,review-required; not-authorized-for-deletion
DUP-0833,5a7caad39badd4848563fe7402f185c7e1ff0a8416b2dbce8fef86137b2d79c3,4,48,188,Java/assets/story/npcs/bellwright_nessa/animations/npc_story_bellwright_nessa_model_up_walk_anim.frames,required-per-asset-metadata,review-required; not-authorized-for-deletion
DUP-0833,5a7caad39badd4848563fe7402f185c7e1ff0a8416b2dbce8fef86137b2d79c3,4,48,188,Java/assets/story/npcs/captain_elric_snowrest/animations/npc_story_captain_elric_snowrest_model_down_walk_anim.frames,required-per-asset-metadata,review-required; not-authorized-for-deletion
DUP-0833,5a7caad39badd4848563fe7402f185c7e1ff0a8416b2dbce8fef86137b2d79c3,4,48,188,Java/assets/story/npcs/captain_elric_snowrest/animations/npc_story_captain_elric_snowrest_model_left_walk_anim.frames,required-per-asset-metadata,review-required; not-authorized-for-deletion
DUP-0833,5a7caad39badd4848563fe7402f185c7e1ff0a8416b2dbce8fef86137b2d79c3,4,48,188,Java/assets/story/npcs/captain_elric_snowrest/animations/npc_story_captain_elric_snowrest_model_right_walk_anim.frames,required-per-asset-metadata,review-required; not-authorized-for-deletion
DUP-0833,5a7caad39badd4848563fe7402f185c7e1ff0a8416b2dbce8fef86137b2d79c3,4,48,188,Java/assets/story/npcs/captain_elric_snowrest/animations/npc_story_captain_elric_snowrest_model_up_walk_anim.frames,required-per-asset-metadata,review-required; not-authorized-for-deletion
DUP-0833,5a7caad39badd4848563fe7402f185c7e1ff0a8416b2dbce8fef86137b2d79c3,4,48,188,Java/assets/story/npcs/elder_rowan/animations/npc_story_elder_rowan_model_down_walk_anim.frames,required-per-asset-metadata,review-required; not-authorized-for-deletion
DUP-0833,5a7caad39badd4848563fe7402f185c7e1ff0a8416b2dbce8fef86137b2d79c3,4,48,188,Java/assets/story/npcs/elder_rowan/animations/npc_story_elder_rowan_model_left_walk_anim.frames,required-per-asset-metadata,review-required; not-authorized-for-deletion
DUP-0833,5a7caad39badd4848563fe7402f185c7e1ff0a8416b2dbce8fef86137b2d79c3,4,48,188,Java/assets/story/npcs/elder_rowan/animations/npc_story_elder_rowan_model_right_walk_anim.frames,required-per-asset-metadata,review-required; not-authorized-for-deletion
DUP-0833,5a7caad39badd4848563fe7402f185c7e1ff0a8416b2dbce8fef86137b2d79c3,4,48,188,Java/assets/story/npcs/elder_rowan/animations/npc_story_elder_rowan_model_up_walk_anim.frames,required-per-asset-metadata,review-required; not-authorized-for-deletion
DUP-0833,5a7caad39badd4848563fe7402f185c7e1ff0a8416b2dbce8fef86137b2d79c3,4,48,188,Java/assets/story/npcs/gravekeeper_hollis/animations/npc_story_gravekeeper_hollis_model_down_walk_anim.frames,required-per-asset-metadata,review-required; not-authorized-for-deletion
DUP-0833,5a7caad39badd4848563fe7402f185c7e1ff0a8416b2dbce8fef86137b2d79c3,4,48,188,Java/assets/story/npcs/gravekeeper_hollis/animations/npc_story_gravekeeper_hollis_model_left_walk_anim.frames,required-per-asset-metadata,review-required; not-authorized-for-deletion
DUP-0833,5a7caad39badd4848563fe7402f185c7e1ff0a8416b2dbce8fef86137b2d79c3,4,48,188,Java/assets/story/npcs/gravekeeper_hollis/animations/npc_story_gravekeeper_hollis_model_right_walk_anim.frames,required-per-asset-metadata,review-required; not-authorized-for-deletion
DUP-0833,5a7caad39badd4848563fe7402f185c7e1ff0a8416b2dbce8fef86137b2d79c3,4,48,188,Java/assets/story/npcs/gravekeeper_hollis/animations/npc_story_gravekeeper_hollis_model_up_walk_anim.frames,required-per-asset-metadata,review-required; not-authorized-for-deletion
DUP-0833,5a7caad39badd4848563fe7402f185c7e1ff0a8416b2dbce8fef86137b2d79c3,4,48,188,Java/assets/story/npcs/maelis/animations/npc_story_maelis_model_down_walk_anim.frames,required-per-asset-metadata,review-required; not-authorized-for-deletion
DUP-0833,5a7caad39badd4848563fe7402f185c7e1ff0a8416b2dbce8fef86137b2d79c3,4,48,188,Java/assets/story/npcs/maelis/animations/npc_story_maelis_model_left_walk_anim.frames,required-per-asset-metadata,review-required; not-authorized-for-deletion
DUP-0833,5a7caad39badd4848563fe7402f185c7e1ff0a8416b2dbce8fef86137b2d79c3,4,48,188,Java/assets/story/npcs/maelis/animations/npc_story_maelis_model_right_walk_anim.frames,required-per-asset-metadata,review-required; not-authorized-for-deletion
DUP-0833,5a7caad39badd4848563fe7402f185c7e1ff0a8416b2dbce8fef86137b2d79c3,4,48,188,Java/assets/story/npcs/maelis/animations/npc_story_maelis_model_up_walk_anim.frames,required-per-asset-metadata,review-required; not-authorized-for-deletion
DUP-0833,5a7caad39badd4848563fe7402f185c7e1ff0a8416b2dbce8fef86137b2d79c3,4,48,188,Java/assets/story/npcs/mirella/animations/npc_story_mirella_model_down_walk_anim.frames,required-per-asset-metadata,review-required; not-authorized-for-deletion
DUP-0833,5a7caad39badd4848563fe7402f185c7e1ff0a8416b2dbce8fef86137b2d79c3,4,48,188,Java/assets/story/npcs/mirella/animations/npc_story_mirella_model_left_walk_anim.frames,required-per-asset-metadata,review-required; not-authorized-for-deletion
DUP-0833,5a7caad39badd4848563fe7402f185c7e1ff0a8416b2dbce8fef86137b2d79c3,4,48,188,Java/assets/story/npcs/mirella/animations/npc_story_mirella_model_right_walk_anim.frames,required-per-asset-metadata,review-required; not-authorized-for-deletion
DUP-0833,5a7caad39badd4848563fe7402f185c7e1ff0a8416b2dbce8fef86137b2d79c3,4,48,188,Java/assets/story/npcs/mirella/animations/npc_story_mirella_model_up_walk_anim.frames,required-per-asset-metadata,review-required; not-authorized-for-deletion
DUP-0833,5a7caad39badd4848563fe7402f185c7e1ff0a8416b2dbce8fef86137b2d79c3,4,48,188,Java/assets/story/npcs/odrick/animations/npc_story_odrick_model_down_walk_anim.frames,required-per-asset-metadata,review-required; not-authorized-for-deletion
DUP-0833,5a7caad39badd4848563fe7402f185c7e1ff0a8416b2dbce8fef86137b2d79c3,4,48,188,Java/assets/story/npcs/odrick/animations/npc_story_odrick_model_left_walk_anim.frames,required-per-asset-metadata,review-required; not-authorized-for-deletion
DUP-0833,5a7caad39badd4848563fe7402f185c7e1ff0a8416b2dbce8fef86137b2d79c3,4,48,188,Java/assets/story/npcs/odrick/animations/npc_story_odrick_model_right_walk_anim.frames,required-per-asset-metadata,review-required; not-authorized-for-deletion
DUP-0833,5a7caad39badd4848563fe7402f185c7e1ff0a8416b2dbce8fef86137b2d79c3,4,48,188,Java/assets/story/npcs/odrick/animations/npc_story_odrick_model_up_walk_anim.frames,required-per-asset-metadata,review-required; not-authorized-for-deletion
DUP-0833,5a7caad39badd4848563fe7402f185c7e1ff0a8416b2dbce8fef86137b2d79c3,4,48,188,Java/assets/story/npcs/selene/animations/npc_story_selene_model_down_walk_anim.frames,required-per-asset-metadata,review-required; not-authorized-for-deletion
DUP-0833,5a7caad39badd4848563fe7402f185c7e1ff0a8416b2dbce8fef86137b2d79c3,4,48,188,Java/assets/story/npcs/selene/animations/npc_story_selene_model_left_walk_anim.frames,required-per-asset-metadata,review-required; not-authorized-for-deletion
DUP-0833,5a7caad39badd4848563fe7402f185c7e1ff0a8416b2dbce8fef86137b2d79c3,4,48,188,Java/assets/story/npcs/selene/animations/npc_story_selene_model_right_walk_anim.frames,required-per-asset-metadata,review-required; not-authorized-for-deletion
DUP-0833,5a7caad39badd4848563fe7402f185c7e1ff0a8416b2dbce8fef86137b2d79c3,4,48,188,Java/assets/story/npcs/selene/animations/npc_story_selene_model_up_walk_anim.frames,required-per-asset-metadata,review-required; not-authorized-for-deletion
DUP-0833,5a7caad39badd4848563fe7402f185c7e1ff0a8416b2dbce8fef86137b2d79c3,4,48,188,Java/assets/story/npcs/solari/animations/npc_story_solari_model_down_walk_anim.frames,required-per-asset-metadata,review-required; not-authorized-for-deletion
DUP-0833,5a7caad39badd4848563fe7402f185c7e1ff0a8416b2dbce8fef86137b2d79c3,4,48,188,Java/assets/story/npcs/solari/animations/npc_story_solari_model_left_walk_anim.frames,required-per-asset-metadata,review-required; not-authorized-for-deletion
DUP-0833,5a7caad39badd4848563fe7402f185c7e1ff0a8416b2dbce8fef86137b2d79c3,4,48,188,Java/assets/story/npcs/solari/animations/npc_story_solari_model_right_walk_anim.frames,required-per-asset-metadata,review-required; not-authorized-for-deletion
DUP-0833,5a7caad39badd4848563fe7402f185c7e1ff0a8416b2dbce8fef86137b2d79c3,4,48,188,Java/assets/story/npcs/solari/animations/npc_story_solari_model_up_walk_anim.frames,required-per-asset-metadata,review-required; not-authorized-for-deletion
DUP-0833,5a7caad39badd4848563fe7402f185c7e1ff0a8416b2dbce8fef86137b2d79c3,4,48,188,Java/assets/story/npcs/vaelthara/animations/npc_story_vaelthara_model_down_walk_anim.frames,required-per-asset-metadata,review-required; not-authorized-for-deletion
DUP-0833,5a7caad39badd4848563fe7402f185c7e1ff0a8416b2dbce8fef86137b2d79c3,4,48,188,Java/assets/story/npcs/vaelthara/animations/npc_story_vaelthara_model_left_walk_anim.frames,required-per-asset-metadata,review-required; not-authorized-for-deletion
DUP-0833,5a7caad39badd4848563fe7402f185c7e1ff0a8416b2dbce8fef86137b2d79c3,4,48,188,Java/assets/story/npcs/vaelthara/animations/npc_story_vaelthara_model_right_walk_anim.frames,required-per-asset-metadata,review-required; not-authorized-for-deletion
DUP-0833,5a7caad39badd4848563fe7402f185c7e1ff0a8416b2dbce8fef86137b2d79c3,4,48,188,Java/assets/story/npcs/vaelthara/animations/npc_story_vaelthara_model_up_walk_anim.frames,required-per-asset-metadata,review-required; not-authorized-for-deletion
DUP-0833,5a7caad39badd4848563fe7402f185c7e1ff0a8416b2dbce8fef86137b2d79c3,4,48,188,Java/assets/story/npcs/ysra/animations/npc_story_ysra_model_down_walk_anim.frames,required-per-asset-metadata,review-required; not-authorized-for-deletion
DUP-0833,5a7caad39badd4848563fe7402f185c7e1ff0a8416b2dbce8fef86137b2d79c3,4,48,188,Java/assets/story/npcs/ysra/animations/npc_story_ysra_model_left_walk_anim.frames,required-per-asset-metadata,review-required; not-authorized-for-deletion
DUP-0833,5a7caad39badd4848563fe7402f185c7e1ff0a8416b2dbce8fef86137b2d79c3,4,48,188,Java/assets/story/npcs/ysra/animations/npc_story_ysra_model_right_walk_anim.frames,required-per-asset-metadata,review-required; not-authorized-for-deletion
DUP-0833,5a7caad39badd4848563fe7402f185c7e1ff0a8416b2dbce8fef86137b2d79c3,4,48,188,Java/assets/story/npcs/ysra/animations/npc_story_ysra_model_up_walk_anim.frames,required-per-asset-metadata,review-required; not-authorized-for-deletion
DUP-0834,4ec9599fc203d176a301536c2e091a19bc852759b255bd6818810a42c5fed14a,2,44,86,Java/assets/player/base/animations/player_model_down_left_walk_anim.frames,required-per-asset-metadata,review-required; not-authorized-for-deletion
DUP-0834,4ec9599fc203d176a301536c2e091a19bc852759b255bd6818810a42c5fed14a,2,44,86,Java/assets/player/base/animations/player_model_down_right_walk_anim.frames,required-per-asset-metadata,review-required; not-authorized-for-deletion
DUP-0834,4ec9599fc203d176a301536c2e091a19bc852759b255bd6818810a42c5fed14a,2,44,86,Java/assets/player/base/animations/player_model_down_walk_anim.frames,required-per-asset-metadata,review-required; not-authorized-for-deletion
DUP-0834,4ec9599fc203d176a301536c2e091a19bc852759b255bd6818810a42c5fed14a,2,44,86,Java/assets/player/base/animations/player_model_left_walk_anim.frames,required-per-asset-metadata,review-required; not-authorized-for-deletion
DUP-0834,4ec9599fc203d176a301536c2e091a19bc852759b255bd6818810a42c5fed14a,2,44,86,Java/assets/player/base/animations/player_model_right_walk_anim.frames,required-per-asset-metadata,review-required; not-authorized-for-deletion
DUP-0834,4ec9599fc203d176a301536c2e091a19bc852759b255bd6818810a42c5fed14a,2,44,86,Java/assets/player/base/animations/player_model_up_left_walk_anim.frames,required-per-asset-metadata,review-required; not-authorized-for-deletion
DUP-0834,4ec9599fc203d176a301536c2e091a19bc852759b255bd6818810a42c5fed14a,2,44,86,Java/assets/player/base/animations/player_model_up_right_walk_anim.frames,required-per-asset-metadata,review-required; not-authorized-for-deletion
DUP-0834,4ec9599fc203d176a301536c2e091a19bc852759b255bd6818810a42c5fed14a,2,44,86,Java/assets/player/base/animations/player_model_up_walk_anim.frames,required-per-asset-metadata,review-required; not-authorized-for-deletion
DUP-0834,4ec9599fc203d176a301536c2e091a19bc852759b255bd6818810a42c5fed14a,2,44,86,Java/assets/player/classes/cleric/animations/class_cleric_model_down_left_walk_anim.frames,required-per-asset-metadata,review-required; not-authorized-for-deletion
DUP-0834,4ec9599fc203d176a301536c2e091a19bc852759b255bd6818810a42c5fed14a,2,44,86,Java/assets/player/classes/cleric/animations/class_cleric_model_down_right_walk_anim.frames,required-per-asset-metadata,review-required; not-authorized-for-deletion
DUP-0834,4ec9599fc203d176a301536c2e091a19bc852759b255bd6818810a42c5fed14a,2,44,86,Java/assets/player/classes/cleric/animations/class_cleric_model_down_walk_anim.frames,required-per-asset-metadata,review-required; not-authorized-for-deletion
DUP-0834,4ec9599fc203d176a301536c2e091a19bc852759b255bd6818810a42c5fed14a,2,44,86,Java/assets/player/classes/cleric/animations/class_cleric_model_left_walk_anim.frames,required-per-asset-metadata,review-required; not-authorized-for-deletion
DUP-0834,4ec9599fc203d176a301536c2e091a19bc852759b255bd6818810a42c5fed14a,2,44,86,Java/assets/player/classes/cleric/animations/class_cleric_model_right_walk_anim.frames,required-per-asset-metadata,review-required; not-authorized-for-deletion
DUP-0834,4ec9599fc203d176a301536c2e091a19bc852759b255bd6818810a42c5fed14a,2,44,86,Java/assets/player/classes/cleric/animations/class_cleric_model_up_left_walk_anim.frames,required-per-asset-metadata,review-required; not-authorized-for-deletion
DUP-0834,4ec9599fc203d176a301536c2e091a19bc852759b255bd6818810a42c5fed14a,2,44,86,Java/assets/player/classes/cleric/animations/class_cleric_model_up_right_walk_anim.frames,required-per-asset-metadata,review-required; not-authorized-for-deletion
DUP-0834,4ec9599fc203d176a301536c2e091a19bc852759b255bd6818810a42c5fed14a,2,44,86,Java/assets/player/classes/cleric/animations/class_cleric_model_up_walk_anim.frames,required-per-asset-metadata,review-required; not-authorized-for-deletion
DUP-0834,4ec9599fc203d176a301536c2e091a19bc852759b255bd6818810a42c5fed14a,2,44,86,Java/assets/player/classes/knight/animations/class_knight_model_down_left_walk_anim.frames,required-per-asset-metadata,review-required; not-authorized-for-deletion
DUP-0834,4ec9599fc203d176a301536c2e091a19bc852759b255bd6818810a42c5fed14a,2,44,86,Java/assets/player/classes/knight/animations/class_knight_model_down_right_walk_anim.frames,required-per-asset-metadata,review-required; not-authorized-for-deletion
DUP-0834,4ec9599fc203d176a301536c2e091a19bc852759b255bd6818810a42c5fed14a,2,44,86,Java/assets/player/classes/knight/animations/class_knight_model_down_walk_anim.frames,required-per-asset-metadata,review-required; not-authorized-for-deletion
DUP-0834,4ec9599fc203d176a301536c2e091a19bc852759b255bd6818810a42c5fed14a,2,44,86,Java/assets/player/classes/knight/animations/class_knight_model_left_walk_anim.frames,required-per-asset-metadata,review-required; not-authorized-for-deletion
DUP-0834,4ec9599fc203d176a301536c2e091a19bc852759b255bd6818810a42c5fed14a,2,44,86,Java/assets/player/classes/knight/animations/class_knight_model_right_walk_anim.frames,required-per-asset-metadata,review-required; not-authorized-for-deletion
DUP-0834,4ec9599fc203d176a301536c2e091a19bc852759b255bd6818810a42c5fed14a,2,44,86,Java/assets/player/classes/knight/animations/class_knight_model_up_left_walk_anim.frames,required-per-asset-metadata,review-required; not-authorized-for-deletion
DUP-0834,4ec9599fc203d176a301536c2e091a19bc852759b255bd6818810a42c5fed14a,2,44,86,Java/assets/player/classes/knight/animations/class_knight_model_up_right_walk_anim.frames,required-per-asset-metadata,review-required; not-authorized-for-deletion
DUP-0834,4ec9599fc203d176a301536c2e091a19bc852759b255bd6818810a42c5fed14a,2,44,86,Java/assets/player/classes/knight/animations/class_knight_model_up_walk_anim.frames,required-per-asset-metadata,review-required; not-authorized-for-deletion
DUP-0834,4ec9599fc203d176a301536c2e091a19bc852759b255bd6818810a42c5fed14a,2,44,86,Java/assets/player/classes/mage/animations/class_mage_model_down_left_walk_anim.frames,required-per-asset-metadata,review-required; not-authorized-for-deletion
DUP-0834,4ec9599fc203d176a301536c2e091a19bc852759b255bd6818810a42c5fed14a,2,44,86,Java/assets/player/classes/mage/animations/class_mage_model_down_right_walk_anim.frames,required-per-asset-metadata,review-required; not-authorized-for-deletion
DUP-0834,4ec9599fc203d176a301536c2e091a19bc852759b255bd6818810a42c5fed14a,2,44,86,Java/assets/player/classes/mage/animations/class_mage_model_up_left_walk_anim.frames,required-per-asset-metadata,review-required; not-authorized-for-deletion
DUP-0834,4ec9599fc203d176a301536c2e091a19bc852759b255bd6818810a42c5fed14a,2,44,86,Java/assets/player/classes/mage/animations/class_mage_model_up_right_walk_anim.frames,required-per-asset-metadata,review-required; not-authorized-for-deletion
DUP-0834,4ec9599fc203d176a301536c2e091a19bc852759b255bd6818810a42c5fed14a,2,44,86,Java/assets/player/classes/ranger/animations/class_ranger_model_down_left_walk_anim.frames,required-per-asset-metadata,review-required; not-authorized-for-deletion
DUP-0834,4ec9599fc203d176a301536c2e091a19bc852759b255bd6818810a42c5fed14a,2,44,86,Java/assets/player/classes/ranger/animations/class_ranger_model_down_right_walk_anim.frames,required-per-asset-metadata,review-required; not-authorized-for-deletion
DUP-0834,4ec9599fc203d176a301536c2e091a19bc852759b255bd6818810a42c5fed14a,2,44,86,Java/assets/player/classes/ranger/animations/class_ranger_model_down_walk_anim.frames,required-per-asset-metadata,review-required; not-authorized-for-deletion
DUP-0834,4ec9599fc203d176a301536c2e091a19bc852759b255bd6818810a42c5fed14a,2,44,86,Java/assets/player/classes/ranger/animations/class_ranger_model_left_walk_anim.frames,required-per-asset-metadata,review-required; not-authorized-for-deletion
DUP-0834,4ec9599fc203d176a301536c2e091a19bc852759b255bd6818810a42c5fed14a,2,44,86,Java/assets/player/classes/ranger/animations/class_ranger_model_right_walk_anim.frames,required-per-asset-metadata,review-required; not-authorized-for-deletion
DUP-0834,4ec9599fc203d176a301536c2e091a19bc852759b255bd6818810a42c5fed14a,2,44,86,Java/assets/player/classes/ranger/animations/class_ranger_model_up_left_walk_anim.frames,required-per-asset-metadata,review-required; not-authorized-for-deletion
DUP-0834,4ec9599fc203d176a301536c2e091a19bc852759b255bd6818810a42c5fed14a,2,44,86,Java/assets/player/classes/ranger/animations/class_ranger_model_up_right_walk_anim.frames,required-per-asset-metadata,review-required; not-authorized-for-deletion
DUP-0834,4ec9599fc203d176a301536c2e091a19bc852759b255bd6818810a42c5fed14a,2,44,86,Java/assets/player/classes/ranger/animations/class_ranger_model_up_walk_anim.frames,required-per-asset-metadata,review-required; not-authorized-for-deletion
DUP-0834,4ec9599fc203d176a301536c2e091a19bc852759b255bd6818810a42c5fed14a,2,44,86,Java/assets/player/classes/rogue/animations/class_rogue_model_down_left_walk_anim.frames,required-per-asset-metadata,review-required; not-authorized-for-deletion
DUP-0834,4ec9599fc203d176a301536c2e091a19bc852759b255bd6818810a42c5fed14a,2,44,86,Java/assets/player/classes/rogue/animations/class_rogue_model_down_right_walk_anim.frames,required-per-asset-metadata,review-required; not-authorized-for-deletion
DUP-0834,4ec9599fc203d176a301536c2e091a19bc852759b255bd6818810a42c5fed14a,2,44,86,Java/assets/player/classes/rogue/animations/class_rogue_model_down_walk_anim.frames,required-per-asset-metadata,review-required; not-authorized-for-deletion
DUP-0834,4ec9599fc203d176a301536c2e091a19bc852759b255bd6818810a42c5fed14a,2,44,86,Java/assets/player/classes/rogue/animations/class_rogue_model_left_walk_anim.frames,required-per-asset-metadata,review-required; not-authorized-for-deletion
DUP-0834,4ec9599fc203d176a301536c2e091a19bc852759b255bd6818810a42c5fed14a,2,44,86,Java/assets/player/classes/rogue/animations/class_rogue_model_right_walk_anim.frames,required-per-asset-metadata,review-required; not-authorized-for-deletion
DUP-0834,4ec9599fc203d176a301536c2e091a19bc852759b255bd6818810a42c5fed14a,2,44,86,Java/assets/player/classes/rogue/animations/class_rogue_model_up_left_walk_anim.frames,required-per-asset-metadata,review-required; not-authorized-for-deletion
DUP-0834,4ec9599fc203d176a301536c2e091a19bc852759b255bd6818810a42c5fed14a,2,44,86,Java/assets/player/classes/rogue/animations/class_rogue_model_up_right_walk_anim.frames,required-per-asset-metadata,review-required; not-authorized-for-deletion
DUP-0834,4ec9599fc203d176a301536c2e091a19bc852759b255bd6818810a42c5fed14a,2,44,86,Java/assets/player/classes/rogue/animations/class_rogue_model_up_walk_anim.frames,required-per-asset-metadata,review-required; not-authorized-for-deletion
DUP-0835,178f3ded5988cd70a0946d38c824349b0a835262629953d3f23bcc31ef4cc292,66,2,66,asset-review/regional-buildings/SmokeTest.log,review-or-quarantine,review-required; not-authorized-for-deletion
DUP-0835,178f3ded5988cd70a0946d38c824349b0a835262629953d3f23bcc31ef4cc292,66,2,66,asset-review/regions/SmokeTest.log,review-or-quarantine,review-required; not-authorized-for-deletion
DUP-0836,e6c21e8d260fe71882debdb339d2402a2ca7648529bc2303f48649bce0380017,3,14,39,Java/assets/animations/character-refresh/walk-ready-v4/class_cleric_model_right_walk_v4_anim.frames,required-per-asset-metadata,review-required; not-authorized-for-deletion
DUP-0836,e6c21e8d260fe71882debdb339d2402a2ca7648529bc2303f48649bce0380017,3,14,39,Java/assets/animations/character-refresh/walk-ready-v4/class_knight_model_right_walk_v4_anim.frames,required-per-asset-metadata,review-required; not-authorized-for-deletion
DUP-0836,e6c21e8d260fe71882debdb339d2402a2ca7648529bc2303f48649bce0380017,3,14,39,Java/assets/animations/character-refresh/walk-ready-v4/class_mage_model_right_walk_v4_anim.frames,required-per-asset-metadata,review-required; not-authorized-for-deletion
DUP-0836,e6c21e8d260fe71882debdb339d2402a2ca7648529bc2303f48649bce0380017,3,14,39,Java/assets/animations/character-refresh/walk-ready-v4/class_ranger_model_right_walk_v4_anim.frames,required-per-asset-metadata,review-required; not-authorized-for-deletion
DUP-0836,e6c21e8d260fe71882debdb339d2402a2ca7648529bc2303f48649bce0380017,3,14,39,Java/assets/animations/character-refresh/walk-ready-v4/class_rogue_model_right_walk_v4_anim.frames,required-per-asset-metadata,review-required; not-authorized-for-deletion
DUP-0836,e6c21e8d260fe71882debdb339d2402a2ca7648529bc2303f48649bce0380017,3,14,39,Java/assets/animations/character-refresh/walk-ready-v4/npc_aria_model_right_walk_v4_anim.frames,required-per-asset-metadata,review-required; not-authorized-for-deletion
DUP-0836,e6c21e8d260fe71882debdb339d2402a2ca7648529bc2303f48649bce0380017,3,14,39,Java/assets/animations/character-refresh/walk-ready-v4/npc_calder_model_right_walk_v4_anim.frames,required-per-asset-metadata,review-required; not-authorized-for-deletion
DUP-0836,e6c21e8d260fe71882debdb339d2402a2ca7648529bc2303f48649bce0380017,3,14,39,Java/assets/animations/character-refresh/walk-ready-v4/npc_cassia_model_right_walk_v4_anim.frames,required-per-asset-metadata,review-required; not-authorized-for-deletion
DUP-0836,e6c21e8d260fe71882debdb339d2402a2ca7648529bc2303f48649bce0380017,3,14,39,Java/assets/animations/character-refresh/walk-ready-v4/npc_lyra_model_right_walk_v4_anim.frames,required-per-asset-metadata,review-required; not-authorized-for-deletion
DUP-0836,e6c21e8d260fe71882debdb339d2402a2ca7648529bc2303f48649bce0380017,3,14,39,Java/assets/animations/character-refresh/walk-ready-v4/npc_maera_model_right_walk_v4_anim.frames,required-per-asset-metadata,review-required; not-authorized-for-deletion
DUP-0836,e6c21e8d260fe71882debdb339d2402a2ca7648529bc2303f48649bce0380017,3,14,39,Java/assets/animations/character-refresh/walk-ready-v4/npc_rafiq_model_right_walk_v4_anim.frames,required-per-asset-metadata,review-required; not-authorized-for-deletion
DUP-0836,e6c21e8d260fe71882debdb339d2402a2ca7648529bc2303f48649bce0380017,3,14,39,Java/assets/animations/character-refresh/walk-ready-v4/npc_samir_model_right_walk_v4_anim.frames,required-per-asset-metadata,review-required; not-authorized-for-deletion
DUP-0836,e6c21e8d260fe71882debdb339d2402a2ca7648529bc2303f48649bce0380017,3,14,39,Java/assets/animations/character-refresh/walk-ready-v4/npc_seraphine_model_right_walk_v4_anim.frames,required-per-asset-metadata,review-required; not-authorized-for-deletion
DUP-0836,e6c21e8d260fe71882debdb339d2402a2ca7648529bc2303f48649bce0380017,3,14,39,Java/assets/animations/character-refresh/walk-ready-v4/npc_vesper_model_right_walk_v4_anim.frames,required-per-asset-metadata,review-required; not-authorized-for-deletion
DUP-0837,68ca3fba3b7e864770cb61aeb306d4bd4354b68ab4dd38450860c5d823e42a53,3,14,39,Java/assets/animations/character-refresh/ready-v4/class_cleric_combat_v4_cast_anim.frames,required-per-asset-metadata,review-required; not-authorized-for-deletion
DUP-0837,68ca3fba3b7e864770cb61aeb306d4bd4354b68ab4dd38450860c5d823e42a53,3,14,39,Java/assets/animations/character-refresh/ready-v4/class_knight_combat_v4_attack_anim.frames,required-per-asset-metadata,review-required; not-authorized-for-deletion
DUP-0837,68ca3fba3b7e864770cb61aeb306d4bd4354b68ab4dd38450860c5d823e42a53,3,14,39,Java/assets/animations/character-refresh/ready-v4/class_mage_combat_v4_cast_anim.frames,required-per-asset-metadata,review-required; not-authorized-for-deletion
DUP-0837,68ca3fba3b7e864770cb61aeb306d4bd4354b68ab4dd38450860c5d823e42a53,3,14,39,Java/assets/animations/character-refresh/ready-v4/class_ranger_combat_v4_shoot_anim.frames,required-per-asset-metadata,review-required; not-authorized-for-deletion
DUP-0837,68ca3fba3b7e864770cb61aeb306d4bd4354b68ab4dd38450860c5d823e42a53,3,14,39,Java/assets/animations/character-refresh/ready-v4/class_rogue_combat_v4_attack_anim.frames,required-per-asset-metadata,review-required; not-authorized-for-deletion
DUP-0837,68ca3fba3b7e864770cb61aeb306d4bd4354b68ab4dd38450860c5d823e42a53,3,14,39,Java/assets/animations/character-refresh/ready-v4/npc_aria_combat_v4_shoot_anim.frames,required-per-asset-metadata,review-required; not-authorized-for-deletion
DUP-0837,68ca3fba3b7e864770cb61aeb306d4bd4354b68ab4dd38450860c5d823e42a53,3,14,39,Java/assets/animations/character-refresh/ready-v4/npc_calder_combat_v4_attack_anim.frames,required-per-asset-metadata,review-required; not-authorized-for-deletion
DUP-0837,68ca3fba3b7e864770cb61aeb306d4bd4354b68ab4dd38450860c5d823e42a53,3,14,39,Java/assets/animations/character-refresh/ready-v4/npc_cassia_combat_v4_attack_anim.frames,required-per-asset-metadata,review-required; not-authorized-for-deletion
DUP-0837,68ca3fba3b7e864770cb61aeb306d4bd4354b68ab4dd38450860c5d823e42a53,3,14,39,Java/assets/animations/character-refresh/ready-v4/npc_lyra_combat_v4_cast_anim.frames,required-per-asset-metadata,review-required; not-authorized-for-deletion
DUP-0837,68ca3fba3b7e864770cb61aeb306d4bd4354b68ab4dd38450860c5d823e42a53,3,14,39,Java/assets/animations/character-refresh/ready-v4/npc_maera_combat_v4_cast_anim.frames,required-per-asset-metadata,review-required; not-authorized-for-deletion
DUP-0837,68ca3fba3b7e864770cb61aeb306d4bd4354b68ab4dd38450860c5d823e42a53,3,14,39,Java/assets/animations/character-refresh/ready-v4/npc_rafiq_combat_v4_attack_anim.frames,required-per-asset-metadata,review-required; not-authorized-for-deletion
DUP-0837,68ca3fba3b7e864770cb61aeb306d4bd4354b68ab4dd38450860c5d823e42a53,3,14,39,Java/assets/animations/character-refresh/ready-v4/npc_samir_combat_v4_cast_anim.frames,required-per-asset-metadata,review-required; not-authorized-for-deletion
DUP-0837,68ca3fba3b7e864770cb61aeb306d4bd4354b68ab4dd38450860c5d823e42a53,3,14,39,Java/assets/animations/character-refresh/ready-v4/npc_seraphine_combat_v4_attack_anim.frames,required-per-asset-metadata,review-required; not-authorized-for-deletion
DUP-0837,68ca3fba3b7e864770cb61aeb306d4bd4354b68ab4dd38450860c5d823e42a53,3,14,39,Java/assets/animations/character-refresh/ready-v4/npc_vesper_combat_v4_cast_anim.frames,required-per-asset-metadata,review-required; not-authorized-for-deletion
DUP-0838,06e9d52c1720fca412803e3b07c4b228ff113e303f4c7ab94665319d832bbfb7,2,10,18,Java/assets/animations/character-refresh/ready/class_knight_combat_v2_attack_anim.frames,required-per-asset-metadata,review-required; not-authorized-for-deletion
DUP-0838,06e9d52c1720fca412803e3b07c4b228ff113e303f4c7ab94665319d832bbfb7,2,10,18,Java/assets/animations/character-refresh/ready/class_mage_combat_v2_cast_anim.frames,required-per-asset-metadata,review-required; not-authorized-for-deletion
DUP-0838,06e9d52c1720fca412803e3b07c4b228ff113e303f4c7ab94665319d832bbfb7,2,10,18,Java/assets/animations/character-refresh/ready/npc_aria_combat_v2_shoot_anim.frames,required-per-asset-metadata,review-required; not-authorized-for-deletion
DUP-0838,06e9d52c1720fca412803e3b07c4b228ff113e303f4c7ab94665319d832bbfb7,2,10,18,Java/assets/monsters/animations/skeleton_attack_anim.frames,required-per-asset-metadata,review-required; not-authorized-for-deletion
DUP-0838,06e9d52c1720fca412803e3b07c4b228ff113e303f4c7ab94665319d832bbfb7,2,10,18,Java/assets/monsters/animations/spider_attack_anim.frames,required-per-asset-metadata,review-required; not-authorized-for-deletion
DUP-0838,06e9d52c1720fca412803e3b07c4b228ff113e303f4c7ab94665319d832bbfb7,2,10,18,Java/assets/npcs/animations/npc_baker_model_down_knead_anim.frames,required-per-asset-metadata,review-required; not-authorized-for-deletion
DUP-0838,06e9d52c1720fca412803e3b07c4b228ff113e303f4c7ab94665319d832bbfb7,2,10,18,asset-review/2026-09-22-monsters/viewport-fixture/test_attack_anim.frames,required-per-asset-metadata,review-required; not-authorized-for-deletion
DUP-0838,06e9d52c1720fca412803e3b07c4b228ff113e303f4c7ab94665319d832bbfb7,2,10,18,asset-review/2026-09-22-npcs/before/Java/assets/npcs/animations/npc_baker_model_down_knead_anim.frames,required-per-asset-metadata,review-required; not-authorized-for-deletion
DUP-0838,06e9d52c1720fca412803e3b07c4b228ff113e303f4c7ab94665319d832bbfb7,2,10,18,asset-review/2026-09-22-npcs/before/Java/assets/npcs/animations/npc_blacksmith_model_down_hammer_anim.frames,required-per-asset-metadata,review-required; not-authorized-for-deletion
DUP-0838,06e9d52c1720fca412803e3b07c4b228ff113e303f4c7ab94665319d832bbfb7,2,10,18,asset-review/2026-09-22-npcs/before/Java/assets/npcs/animations/npc_merchant_model_down_inspect_anim.frames,required-per-asset-metadata,review-required; not-authorized-for-deletion
DUP-0839,f2bf6cb915ec521520920f625e9a641f22bae7808a5f5db7867c431c1a79440f,4,4,12,Java/assets/player/classes/mage/animations/class_mage_model_down_walk_anim.frames,required-per-asset-metadata,review-required; not-authorized-for-deletion
DUP-0839,f2bf6cb915ec521520920f625e9a641f22bae7808a5f5db7867c431c1a79440f,4,4,12,Java/assets/player/classes/mage/animations/class_mage_model_left_walk_anim.frames,required-per-asset-metadata,review-required; not-authorized-for-deletion
DUP-0839,f2bf6cb915ec521520920f625e9a641f22bae7808a5f5db7867c431c1a79440f,4,4,12,Java/assets/player/classes/mage/animations/class_mage_model_right_walk_anim.frames,required-per-asset-metadata,review-required; not-authorized-for-deletion
DUP-0839,f2bf6cb915ec521520920f625e9a641f22bae7808a5f5db7867c431c1a79440f,4,4,12,Java/assets/player/classes/mage/animations/class_mage_model_up_walk_anim.frames,required-per-asset-metadata,review-required; not-authorized-for-deletion
